tabc_permit_number,location_number,taxpayer_number,location_name,location_address,location_city,location_zip,location_county,naics,format,lon,lat,area_id,hub,subsection,cluster,distance_mi,zip5,area_method,venue_id
MB105869998,1,32067522659,PIZZA CASA NOSTRA,21209 STATE HIGHWAY 71 W,SPICEWOOD,78669,227,,unclassified,,,,,,,,78669,,MB105869998|1
MB106021655,1,32061688670,EL POLLO RICO #9,2004 N BELL BLVD,CEDAR PARK,78613,246,722513,fast_casual,,,,,,Cedar Park / Leander,,78613,,MB106021655|1
MB1104309,1,32069895293,GET ALONG GRILL,333 E HIGHWAY 290 STE 437,DRIPPING SPRINGS,78620,105,,unclassified,,,,,,Hays County,,78620,,MB1104309|1
MB200045921,2,32080667895,LLAMA KID,4620 E CESAR CHAVEZ ST,AUSTIN,78702,227,,unclassified,-97.704051,30.251897,off_govalle_johnston_terrace,,,Govalle/Johnston Terrace,4.4,78702,,MB200045921|2
MB617990,6,17430007959,CHISPAS,214 W 4TH ST,AUSTIN,78701,227,,unclassified,-97.745493,30.266769,dt_2nd_warehouse,2nd Street / Warehouse,,,3.67,78701,,MB617990|6
MB628788,1,12044329824,LAKE AUSTIN SPA,1705 S QUINLAN PARK RD,AUSTIN,78732,227,,unclassified,-97.926887,30.327618,,,,Austin: Northwest,12.32,78732,,MB628788|1
MB722690,1,32038917491,MILAGRO'S,9595 RANCH ROAD 12 STE 12,WIMBERLEY,78676,105,,unclassified,,,,,,Hays County,,78676,,MB722690|1
MB765486,1,32042645997,"FARACE BEVERAGES, LLC",310 WILLIE NELSON BLVD,AUSTIN,78701,227,,unclassified,,,dt_core,Downtown,,,,78701,zip_majority,MB765486|1
MB785530,1,17529327292,QUICKSAND @ WOODCREEK COUNTRY CLUB,1 PRO LN,WIMBERLEY,78676,105,,unclassified,,,,,,Hays County,,78676,,MB785530|1
MB788035,1,32044678475,GOURMANDS,2316 WEBBERVILLE RD,AUSTIN,78702,227,,unclassified,-97.715396,30.262426,east_6th_7th,East Austin,East 6th / 7th,,4.35,78702,,MB788035|1
MB880495,9,17427183243,GEORGE'S ON THE TOWN,708 S INTERSTATE 35,GEORGETOWN,78628,246,,unclassified,,,,,,Round Rock / Georgetown,,78628,,MB880495|9
MB902533,1,32053211291,"GELATERIA GEMELLI, LLC",1009 E 6TH ST,AUSTIN,78702,227,,unclassified,-97.73222,30.264977,east_6th_7th,East Austin,East 6th / 7th,,3.89,78702,,MB902533|1
MB937370,2,32042645997,"FARACE BEVERAGES, LLC",310 W 2ND ST STE 1A,AUSTIN,78701,227,,unclassified,-97.747028,30.265119,dt_2nd_warehouse,2nd Street / Warehouse,,,3.53,78701,,MB937370|2
RM1117249,1,32076249989,STUFF'EM,1202 FM 685 STE B5-6,PFLUGERVILLE,78660,227,,unclassified,,,,,,Pflugerville / Manor,,78660,,RM1117249|1
D 847840,3,32047636173,"REMINGTON FAMILY DISTILLERS, INC.",252 FROG POND LN UNIT A,DRIPPING SPRINGS,78620,105,,unclassified,,,,,,Hays County,,78620,,D 847840|3
MB1013416,2,32044484619,PETITE MAISON,1805 S 1ST ST,AUSTIN,78704,227,,unclassified,-97.755983,30.247193,slamar,South Lamar,,,2.19,78704,,MB1013416|2
MB106001437,1,32068419327,SMOKEY CREEK,910 ROUND ROCK AVE,ROUND ROCK,78681,246,,unclassified,,,,,,Round Rock / Georgetown,,78681,,MB106001437|1
MB106079435,1,32057608435,ROADRUNNERS,235 SPORTS PARK RD,DRIPPING SPRINGS,78620,105,,unclassified,,,,,,Hays County,,78620,,MB106079435|1
MB106208998,2,32069913476,LAKEWAY'S SPEAKEASY AND CIGAR BAR,1310 RANCH ROAD 620 S STE A12,LAKEWAY,78734,227,,unclassified,,,,,,Westlake / Lakeway,,78734,,MB106208998|2
MB106953456,2,32075787120,DORZON INTERNATIONAL LOUNGE LLC,12636 RESEARCH BLVD STE B101,AUSTIN,78759,227,,unclassified,-97.764814,30.431467,,,,Austin: Northwest,14.85,78759,,MB106953456|2
MB1108188,2,32067041502,"DIZFRUTA ATX, LLC",8201 CROSS PARK DR STE B2,AUSTIN,78754,227,,unclassified,-97.66729,30.329992,,,,Austin: Northeast,9.78,78754,,MB1108188|2
MB1110372,1,32076333791,ONE-2-ONE BAR,1509 S LAMAR BLVD STE 600,AUSTIN,78704,227,,unclassified,-97.764456,30.251997,slamar,South Lamar,,,2.45,78704,,MB1110372|1
MB1127967,1,32078781476,RADISSON HOTEL AUSTIN,6121 N INTERSTATE 35,AUSTIN,78752,227,,unclassified,-97.707263,30.323722,off_st_john_coronado_hills,,,St. John Coronado Hills,8.18,78752,,MB1127967|1
MB200039914,83,12602625282,FREEBIRDS WORLD BURRITOS,12680 W HIGHWAY 290 STE 230,AUSTIN,78737,105,,unclassified,,,,,,Austin: Southwest,,78737,,MB200039914|83
MB530218,23,17519750495,"PREMIER HOSPITALITY, INC.",1701 RED RIVER ST,AUSTIN,78712,227,722511,casual_full_service,-97.733016,30.277768,dt_core,Downtown,,,4.65,78712,,MB530218|23
MB780271,1,32058388987,FAST EDDIES,13945 N HIGHWAY 183 STE D122,AUSTIN,78717,246,,unclassified,,,,,,Austin: Northwest,,78717,,MB780271|1
MB861105,1,32058457642,LITTLE WOODROWS,5425 BURNET RD,AUSTIN,78756,227,,unclassified,-97.739808,30.329066,off_allandale,,,Allandale,7.92,78756,,MB861105|1
MB866550,1,32052641175,"INDIAN ROLLER, LLC",10006 MANCHACA RD,AUSTIN,78748,227,,unclassified,,,,,,Austin: Far South,,78748,,MB866550|1
MB911431,1,32049885919,SLAKE CAFE,120 E 7TH ST,AUSTIN,78701,227,,unclassified,-97.741182,30.268626,dt_core,Downtown,,,3.88,78701,,MB911431|1
MB928551,11,32056468880,ARBOR 8 @ GREAT HILLS,9828 GREAT HILLS TRL,AUSTIN,78759,227,722310,catering_contract,-97.748327,30.394174,,,,Austin: Northwest,12.31,78759,,MB928551|11
D 1082453,1,32071437696,AUSTIN EASTCIDERS TAPROOM II,1530 BARTON SPRINGS RD,AUSTIN,78704,227,,unclassified,-97.761405,30.261863,off_barton_hills_galindo_south_lamar_zilker,,,Barton Hills / Galindo / South Lamar / Zilker,3.14,78704,,D 1082453|1
D 200080112,1,32086022558,TEXAS TIED HOUSE,506 CATTLE TRAIL DR,DRIPPING SPRINGS,78620,105,,unclassified,,,,,,Hays County,,78620,,D 200080112|1
MB101657040,109,17519750495,"PREMIER HOSPITALITY, INC. @ SCHWAB",2309 GRACY FARMS LN # A,AUSTIN,78758,227,722511,casual_full_service,-97.708612,30.402168,off_north_burnet_gateway,,,North Burnet/Gateway,13.26,78758,,MB101657040|109
MB1045480,1,32069325606,CHARM BBQ CHICKEN,12233 RANCH ROAD 620 N STE 104,AUSTIN,78750,246,,unclassified,,,,,,Austin: Northwest,,78750,,MB1045480|1
MB1112605,2,12041788253,HOTEL VIATA,320 S CAPITAL OF TEXAS HWY BLDG B,AUSTIN,78746,227,,unclassified,,,,,,Westlake / Lakeway,,78746,,MB1112605|2
MB200045788,1,32081596168,AUSTIN MOTOCROSS PARK,14600 PEARCE LN,DEL VALLE,78617,227,,unclassified,,,,,,Austin: Southeast / Del Valle,,78617,,MB200045788|1
MB200061329,1,32082769954,DELUCCA GAUCHO PIZZA & WINE,4200B W BRAKER LN,AUSTIN,78759,227,,unclassified,-97.739293,30.398964,off_north_burnet_gateway,,,North Burnet/Gateway,12.7,78759,,MB200061329|1
MB200068337,1,32083628373,WOODY'S PIZZA,6301 W PARMER LN STE 502,AUSTIN,78729,227,,unclassified,-97.743946,30.446506,,,,Austin: North,15.94,78729,,MB200068337|1
MB200070310,2,32043190498,POCHA IS BACK,6808 N LAMAR BLVD STE B110,AUSTIN,78752,227,,unclassified,-97.720016,30.335951,off_brentwood_highland,,,Brentwood/Highland,8.68,78752,,MB200070310|2
MB526186,2,18105671657,COURTYARD BY MARRIOTT AUSTIN-UNIVERSITY AREA,5660 N INTERSTATE 35,AUSTIN,78751,227,,unclassified,-97.707691,30.316825,off_north_loop,,,North Loop,7.73,78751,,MB526186|2
MB576156,1,32015733754,FARA CAFE #1,3600 PRESIDENTIAL BLVD STE 114,AUSTIN,78719,227,722513,fast_casual,-97.666989,30.202629,,,,Austin: Southeast / Del Valle,5.95,78719,,MB576156|1
MB672998,1,12605582381,FOGO DE CHAO,309 E 3RD ST,AUSTIN,78701,227,,unclassified,-97.741411,30.264552,dt_core,Downtown,,,3.61,78701,,MB672998|1
MB902108,6,32033405310,AUSTIN JAVA,3799 E HIGHWAY 290,DRIPPING SPRINGS,78620,105,,unclassified,,,,,,Hays County,,78620,,MB902108|6
MB925256,1,32057586896,EMBASSY SUITES AUSTIN CENTRAL,5901 N INTERSTATE 35,AUSTIN,78723,227,,unclassified,-97.706669,30.320142,off_university_hills_and_windsor_park,,,University Hills And Windsor Park,7.97,78723,,MB925256|1
NE409758,1,17460487568,LOYAL ORDER OF MOOSE LODGE #1735,2103 E M FRANKLIN AVE,AUSTIN,78723,227,,unclassified,-97.697385,30.286579,off_east_mlk,,,East MLK,6.31,78723,,NE409758|1
RM1051983,1,32069831157,XCHANGE NIGHTLIFE INC,115 W 2ND ST,TAYLOR,76574,246,,unclassified,,,,,,Round Rock / Georgetown,,76574,,RM1051983|1
MB1044875,1,32063824430,RAINEY STREET BURGERS,51 RAINEY ST APT 140A,AUSTIN,78701,227,,unclassified,-97.739404,30.257171,dt_rainey,Rainey Street,,,3.2,78701,,MB1044875|1
MB105150714,1,32058171235,HYATT PLACE AUSTIN/ROUND ROCK,420 SUNDANCE PKWY,ROUND ROCK,78681,246,,unclassified,,,,,,Round Rock / Georgetown,,78681,,MB105150714|1
MB105490246,1,32064813523,LEGENDS,101 E MAIN ST,ROUND ROCK,78664,246,,unclassified,,,,,,Round Rock / Georgetown,,78664,,MB105490246|1
MB105533831,1,32059021066,ROSEWOOD,1209 ROSEWOOD AVE,AUSTIN,78702,227,,unclassified,-97.726554,30.268476,east_12th,East Austin,East 12th and north,,4.27,78702,,MB105533831|1
MB106153448,1,32058621015,1850 BAR AND GRILL,1850 S LAKELINE BLVD STE 200,CEDAR PARK,78613,246,,unclassified,,,,,,Cedar Park / Leander,,78613,,MB106153448|1
MB1095644,2,32053692029,MOODY'S KITCHEN AND BAR,2530 GUADALUPE ST,AUSTIN,78705,227,,unclassified,-97.741342,30.289991,off_ut,,,UT,5.27,78705,,MB1095644|2
MB1101928,1,32075555568,UNCLE NICKY'S,1123 E 11TH ST,AUSTIN,78702,227,,unclassified,-97.728182,30.268813,east_12th,East Austin,East 12th and north,,4.24,78702,,MB1101928|1
MB162661,1,17422883433,MANUEL'S,310 CONGRESS AVE,AUSTIN,78701,227,,unclassified,-97.743738,30.265604,dt_2nd_warehouse,2nd Street / Warehouse,,,3.63,78701,,MB162661|1
MB200051071,1,32082875611,8-BIT PIZZA,2026 S LAMAR BLVD,AUSTIN,78704,227,,unclassified,-97.768661,30.248847,slamar,South Lamar,,,2.24,78704,,MB200051071|1
MB722393,1,32011300103,ABEL'S ON THE LAKE,3825 LAKE AUSTIN BLVD STE 201,AUSTIN,78703,227,,unclassified,-97.783808,30.296051,off_central_west_austin,,,Central West Austin,5.6,78703,,MB722393|1
MB726535,1,12635924025,SUSHI ZUSHI,1611 W 5TH ST,AUSTIN,78703,227,,unclassified,-97.763946,30.274181,off_old_west_austin,,,Old West Austin,3.98,78703,,MB726535|1
MB742467,1,32040649702,SUSHI ZUSHI,3221 FEATHERGRASS CT,AUSTIN,78758,227,,unclassified,-97.727768,30.394964,off_north_burnet_gateway,,,North Burnet/Gateway,12.53,78758,,MB742467|1
MB773342,1,32042170939,THE PARK @ THE DOMAIN/SOMERSAULT,11601 DOMAIN DR STE 200,AUSTIN,78758,227,,unclassified,-97.723991,30.402926,off_north_burnet_gateway,,,North Burnet/Gateway,13.11,78758,,MB773342|1
MB812166,1,32047727212,BUCKSHOT,422 E 6TH ST,AUSTIN,78701,227,,unclassified,-97.738345,30.266811,dt_core,Downtown,,,3.83,78701,,MB812166|1
MB841883,1,32048162666,BARLATA,1500 S LAMAR BLVD STE 150,AUSTIN,78704,227,,unclassified,-97.764396,30.252067,slamar,South Lamar,,,2.45,78704,,MB841883|1
MB954409,2,32053462712,PITCHFORK PRETTY,2708 E CESAR CHAVEZ ST,AUSTIN,78702,227,,unclassified,-97.7138,30.253332,east_holly_ecc,East Austin,Holly / East Cesar Chavez,,3.99,78702,,MB954409|2
MB969463,1,32058654453,MARSHALL'S TAVERN #3,13125 POND SPRINGS RD STE 104,AUSTIN,78729,246,,unclassified,-97.776153,30.443642,,,,Austin: North,15.7,78729,,MB969463|1
MB1068248,1,32071689304,REINA,78 RAINEY ST,AUSTIN,78701,227,,unclassified,-97.738619,30.259264,dt_rainey,Rainey Street,,,3.35,78701,,MB1068248|1
MB1081868,1,32066236608,MARSHALL'S TAVERN #2,1119 N MAIN ST,TAYLOR,76574,246,,unclassified,,,,,,Round Rock / Georgetown,,76574,,MB1081868|1
MB1117181,1,32069469560,LALA'S,108 S FRONT ST,KYLE,78640,105,,unclassified,,,,,,Hays County,,78640,,MB1117181|1
MB1117651,1,32075454473,ABBY'S CRAB SHACK,9900 S INTERSTATE 35 STE M200,AUSTIN,78748,227,,unclassified,-97.790896,30.156653,,,,Austin: Far South,4.41,78748,,MB1117651|1
MB1117883,1,32076328148,EL COCO PIRATA,8300 N FM 620 RD STE M100,AUSTIN,78726,227,,unclassified,-97.84524,30.421315,,,,Austin: Northwest,14.93,78726,,MB1117883|1
MB469640,1,17605858533,TRULUCK'S SEAFOOD STEAK AND CRAB HOUSE,400 COLORADO ST,AUSTIN,78701,227,,unclassified,-97.744819,30.266574,dt_2nd_warehouse,2nd Street / Warehouse,,,3.67,78701,,MB469640|1
MB579923,2,19001558931,THE GRAY HORSE,1904 RANCH ROAD 12 STE 107,SAN MARCOS,78666,105,,unclassified,,,,,,Hays County,,78666,,MB579923|2
MB838879,1,32049795795,AMERICAN GRILL AT THE HOLLOWS,7301 MARITIME PASS,JONESTOWN,78645,227,,unclassified,,,,,,Cedar Park / Leander,,78645,,MB838879|1
MB841910,3,32040709712,EL SAPO BOTANAS Y BURGERS,1809 MANOR RD,AUSTIN,78722,227,722511,casual_full_service,-97.722725,30.283711,east_manor,East Austin,Manor Road,,5.29,78722,,MB841910|3
MB926292,1,32057566963,GRACELAND GROCERY,8600 HIGHWAY 290 W # B,AUSTIN,78736,227,,unclassified,,,,,,Austin: Southwest,,78736,,MB926292|1
MB936067,3,32057692074,Z'TEJAS,1110 W 6TH ST,AUSTIN,78703,227,,unclassified,-97.755935,30.272304,off_old_west_austin,,,Old West Austin,3.89,78703,,MB936067|3
RM1075133,1,32071956521,THE GRILLE AT HIGHLAND LAKES,20552 HIGHLAND LAKE DR,LAGO VISTA,78645,227,722511,casual_full_service,,,,,,Cedar Park / Leander,,78645,,RM1075133|1
D 1003604,2,32063850930,THORN DISTILLERY,4717 PRIEM LN UNIT 901-902,PFLUGERVILLE,78660,227,,unclassified,,,,,,Pflugerville / Manor,,78660,,D 1003604|2
D 104959947,1,32054668093,"TWEAKED DISTILLING, LLC",11101 W HIGHWAY 290 BLDG 2,AUSTIN,78737,227,,unclassified,,,,,,Austin: Southwest,,78737,,D 104959947|1
MB103571060,1,32049886024,NORTH DOOR,501 N INTERSTATE 35,AUSTIN,78702,227,,unclassified,-97.73447,30.264676,east_holly_ecc,East Austin,Holly / East Cesar Chavez,,3.8,78702,,MB103571060|1
MB1053050,1,32068610792,SOPHIE'S RESTAURANT,6001 W PARMER LN STE 440,AUSTIN,78727,227,,unclassified,-97.740923,30.441373,,,,Austin: North,15.6,78727,,MB1053050|1
MB105563473,25,19108474867,RED ROBIN,5601 BRODIE LN,SUNSET VALLEY,78745,227,,unclassified,,,,,,Westlake / Lakeway,,78745,,MB105563473|25
MB105662686,3,32071535499,H BAR,10001 N CAPITAL OF TEXAS HWY,AUSTIN,78759,227,,unclassified,,,,,,Austin: Northwest,,78759,,MB105662686|3
MB1064252,1,32070752715,LAST CHANCE BAR & DANCEHALL,12013 W HIGHWAY 290,AUSTIN,78737,227,,unclassified,,,,,,Austin: Southwest,,78737,,MB1064252|1
MB1121689,3,32075721038,SOUTH CONGRESS CAFE,1600 S CONGRESS AVE,AUSTIN,78704,227,,unclassified,-97.750278,30.247951,soco,South Congress,,,2.35,78704,,MB1121689|3
MB1121890,4,32075721038,TRUDY'S TEXAS STAR,409 W 30TH ST,AUSTIN,78705,227,,unclassified,-97.740499,30.295748,off_central_austin,,,Central Austin,5.67,78705,,MB1121890|4
MB1122145,1,18611271083,BELUGA JAPANESE RESTAURANT,661 LOUIS HENNA BLVD STE 300,ROUND ROCK,78664,246,,unclassified,,,,,,Round Rock / Georgetown,,78664,,MB1122145|1
MB1128062,1,32079508050,LEVY AT COTA,9201 CIRCUIT OF THE AMERICAS BLVD,DEL VALLE,78617,227,,unclassified,,,,,,Austin: Southeast / Del Valle,,78617,,MB1128062|1
MB200044839,1,32079419043,THE WHISKEY ROOM,113 E PECAN ST,PFLUGERVILLE,78660,227,,unclassified,,,,,,Pflugerville / Manor,,78660,,MB200044839|1
MB200046611,1,32081628540,ORIGIN AUSTIN,1825 MCBEE ST,AUSTIN,78723,227,,unclassified,,,off_rmma,,,RMMA,,78723,zip_majority,MB200046611|1
MB222039,1,17425963323,CAIN & ABEL'S,2313 RIO GRANDE ST,AUSTIN,78705,227,,unclassified,-97.744712,30.287674,off_central_austin,,,Central Austin,5.07,78705,,MB222039|1
MB705279,5,32034917073,WORD OF MOUTH CATERING,5002 BURLESON RD,AUSTIN,78744,227,,unclassified,-97.728793,30.211367,off_southeast,,,Southeast,2.21,78744,,MB705279|5
MB785205,1,32038419472,KING NOODLE,500 CYPRESS CREEK RD STE 100,CEDAR PARK,78613,246,,unclassified,,,,,,Cedar Park / Leander,,78613,,MB785205|1
MB998307,1,32062854172,COOKBOOK,710 W CESAR CHAVEZ ST,AUSTIN,78701,227,,unclassified,-97.752266,30.265614,dt_2nd_warehouse,2nd Street / Warehouse,,,3.48,78701,,MB998307|1
MB1028251,1,32067386204,HAPPY CHICKS,360 NUECES ST STE 20,AUSTIN,78701,227,,unclassified,-97.749168,30.267712,dt_2nd_warehouse,2nd Street / Warehouse,,,3.66,78701,,MB1028251|1
MB106174635,3,32039907699,G'RAJ MAHAL,1816 S 1ST ST,AUSTIN,78704,227,,unclassified,-97.756316,30.246621,slamar,South Lamar,,,2.15,78704,,MB106174635|3
MB106249603,1,32053008564,AUSTIN TERRIER,3435 GREYSTONE DR STE 112,AUSTIN,78731,227,,unclassified,-97.748138,30.357466,,,,Austin: Northwest,9.79,78731,,MB106249603|1
MB1070000,1,32065990056,ANJAPPAR INDIAN CUISINE AND BAR,12233 RANCH ROAD 620 N STE 205,AUSTIN,78750,246,,unclassified,,,,,,Austin: Northwest,,78750,,MB1070000|1
MB1123620,1,32078089284,ROLLING ROOSTER 2,11416 N FM 620 RD STE F,AUSTIN,78726,227,,unclassified,-97.828451,30.452953,,,,Austin: Northwest,16.76,78726,,MB1123620|1
MB1127089,1,32079781582,PANTHEON LOUNGE & NIGHTCLUB,1115 OLD BASTROP HWY,AUSTIN,78742,227,,unclassified,,,,,,,,78742,,MB1127089|1
MB119751,4,32010743238,LA FRUTA FELIZ,3124 MANOR RD,AUSTIN,78723,227,,unclassified,-97.704206,30.286658,east_manor,East Austin,Manor Road,,6.06,78723,,MB119751|4
MB200064415,1,32084315558,LAKEWAY'S SPEAKEASY & CIGAR BAR,1310 RANCH ROAD 620 S STE A12,LAKEWAY,78734,227,,unclassified,,,,,,Westlake / Lakeway,,78734,,MB200064415|1
MB200066900,1,32082881940,BBQ RAMEN TATSU-YA LLC,2027 ANCHOR LN,AUSTIN,78723,227,,unclassified,-97.703762,30.288668,off_rmma,,,RMMA,6.19,78723,,MB200066900|1
MB200067360,2,32081608831,ELLERA AT FLAT CREEK,24912 TRAVIS PEAK TRL,MARBLE FALLS,78654,227,,unclassified,,,,,,,,78654,,MB200067360|2
MB729134,1,32039539187,BBGS / HAPPY CHICKS / J STEVENS,214 E 6TH ST STE A&B,AUSTIN,78701,227,,unclassified,-97.740805,30.267513,dt_core,Downtown,,,3.81,78701,,MB729134|1
MB937758,3,32050706848,FUZZY'S TACO SHOP,401 E WHITESTONE BLVD STE A108,CEDAR PARK,78613,246,,unclassified,,,,,,Cedar Park / Leander,,78613,,MB937758|3
MB989511,2,32057970207,DECKHAND OYSTER BAR & SEAFOOD 2,4211 S LAMAR BLVD STE C1,AUSTIN,78704,227,,unclassified,,,slamar,South Lamar,,,,78704,zip_majority,MB989511|2
MB106322630,1,32070727337,VALHALLA EXPORTS LOUNGE,710 W 6TH ST STE B,AUSTIN,78701,227,,unclassified,-97.750063,30.270126,dt_2nd_warehouse,2nd Street / Warehouse,,,3.81,78701,,MB106322630|1
MB1085973,2,32073120365,"DOS MARY'S TEX-MEX BAR & GRILL, LLC",11620 RANCH ROAD 620 N,AUSTIN,78750,246,,unclassified,,,,,,Austin: Northwest,,78750,,MB1085973|2
MB609412,4,17425638164,BOMBAY BISTRO,4200 S LAMAR BLVD STE 300,AUSTIN,78704,227,,unclassified,,,slamar,South Lamar,,,,78704,zip_majority,MB609412|4
MB648632,13,12701315454,STORE#30-VARSITY,2324 GUADALUPE ST # 26,AUSTIN,78705,227,,unclassified,-97.741632,30.287041,off_central_austin,,,Central Austin,5.07,78705,,MB648632|13
MB846528,1,32050439085,LUCY'S FRIED CHICKEN,5408 BURNET RD,AUSTIN,78756,227,,unclassified,-97.739767,30.328419,off_allandale,,,Allandale,7.88,78756,,MB846528|1
MB858876,91,17428744522,FUDDRUCKERS #3356,12815 SHOPS PKWY STE 100,BEE CAVE,78738,227,,unclassified,,,,,,Westlake / Lakeway,,78738,,MB858876|91
MB914353,1,32055520947,PROOF & COOPER,18800 HAMILTON POOL RD,DRIPPING SPRINGS,78620,227,,unclassified,,,,,,Hays County,,78620,,MB914353|1
MB921829,1,32052865295,THE DOGWOOD DOMAIN,11420 ROCK ROSE AVE STE 700,AUSTIN,78758,227,,unclassified,-97.723055,30.400404,off_north_burnet_gateway,,,North Burnet/Gateway,12.95,78758,,MB921829|1
MB1122109,3,32057636550,HILTON GARDEN INN AUSTIN UNIVERSITY CAPITOL DISTRI,301 W 17TH ST,AUSTIN,78701,227,722511,casual_full_service,-97.741273,30.27949,dt_core,Downtown,,,4.58,78701,,MB1122109|3
MB1129465,1,32078527820,LAS PALAPAS,7409 N FM 620 RD,AUSTIN,78726,227,,unclassified,-97.852419,30.406745,,,,Austin: Northwest,14.13,78726,,MB1129465|1
MB200040221,1,32075087935,OTSU JAPANESE CUISINE,407 S STAGECOACH TRL STE 101,SAN MARCOS,78666,105,,unclassified,,,,,,Hays County,,78666,,MB200040221|1
MB200042402,1,32081466784,"HAPPY POCHA, INC",9200 N LAMAR BLVD STE 101,AUSTIN,78753,227,,unclassified,-97.698092,30.361123,off_north_austin_civic_association,,,North Austin Civic Association,10.76,78753,,MB200042402|1
MB632005,1,12046550096,HYDE PARK BAR & GRILL WESTGATE,4521 W GATE BLVD,AUSTIN,78745,227,,unclassified,-97.800549,30.23156,off_south_austin,,,South Austin,2.34,78745,,MB632005|1
MB895428,2,32043636177,ITALIC,123 W 6TH ST,AUSTIN,78701,227,,unclassified,-97.743901,30.268359,dt_2nd_warehouse,2nd Street / Warehouse,,,3.8,78701,,MB895428|2
MB992708,5,10436317027,WILDER WOOD,1300 E 7TH ST,AUSTIN,78702,227,,unclassified,-97.728889,30.26495,east_6th_7th,East Austin,East 6th / 7th,,3.99,78702,,MB992708|5
MB105673955,1,32066181424,FOGUEIRA GAUCHA,2000 S INTERSTATE 35 STE D1,ROUND ROCK,78681,246,,unclassified,,,,,,Round Rock / Georgetown,,78681,,MB105673955|1
MB1074109,1,32070869253,MANGO TANGO,114 E 7TH ST STE 116,GEORGETOWN,78626,246,722511,casual_full_service,,,,,,Round Rock / Georgetown,,78626,,MB1074109|1
MB200063244,1,32085114489,BLADE AND TIMBER,3005 S LAMAR BLVD STE 110-A,AUSTIN,78704,227,,unclassified,-97.783983,30.242455,slamar,South Lamar,,,2.11,78704,,MB200063244|1
MB608412,3,17424213068,BABY ACAPULCO RESTAURANT #3,5610 N INTERSTATE 35,AUSTIN,78751,227,722511,casual_full_service,-97.707823,30.315998,off_north_loop,,,North Loop,7.68,78751,,MB608412|3
MB615074,1,32053645399,LOS JALISCIENCES #3,6903 AIRPORT BLVD,AUSTIN,78752,227,,unclassified,-97.717709,30.335462,off_brentwood_highland,,,Brentwood/Highland,8.69,78752,,MB615074|1
MB629043,2,12035132393,CANTINA LAREDO RESTAURANT #303,201 W 3RD ST,AUSTIN,78701,227,722511,casual_full_service,-97.745183,30.265613,dt_2nd_warehouse,2nd Street / Warehouse,,,3.6,78701,,MB629043|2
MB750447,1,32039395531,THE DOGWOOD,715 W 6TH ST,AUSTIN,78701,227,,unclassified,-97.750328,30.270214,dt_2nd_warehouse,2nd Street / Warehouse,,,3.81,78701,,MB750447|1
NT200109355,4,17426488031,ACL MUSIC FESTIVAL/PLATINUM LOUNGE,2100 BARTON SPRINGS RD,AUSTIN,78704,227,,unclassified,-97.767314,30.26594,off_barton_hills_galindo_south_lamar_zilker,,,Barton Hills / Galindo / South Lamar / Zilker,3.41,78704,,NT200109355|4
D 947566,3,17429758075,RUM CENTRAL,13100 N US HIGHWAY 183,FLORENCE,76527,246,,unclassified,,,,,,,,76527,,D 947566|3
MB100112020,5,17427050780,WLS BEVERAGE COMPANY/COURTYARD-NW,9409 STONELAKE BLVD,AUSTIN,78759,227,722410,bar,-97.739428,30.385838,off_north_burnet_gateway,,,North Burnet/Gateway,11.8,78759,,MB100112020|5
MB105272252,22,17416113326,"CATERING BY ROSEMARY, INC.",3504 E 4TH ST STE AB&C,AUSTIN,78702,227,,unclassified,-97.703736,30.253027,off_govalle_johnston_terrace,,,Govalle/Johnston Terrace,4.46,78702,,MB105272252|22
MB106378531,2,32064187530,DROPKICK COCKTAIL BAR & KITCHEN,1630 E 6TH ST STE 100,AUSTIN,78702,227,722511,casual_full_service,-97.725256,30.262635,east_6th_7th,East Austin,East 6th / 7th,,3.98,78702,,MB106378531|2
MB1079463,1,32069337171,LE VACHER,136 DRIFTING WIND RUN STE 101,DRIPPING SPRINGS,78620,105,,unclassified,,,,,,Hays County,,78620,,MB1079463|1
MB200035066,1,32079734490,R19 TAQUERIA,2422 RANCH ROAD 620 S STE A120,LAKEWAY,78738,227,,unclassified,,,,,,Westlake / Lakeway,,78738,,MB200035066|1
MB200035532,3,32061371616,ANCHOR BAR,1400 AQUARENA SPRINGS DR,SAN MARCOS,78666,105,722511,casual_full_service,,,,,,Hays County,,78666,,MB200035532|3
MB200065327,3,32079820604,FISHTALES CATFISH & SHRIMP,500 RIVER RD,WIMBERLEY,78676,105,,unclassified,,,,,,Hays County,,78676,,MB200065327|3
MB200090901,1,32062449825,"BENTWOOD PRODUCTIONS, INC",8150 E STATE HIGHWAY 29,GEORGETOWN,78626,246,,unclassified,,,,,,Round Rock / Georgetown,,78626,,MB200090901|1
MB200101057,3,32047144780,CHEERZ,14001 SHADOWGLEN BLVD STE F,MANOR,78653,227,,unclassified,,,,,,Pflugerville / Manor,,78653,,MB200101057|3
MB577779,2,12017166179,OPAL DIVINE'S AUSTIN GRILL,2200 S INTERSTATE 35,AUSTIN,78704,227,,unclassified,-97.740448,30.235675,off_greater_south_river_city,,,Greater South River City,1.99,78704,,MB577779|2
MB754004,1,32041581466,TRIFECTA ON 3RD,360 NUECES ST STE 30,AUSTIN,78701,227,,unclassified,-97.749168,30.267712,dt_2nd_warehouse,2nd Street / Warehouse,,,3.66,78701,,MB754004|1
MB993275,1,32063310810,PLACEHOLDER,96 RAINEY ST,AUSTIN,78701,227,722410,bar,-97.738028,30.260821,dt_rainey,Rainey Street,,,3.47,78701,,MB993275|1
D 105651142,1,32065970959,"BE IN GOOD SPIRITS, LLC",12440 TRAIL DRIVER ST STE 304,AUSTIN,78737,105,,unclassified,,,,,,Austin: Southwest,,78737,,D 105651142|1
D 737476,1,32039461903,D.E.W. DISTILLATION LLC,1400 JACOBS WELL RD,WIMBERLEY,78676,105,,unclassified,,,,,,Hays County,,78676,,D 737476|1
D 927360,3,32057617097,STINSON DISTILLING,"18281 FM 150 W SUITES 101,103,105,107,109",DRIFTWOOD,78619,105,,unclassified,,,,,,Hays County,,78619,zip_majority,D 927360|3
MB104064569,3,32018735137,LUCY'S FRIED CHICKEN,401 E WHITESTONE BLVD # A-108,CEDAR PARK,78613,246,,unclassified,,,,,,Cedar Park / Leander,,78613,,MB104064569|3
MB104919507,1,32059164791,EASTSIDE TAVERN,1510 E CESAR CHAVEZ ST,AUSTIN,78702,227,,unclassified,-97.728815,30.258573,east_holly_ecc,East Austin,Holly / East Cesar Chavez,,3.63,78702,,MB104919507|1
MB104974763,1,32060955450,CITIZEN EATERY,5011 BURNET RD STE 150,AUSTIN,78756,227,,unclassified,-97.739331,30.321807,off_rosedale,,,Rosedale,7.44,78756,,MB104974763|1
MB105537091,1,32065210349,POUR CHOICES,401 E 6TH ST,AUSTIN,78701,227,,unclassified,-97.739298,30.267062,dt_core,Downtown,,,3.82,78701,,MB105537091|1
MB106892117,1,32075143373,THE GRANARY,110 W AVE L,JARRELL,76537,246,,unclassified,,,,,,,,76537,,MB106892117|1
MB1073637,2,32071225760,BUZZ MILL,1209 E 7TH ST,AUSTIN,78702,227,,unclassified,-97.729805,30.265243,east_6th_7th,East Austin,East 6th / 7th,,3.98,78702,,MB1073637|2
MB1124315,1,32072292827,OLD THOUSAND,4805 BURNET RD,AUSTIN,78756,227,,unclassified,-97.739241,30.319193,off_brentwood_highland,,,Brentwood/Highland,7.26,78756,,MB1124315|1
MB200039305,1,32079600550,SHUCK ME,10817 RANCH ROAD 2222,AUSTIN,78730,227,,unclassified,,,,,,Austin: Northwest,,78730,,MB200039305|1
MB200043316,1,32078823112,52 SOCIAL,2400 S I 35 STE 160,ROUND ROCK,78681,246,,unclassified,,,,,,Round Rock / Georgetown,,78681,,MB200043316|1
MB566648,1,12007042190,CASA GARCIA'S,15803 WINDERMERE DR STE 601,PFLUGERVILLE,78660,227,722511,casual_full_service,,,,,,Pflugerville / Manor,,78660,,MB566648|1
MB613960,1,32048806106,GUMBO'S - NORTH,701 S MAIN ST,GEORGETOWN,78626,246,,unclassified,,,,,,Round Rock / Georgetown,,78626,,MB613960|1
MB673350,1,12057134269,LAKESIDE PIZZA & GRILL,2900 N QUINLAN PARK RD STE 200,AUSTIN,78732,227,,unclassified,-97.893519,30.368302,,,,Austin: Northwest,12.98,78732,,MB673350|1
MB751985,1,32040467824,VIOLET CROWN CINEMA,434 W 2ND ST,AUSTIN,78701,227,,unclassified,-97.748188,30.265439,dt_2nd_warehouse,2nd Street / Warehouse,,,3.53,78701,,MB751985|1
MB941117,1,32055645272,TILLERY,3201 E CESAR CHAVEZ ST,AUSTIN,78702,227,,unclassified,-97.70872,30.251691,off_govalle_johnston_terrace,,,Govalle/Johnston Terrace,4.16,78702,,MB941117|1
RM1129867,2,32061650563,"CAJUN SKILLET, LLC",251 N BELL BLVD STE 101,CEDAR PARK,78613,246,,unclassified,,,,,,Cedar Park / Leander,,78613,,RM1129867|2
MB104716519,3,32042141450,MAZAJ CAFE $ HOOKAH LOUNGE,13376 N HIGHWAY 183 STE 100,AUSTIN,78750,246,,unclassified,,,,,,Austin: Northwest,,78750,,MB104716519|3
MB106146197,70,15212423345,AA LOUNGE - ABIA,3600 PRESIDENTIAL BLVD STE 4302,AUSTIN,78719,227,,unclassified,-97.666989,30.202629,,,,Austin: Southeast / Del Valle,5.95,78719,,MB106146197|70
MB106231951,5,32068869166,THE GARDEN AT THE 704,3403 S LAMAR BLVD,AUSTIN,78704,227,,unclassified,-97.786682,30.240471,slamar,South Lamar,,,2.09,78704,,MB106231951|5
MB1064889,1,32069693532,SEOULJU,9515 N LAMAR BLVD STE 230,AUSTIN,78753,227,,unclassified,-97.696004,30.364876,off_north_austin_civic_association,,,North Austin Civic Association,11.05,78753,,MB1064889|1
MB1075035,2,32056625836,SOUTHSIDE FLYING PIZZA GRILL & ARCADE,11600 MENCHACA RD,AUSTIN,78748,227,722511,casual_full_service,-97.833226,30.151041,,,,Austin: Far South,6.08,78748,,MB1075035|2
MB1075799,3,32068869166,ELLERA,12432 FM 2244 RD,BEE CAVE,78738,227,,unclassified,,,,,,Westlake / Lakeway,,78738,,MB1075799|3
MB200036940,1,32079603406,GARDEN AT THE SUMMIT,1500 RIVERY BLVD STE 2175,GEORGETOWN,78628,246,,unclassified,,,,,,Round Rock / Georgetown,,78628,,MB200036940|1
MB200040311,1,32081337167,LANIKAI LOUNGE,700 N LBJ DR STE 113,SAN MARCOS,78666,105,,unclassified,,,,,,Hays County,,78666,,MB200040311|1
MB200051575,3,32082168009,ROMANO'S MACARONI GRILL,2501 S INTERSTATE 35,ROUND ROCK,78664,246,,unclassified,,,,,,Round Rock / Georgetown,,78664,,MB200051575|3
MB200067895,86,32062485571,SONESTA SELECT AUSTIN NORTH CENTRAL,7522 N INTERSTATE 35,AUSTIN,78752,227,,unclassified,-97.702148,30.336694,off_st_john_coronado_hills,,,St. John Coronado Hills,9.12,78752,,MB200067895|86
MB200087604,3,32072367926,INTEGRITY NAIL BAR,14105 RONALD W REAGAN BLVD STE 301,CEDAR PARK,78641,246,,unclassified,,,,,,Cedar Park / Leander,,78641,,MB200087604|3
MB200106277,1,32081188370,ARCANA,110 SAN ANTONIO ST STE 140,AUSTIN,78701,227,,unclassified,-97.842075,30.084831,dt_core,Downtown,,,10.19,78701,zip_majority,MB200106277|1
MB794778,2,12031856706,CHOSUN GALBI,713 E HUNTLAND DR,AUSTIN,78752,227,,unclassified,-97.706404,30.330153,off_st_john_coronado_hills,,,St. John Coronado Hills,8.6,78752,,MB794778|2
MB860376,1,32044721606,CONTAINER BAR,90 RAINEY ST,AUSTIN,78701,227,,unclassified,-97.738297,30.260119,dt_rainey,Rainey Street,,,3.42,78701,,MB860376|1
RM706496,6,12032411980,MARIACHIS DE JALISCO MEXICAN RESTAURANT #3,3100 N MAIN ST,TAYLOR,76574,246,722511,casual_full_service,,,,,,Round Rock / Georgetown,,76574,,RM706496|6
MB1021295,8,32033405310,AUSTIN JAVA THE LANDING,2901 SPIRIT OF TEXAS DR BLDG B,AUSTIN,78719,227,,unclassified,-97.668421,30.210651,,,,Austin: Southeast / Del Valle,5.8,78719,,MB1021295|8
MB103301474,1,17427366855,LOS COMALES MEXICAN RESTAURANT,2136 E 7TH ST,AUSTIN,78702,227,,unclassified,-97.718111,30.261594,east_6th_7th,East Austin,East 6th / 7th,,4.2,78702,,MB103301474|1
MB105525788,2,32043652471,HAYS CO. BAR-B-QUE & CATERING INC,1612 S INTERSTATE 35,SAN MARCOS,78666,105,722513,fast_casual,,,,,,Hays County,,78666,,MB105525788|2
MB1112469,1,32076032971,LUCKY CARD CLUB LLC,12233 RANCH ROAD 620 N STE 301,AUSTIN,78750,246,,unclassified,,,,,,Austin: Northwest,,78750,,MB1112469|1
MB200036631,1,32079792449,WIMBERLEY SUPPER CLUB,13900 RANCH ROAD 12,WIMBERLEY,78676,105,,unclassified,,,,,,Hays County,,78676,,MB200036631|1
MB200043691,2,32016508510,BIG TOP,1706 S CONGRESS AVE,AUSTIN,78704,227,,unclassified,-97.750653,30.246973,soco,South Congress,,,2.28,78704,,MB200043691|2
MB200081478,1,32086930511,3401 AUSTIN BEVERAGES LLC,3401 S INTERSTATE 35,AUSTIN,78741,227,,unclassified,-97.746947,30.223323,off_east_riverside_oltorf,,,East Riverside/Oltorf,1.19,78741,,MB200081478|1
MB200095869,2,32080377362,HUDSON'S ON THE BEND,3509 RANCH ROAD 620 N,AUSTIN,78734,227,,unclassified,,,,,,Westlake / Lakeway,,78734,,MB200095869|2
MB200112419,1,32061984517,TEXAS CARD HOUSE,13376 N HIGHWAY 183 STE 605,AUSTIN,78750,246,,unclassified,,,,,,Austin: Northwest,,78750,,MB200112419|1
MB754762,1,32041455596,CALIFORNIA PIZZA KITCHEN,3401 ESPERANZA XING STE 100,AUSTIN,78758,227,722511,casual_full_service,-97.726798,30.400571,off_north_burnet_gateway,,,North Burnet/Gateway,12.92,78758,,MB754762|1
MB754763,6,32041455596,CALIFORNIA PIZZA KITCHEN,2901 S CAPITAL OF TEXAS HWY STE J1,AUSTIN,78746,227,722511,casual_full_service,,,,,,Westlake / Lakeway,,78746,,MB754763|6
MB861849,1,32051669540,THE PARK ON SOUTH LAMAR,4024 S LAMAR BLVD,AUSTIN,78704,227,,unclassified,,,slamar,South Lamar,,,,78704,zip_majority,MB861849|1
MB927437,1,32057315874,CHARM KOREAN BBQ,1200 W HOWARD LN STE B,AUSTIN,78753,227,,unclassified,-97.670996,30.424243,,,,Austin: North,15.41,78753,,MB927437|1
MB933164,1,32051339904,PAPALOTE TACO HOUSE,13219 N HIGHWAY 183 STE 100,AUSTIN,78750,246,,unclassified,,,,,,Austin: Northwest,,78750,,MB933164|1
MB104950714,6,32018501323,CASA MORE MEXICAN CUISINE,301 W PALM VALLEY BLVD,ROUND ROCK,78664,246,722513,fast_casual,,,,,,Round Rock / Georgetown,,78664,,MB104950714|6
MB105185430,1,32061930932,JADE RESTAURANT,3801 N CAPITAL OF TEXAS HWY STE C200,AUSTIN,78746,227,,unclassified,,,,,,Westlake / Lakeway,,78746,,MB105185430|1
MB105347488,6,32062987865,KOMAL LATIN KITCHEN + BAR,11320 RANCH ROAD 2222,AUSTIN,78730,227,,unclassified,,,,,,Austin: Northwest,,78730,,MB105347488|6
MB106865745,2,32070140317,LUCY'S KITCHEN #2,2600 W 2ND ST,TAYLOR,76574,246,,unclassified,,,,,,Round Rock / Georgetown,,76574,,MB106865745|2
MB1075798,1,32070472488,CLUB MIAMI LLC,15505 N INTERSTATE 35 BLDG C,PFLUGERVILLE,78660,227,,unclassified,,,,,,Pflugerville / Manor,,78660,,MB1075798|1
MB1081455,1,32072443297,LOUISIANA CRAB SHACK,12815 SHOPS PKWY STE 100,BEE CAVE,78738,227,,unclassified,,,,,,Westlake / Lakeway,,78738,,MB1081455|1
MB200048054,1,32038428523,CYPRESS CLUB LODGE,2216 CYPRESS CLUB POINTE,SPICEWOOD,78669,227,,unclassified,,,,,,,,78669,,MB200048054|1
MB200058736,1,32082646186,THE BEND BISTRO AND BAR,5000 HUDSON BEND RD APT C,AUSTIN,78734,227,,unclassified,-97.926791,30.412183,,,,Westlake / Lakeway,16.6,78734,,MB200058736|1
MB200072650,1,32086095380,XO NIGHTCLUB,900 E BRAKER LN STE 125,AUSTIN,78753,227,,unclassified,-97.673001,30.375664,off_heritage_hills_windsor_hills,,,Heritage Hills Windsor Hills,12.3,78753,,MB200072650|1
MB608722,2,17429791654,BABY ACAPULCO RESTAURANT #4,13609 N INTERSTATE 35,AUSTIN,78753,227,,unclassified,-97.672096,30.42336,,,,Austin: North,15.33,78753,,MB608722|2
MB906498,2,32045542621,VAMONOS,4807 AIRPORT BLVD,AUSTIN,78751,227,,unclassified,-97.715687,30.307959,off_north_loop,,,North Loop,6.98,78751,,MB906498|2
MB978837,1,32060043232,NATIVE HOSTEL AUSTIN,807 E 4TH ST,AUSTIN,78702,227,,unclassified,-97.734675,30.263747,east_holly_ecc,East Austin,Holly / East Cesar Chavez,,3.74,78702,,MB978837|1
MB105527749,1,32064741377,STAGGER LEE,87 RAINEY ST,AUSTIN,78701,227,,unclassified,-97.738355,30.259963,dt_rainey,Rainey Street,,,3.4,78701,,MB105527749|1
MB106490588,3,32071956521,WATERS EDGE GRILL,7301 MARITIME PASS,JONESTOWN,78645,227,722511,casual_full_service,,,,,,Cedar Park / Leander,,78645,,MB106490588|3
MB1082744,1,32065434410,MIDTOWN LIVE,7408 CAMERON RD STE E,AUSTIN,78752,227,,unclassified,-97.69041,30.329184,off_st_john_coronado_hills,,,St. John Coronado Hills,8.97,78752,,MB1082744|1
MB1128577,1,32072227294,HILDEE'S DINE-INN,14111 WINTERS MILL PKWY,WIMBERLEY,78676,105,,unclassified,,,,,,Hays County,,78676,,MB1128577|1
MB200049708,3,32057410188,PALOMINO HONKY TONK,109 N SHEPPARD ST,ROUND ROCK,78664,246,722410,bar,,,,,,Round Rock / Georgetown,,78664,,MB200049708|3
MB200050928,1,32081782958,ZEN'S CAFE LOUNGE & BAR,200 BUTTERCUP CREEK BLVD STE 118,CEDAR PARK,78613,246,,unclassified,,,,,,Cedar Park / Leander,,78613,,MB200050928|1
MB200062751,1,32075247000,RIDE OR DIE LLC,104 N BRUSHY ST,LEANDER,78641,246,,unclassified,,,,,,Cedar Park / Leander,,78641,,MB200062751|1
MB200072105,12,32031456109,STOUT'S PIZZA CO.,1109 E 5TH ST STE 100,AUSTIN,78702,227,,unclassified,-97.731348,30.263647,east_holly_ecc,East Austin,Holly / East Cesar Chavez,,3.83,78702,,MB200072105|12
MB622142,4,12033106571,LA FERIA,6301 W PARMER LN STE 601A,AUSTIN,78729,227,,unclassified,-97.743946,30.446506,,,,Austin: North,15.94,78729,,MB622142|4
MB909877,2,32056188066,HILTON GARDEN INN,2310 N INTERSTATE 35,ROUND ROCK,78681,246,,unclassified,,,,,,Round Rock / Georgetown,,78681,,MB909877|2
D 2000592226,1,32063434859,SILVER KEY DISTILLERY,11400 OLD LOCKHART HWY,CREEDMOOR,78610,227,,unclassified,,,,,,Hays County,,78610,,D 2000592226|1
D 942488,6,32010724683,SANGIOVANNI DISTILLERY,4701 PRIEM LN # 313,PFLUGERVILLE,78660,227,,unclassified,,,,,,Pflugerville / Manor,,78660,,D 942488|6
MB1035327,2,32067408263,MONITOS MEXICAN GRILL & CANTINA,8127 MESA DR STE B200,AUSTIN,78759,227,,unclassified,-97.75688,30.372172,,,,Austin: Northwest,10.76,78759,,MB1035327|2
MB105474174,1,32064606471,SPOTLIGHT KARAOKE BAR AND GRILL,601 E WHITESTONE BLVD STE 600,CEDAR PARK,78613,246,,unclassified,,,,,,Cedar Park / Leander,,78613,,MB105474174|1
MB105927762,12,17420888228,TOOMEY TAP ROOM,300 S LAMAR BLVD STE A,AUSTIN,78704,227,,unclassified,,,slamar,South Lamar,,,,78704,zip_majority,MB105927762|12
MB106094743,1,32052538975,BUFFALO WINGS & RINGS,1901 TOWN CENTRE DR STE 150,ROUND ROCK,78664,246,,unclassified,,,,,,Round Rock / Georgetown,,78664,,MB106094743|1
MB1066758,1,32050292716,TARBOUCH RESTAURANT,534 E OLTORF ST,AUSTIN,78704,227,,unclassified,-97.750047,30.236927,off_greater_south_river_city,,,Greater South River City,1.68,78704,,MB1066758|1
MB106835590,1,32072364113,YARD SPORTS,9111 BLUFF SPRINGS RD,AUSTIN,78744,227,722410,bar,-97.769269,30.157596,,,,Austin: Southeast / Del Valle,4.08,78744,,MB106835590|1
MB1129417,1,32079507144,GINO'S VINO ON THE GREEN,3400 CRYSTAL FALLS PKWY,LEANDER,78641,227,,unclassified,,,,,,Cedar Park / Leander,,78641,,MB1129417|1
MB200041119,1,32078811232,VALENTINA'S TEX-MEX BBQ,308 S MAIN ST STE 101,BUDA,78610,105,,unclassified,,,,,,Hays County,,78610,,MB200041119|1
MB200090206,3,32078568378,CONMAYE MEXICAN BAR & GRILL,10700 ANDERSON MILL RD,AUSTIN,78750,246,,unclassified,-97.811881,30.446951,,,,Austin: Northwest,16.16,78750,,MB200090206|3
MB200106571,1,32069317611,MAIN STREET SOCIAL,1651 LOOP 332 # 109,LIBERTY HILL,78642,246,,unclassified,,,,,,Cedar Park / Leander,,78642,,MB200106571|1
MB438025,1,17527722916,THE UNIVERSITY OF TEXAS CLUB,2108 ROBERT DEDMAN DR,AUSTIN,78712,227,,unclassified,-97.731127,30.283534,off_ut,,,UT,5.06,78712,,MB438025|1
MB815732,18,32047707347,APPLEBEE'S #8002 (MOPAC),5010 W HIGHWAY 290,AUSTIN,78735,227,722511,casual_full_service,,,,,,Austin: Southwest,,78735,,MB815732|18
MB815849,1,32047285849,NIK'S ITALIAN KITCHEN + BAR,7900 N FM 620 RD STE 100,AUSTIN,78726,227,,unclassified,-97.848957,30.413652,,,,Austin: Northwest,14.5,78726,,MB815849|1
MB943457,2,12627049385,MOUTON'S SOUTHERN BISTRO,309 N HIGHWAY 183,LEANDER,78641,246,722511,casual_full_service,,,,,,Cedar Park / Leander,,78641,,MB943457|2
RM851823,21,32047707347,APPLEBEE'S #7745,103 CARLOS PARKER BLVD NW,TAYLOR,76574,246,722511,casual_full_service,,,,,,Round Rock / Georgetown,,76574,,RM851823|21
MB105021571,1,32052945675,HILTON GARDEN INN,2131 N INTERSTATE 35,SAN MARCOS,78666,105,,unclassified,,,,,,Hays County,,78666,,MB105021571|1
MB105820736,2,32066000129,EASY TIGER BAKE SHOP AND BEER GARDEN,1501 E 7TH ST,AUSTIN,78702,227,722511,casual_full_service,-97.727054,30.264314,east_6th_7th,East Austin,East 6th / 7th,,4.01,78702,,MB105820736|2
MB1108539,1,32076239287,685 BACKYARD,19903 FM 685 # B,PFLUGERVILLE,78660,227,,unclassified,,,,,,Pflugerville / Manor,,78660,,MB1108539|1
MB200048666,1,32080883468,TEHRAN CAFE CORPORATION,12530 RESEARCH BLVD,AUSTIN,78759,227,,unclassified,-97.760043,30.429954,,,,Austin: Northwest,14.75,78759,,MB200048666|1
MB200060473,1,32083698772,EATERY 73,6101 HIGHLAND CAMPUS DR,AUSTIN,78752,227,,unclassified,-97.714613,30.325487,off_brentwood_highland,,,Brentwood/Highland,8.11,78752,,MB200060473|1
MB200069555,1,32086091868,DAGARS CATERING,834 KRAMER LN,AUSTIN,78758,227,,unclassified,-97.688486,30.379933,off_north_austin_civic_association,,,North Austin Civic Association,12.18,78758,,MB200069555|1
MB200122733,3,32037299685,XO NIGHTCLUB,900 E BRAKER LN STE 125,AUSTIN,78753,227,,unclassified,-97.673001,30.375664,off_heritage_hills_windsor_hills,,,Heritage Hills Windsor Hills,12.3,78753,,MB200122733|3
MB200129918,3,17603854245,ROYAL CARD CLUB,12233 RANCH ROAD 620 N STE 301,AUSTIN,78750,246,,unclassified,,,,,,Austin: Northwest,,78750,,MB200129918|3
MB642118,1,10304776353,FUJIYAMA JAPANESE STEAKHOUSE,4815 W BRAKER LN STE 580,AUSTIN,78759,227,,unclassified,-97.747618,30.400723,,,,Austin: Northwest,12.77,78759,,MB642118|1
MB749175,1,12704882385,CROW BAR,3116 S CONGRESS AVE,AUSTIN,78704,227,722410,bar,-97.759277,30.231181,off_dawson,,,Dawson,1.07,78704,,MB749175|1
MB870905,5,17427287499,AMAYA'S TACO VILLAGE,9900 S INTERSTATE 35 STE O100,AUSTIN,78748,227,722511,casual_full_service,-97.790896,30.156653,,,,Austin: Far South,4.41,78748,,MB870905|5
N 103344409,1,14609955944,OLD COUPLAND DANCEHALL PRIVATE CLUB,101 HOXIE,COUPLAND,78615,246,,unclassified,,,,,,,,78615,,N 103344409|1
D 938575,1,32057543657,TREATY OAK BREWING AND DISTILLING CO.,16604 FITZHUGH RD,DRIPPING SPRINGS,78620,105,312140,brewery_winery_distillery,,,,,,Hays County,,78620,,D 938575|1
MB105716959,1,32066065767,NIXTAMAL,118 E MAIN ST,ROUND ROCK,78664,246,,unclassified,,,,,,Round Rock / Georgetown,,78664,,MB105716959|1
MB105950001,1,32067381148,BARRELS AND AMPS,718 S AUSTIN AVE,GEORGETOWN,78626,246,,unclassified,,,,,,Round Rock / Georgetown,,78626,,MB105950001|1
MB106847170,2,32040468525,SALT & TIME BUTCHER SHOP AND SALUMERIA,1912 E 7TH ST STE A,AUSTIN,78702,227,,unclassified,-97.721915,30.262532,east_6th_7th,East Austin,East 6th / 7th,,4.1,78702,,MB106847170|2
MB106933728,1,32075600372,MONARCAS MEXICAN RESTAURANT,121 E 3RD ST,TAYLOR,76574,246,722511,casual_full_service,,,,,,Round Rock / Georgetown,,76574,,MB106933728|1
MB1092318,1,32071610888,LA MACARENA,8776 RESEARCH BLVD STE B,AUSTIN,78758,227,,unclassified,-97.718713,30.366376,off_crestview_wooten,,,Crestview/Wooten,10.72,78758,,MB1092318|1
MB1122310,1,32075721038,TRUDY'S SOUTH STAR,901 LITTLE TEXAS LN STE C,AUSTIN,78745,227,,unclassified,-97.767728,30.198141,off_east_congress_sweetbriar_west_congress,,,East Congress / Sweetbriar / West Congress,1.28,78745,,MB1122310|1
MB1122523,1,32077512195,SHERATON AUSTIN HOTEL AT THE CAPITAL,701 E 11TH ST,AUSTIN,78701,227,,unclassified,-97.734305,30.27085,dt_core,Downtown,,,4.18,78701,,MB1122523|1
MB200056608,1,32081608831,WILCO WORKSPACES,1615 SCOTTSDALE DR STE 200,CEDAR PARK,78641,246,,unclassified,,,,,,Cedar Park / Leander,,78641,,MB200056608|1
MB200067264,1,32085168972,BRIGHT RESTAURANT AND BAR,901 CRYSTAL FALLS PKWY STE 101,LEANDER,78641,246,,unclassified,,,,,,Cedar Park / Leander,,78641,,MB200067264|1
MB200067953,1,32084095408,X CREM,1614 E 6TH ST APT 112,AUSTIN,78702,227,,unclassified,-97.725943,30.262869,east_6th_7th,East Austin,East 6th / 7th,,3.97,78702,,MB200067953|1
MB200070854,1,32082507347,MASA Y MAS,1817 S LAMAR BLVD,AUSTIN,78704,227,,unclassified,-97.76667,30.249896,slamar,South Lamar,,,2.31,78704,,MB200070854|1
MB200081006,1,32087116896,AXIS,519 W 37TH ST UNIT B,AUSTIN,78705,227,,unclassified,-97.738595,30.301971,off_central_austin,,,Central Austin,6.11,78705,,MB200081006|1
MB200083865,1,32087523273,ANTIGUA RESTAURANT JARDIN,5808 BURLESON RD,AUSTIN,78744,227,,unclassified,-97.721069,30.207693,off_southeast,,,Southeast,2.71,78744,,MB200083865|1
MB200105013,1,32090961429,SHH! ROOM ATX,908 E 5TH ST STE 107,AUSTIN,78702,227,,unclassified,-97.733607,30.264399,east_6th_7th,East Austin,East 6th / 7th,,3.81,78702,,MB200105013|1
MB200113166,3,32064257325,TRY HARD COFFEE,1115 E 11TH ST,AUSTIN,78702,227,,unclassified,-97.728437,30.268907,east_12th,East Austin,East 12th and north,,4.23,78702,,MB200113166|3
MB200121445,2,32093001686,ETICA,213 W 4TH ST,AUSTIN,78701,227,,unclassified,-97.745445,30.266756,dt_2nd_warehouse,2nd Street / Warehouse,,,3.67,78701,,MB200121445|2
MB250663,1,17427116474,THE YELLOW ROSE,6528 N LAMAR BLVD,AUSTIN,78752,227,722410,bar,-97.721389,30.333787,off_brentwood_highland,,,Brentwood/Highland,8.51,78752,,MB250663|1
MB620435,1,12030304344,THE PARLOR,4301 GUADALUPE ST STE B,AUSTIN,78751,227,,unclassified,-97.734336,30.308689,off_hyde_park,,,Hyde Park,6.63,78751,,MB620435|1
MB809815,4,32039959658,MORELIA MEXICAN GRILL,18900 LIMESTONE COMMERCIAL DR STE 100,PFLUGERVILLE,78660,227,722511,casual_full_service,,,,,,Pflugerville / Manor,,78660,,MB809815|4
MB839871,1,32048423274,RIO,601 RIO GRANDE ST STE 200,AUSTIN,78701,227,,unclassified,-97.749511,30.270002,dt_core,Downtown,,,3.81,78701,,MB839871|1
MB948225,1,32059749252,"CANYON GRILLE AT ROUGH HOLLOW, LLC",103 YACHT CLUB CV,LAKEWAY,78734,227,,unclassified,,,,,,Westlake / Lakeway,,78734,,MB948225|1
MB986049,2,32058106132,PARTY PULSE,5555 N LAMAR BLVD STE K120,AUSTIN,78751,227,,unclassified,-97.727478,30.324177,off_north_loop,,,North Loop,7.77,78751,,MB986049|2
MB990197,1,32063383288,SMASH ATX,209 W 5TH ST STE B,AUSTIN,78701,227,,unclassified,-97.745047,30.267652,dt_2nd_warehouse,2nd Street / Warehouse,,,3.73,78701,,MB990197|1
MB997919,1,32057004015,CAFE DARBAND,9112 ANDERSON MILL RD STE A200,AUSTIN,78729,246,,unclassified,-97.780515,30.451833,,,,Austin: North,16.28,78729,,MB997919|1
RM953692,1,32057851076,DBA: AUSTIN MARRIOTT NORTH,2600 LA FRONTERA BLVD,ROUND ROCK,78681,246,,unclassified,,,,,,Round Rock / Georgetown,,78681,,RM953692|1
MB103464120,1,32088846400,THE FLIP HOUSE,20602 FM 1431 STE 200,LAGO VISTA,78645,227,,unclassified,,,,,,Cedar Park / Leander,,78645,,MB103464120|1
MB103585438,1,32050382145,SUSHI NINI,117 LOUIS HENNA BLVD STE A160,ROUND ROCK,78664,246,,unclassified,,,,,,Round Rock / Georgetown,,78664,,MB103585438|1
MB105867703,1,32066007090,MIYAKO YAKITORI & SUSHI,8701 W PARMER LN APT 2128,AUSTIN,78729,246,,unclassified,-97.761324,30.467941,,,,Austin: North,17.37,78729,,MB105867703|1
MB1093181,2,32068862666,NEIGHBORHOOD GOODS (AUSTIN),1007 S CONGRESS AVE,AUSTIN,78704,227,,unclassified,-97.74838,30.253061,soco,South Congress,,,2.72,78704,,MB1093181|2
MB1094449,1,32070412757,CRAFT AND RACKED WINE BAR LLC,1400 E OLD SETTLERS BLVD STE 203,ROUND ROCK,78664,246,,unclassified,,,,,,Round Rock / Georgetown,,78664,,MB1094449|1
MB198612,1,17522066145,CLICKS,2121 E OLTORF ST STE 14,AUSTIN,78741,227,722410,bar,-97.732513,30.230463,off_east_riverside_oltorf,,,East Riverside/Oltorf,2.18,78741,,MB198612|1
MB200056699,3,32038428523,RIVERBEND CLUB HOUSE,19601 FLYING J BLVD,SPICEWOOD,78669,227,,unclassified,,,,,,,,78669,,MB200056699|3
MB200070831,3,13516568477,ALOFT/ELEMENT AUSTIN DT,109 E 7TH ST,AUSTIN,78701,227,722410,bar,-97.741896,30.268816,dt_core,Downtown,,,3.87,78701,,MB200070831|3
MB200081629,2,32072856498,"512 BOUTIQUE EVENTS, LLC",6319 EL MIRANDO ST,AUSTIN,78741,227,722320,catering_contract,-97.692319,30.239316,off_montopolis,,,Montopolis,4.63,78741,,MB200081629|2
MB200102379,1,32090509434,VICTORY LAP,504 W 24TH ST STE B,AUSTIN,78705,227,,unclassified,-97.742768,30.287787,off_central_austin,,,Central Austin,5.1,78705,,MB200102379|1
MB469696,3,32041325476,RIO GRANDE TEX MEX,15821 CENTRAL COMMERCE DR,PFLUGERVILLE,78660,227,,unclassified,,,,,,Pflugerville / Manor,,78660,,MB469696|3
MB797214,1,30009837151,WILD WEST,401 E WHITESTONE BLVD STE B100,CEDAR PARK,78613,246,,unclassified,,,,,,Cedar Park / Leander,,78613,,MB797214|1
MB879329,1,32037809574,COURTYARD BY MARRIOTT - SAN MARCOS,625 COMMERCIAL LOOP,SAN MARCOS,78666,105,,unclassified,,,,,,Hays County,,78666,,MB879329|1
MB952460,1,32060309468,THE 13TH FLOOR,1812 E 12TH ST,AUSTIN,78702,227,,unclassified,-97.720274,30.273743,east_12th,East Austin,East 12th and north,,4.78,78702,,MB952460|1
MB987707,1,32054892867,VALENCIA'S TEX-MEX GARAGE,3120 PALM WAY STE 170,AUSTIN,78758,227,,unclassified,-97.721025,30.40258,off_north_burnet_gateway,,,North Burnet/Gateway,13.12,78758,,MB987707|1
RM914654,1,32064132460,ELENA'S BAR & GRILL LLC,14801 W STATE HIGHWAY 29,LIBERTY HILL,78642,246,722511,casual_full_service,,,,,,Cedar Park / Leander,,78642,,RM914654|1
MB105704530,1,32065093307,CREATIVE FOODS LLC STASSNEY,5510 S INTERSTATE 35 STE C,AUSTIN,78745,227,,unclassified,-97.762781,30.200668,off_east_congress_sweetbriar_west_congress,,,East Congress / Sweetbriar / West Congress,1.11,78745,,MB105704530|1
MB105781100,1,32066023634,CRAWFISH SHACK & OYSTER BAR,9500 S INTERSTATE 35,AUSTIN,78748,227,722511,casual_full_service,-97.789093,30.162186,,,,Austin: Far South,4.02,78748,,MB105781100|1
MB105858768,1,32067287022,LOS PINOS,11715 FM 2244,AUSTIN,78738,227,,unclassified,,,,,,Westlake / Lakeway,,78738,,MB105858768|1
MB1083870,1,32055584273,LEGGER COCKTAILS,2310 DONLEY DR UNIT A,AUSTIN,78758,227,,unclassified,-97.716631,30.389199,off_north_burnet_gateway,,,North Burnet/Gateway,12.28,78758,,MB1083870|1
MB200042764,1,32080948725,MAIKO SUSHI KITCHEN,207 SAN JACINTO BLVD STE 202,AUSTIN,78701,227,,unclassified,-97.741657,30.264025,dt_core,Downtown,,,3.57,78701,,MB200042764|1
MB200064198,1,32084734311,NACHO NEIGHBORHOOD BAR,6705 W HIGHWAY 290 STE 107,AUSTIN,78735,227,,unclassified,,,,,,Austin: Southwest,,78735,,MB200064198|1
MB200066974,3,32072379715,MUSE FUSION SUSHI,4211 S LAMAR BLVD STE A3,AUSTIN,78704,227,722511,casual_full_service,,,slamar,South Lamar,,,,78704,zip_majority,MB200066974|3
MB200071320,2,12017729729,BLUE DAHLIA BISTRO,3663 BEE CAVE RD STE 4A,WEST LAKE HILLS,78746,227,,unclassified,,,,,,Westlake / Lakeway,,78746,,MB200071320|2
MB200094677,1,32087011261,AUSTIN CRU LOUNGE,2716 GUADALUPE ST,AUSTIN,78705,227,,unclassified,-97.741538,30.292868,off_central_austin,,,Central Austin,5.46,78705,,MB200094677|1
MB728298,1,32039708402,SATELLITE BISTRO & BAR,5900 W SLAUGHTER LN STE 400,AUSTIN,78749,227,,unclassified,-97.87843,30.200604,,,,Austin: Southwest,6.84,78749,,MB728298|1
MB852323,1,32066022339,GIDDY UPS,12000 MANCHACA RD,AUSTIN,78748,227,,unclassified,-97.83305,30.144393,,,,Austin: Far South,6.42,78748,,MB852323|1
MB862957,1,32051830654,AZUL TEQUILA,3815 DRY CREEK DR,AUSTIN,78731,227,,unclassified,-97.764215,30.343243,,,,Austin: Northwest,8.75,78731,,MB862957|1
NT200142663,5,17425036021,PECAN STREET ASSOCIATION INC,700 BLOCK OF 6TH AND I35,AUSTIN,78701,227,,unclassified,,,dt_core,Downtown,,,,78701,zip_majority,NT200142663|5
NT200142667,9,17425036021,PECAN STREET ASSOCIATION INC,500 BLOCK OF 6TH AND RED RIVER,AUSTIN,78701,227,,unclassified,,,dt_core,Downtown,,,,78701,zip_majority,NT200142667|9
NT200142675,10,17425036021,PECAN STREET ASSOCIATION INC,400 BLOCK OF 6TH AND NECHES,AUSTIN,78701,227,,unclassified,,,dt_core,Downtown,,,,78701,zip_majority,NT200142675|10
NT200142676,7,17425036021,PECAN STREET ASSOCIATION INC,400 BLOCK OF 6TH AND TRINITY,AUSTIN,78701,227,,unclassified,,,dt_core,Downtown,,,,78701,zip_majority,NT200142676|7
NT200142678,8,17425036021,PECAN STREET ASSOCIATION INC,200 BLOCK OF 6TH AND BRAZOS,AUSTIN,78701,227,,unclassified,,,dt_core,Downtown,,,,78701,zip_majority,NT200142678|8
NT200142681,4,17425036021,PECAN STREET ASSOCIATION INC,600 RED RIV,AUSTIN,78701,227,,unclassified,,,dt_core,Downtown,,,,78701,zip_majority,NT200142681|4
NT200142684,6,17425036021,PECAN STREET ASSOCIATION INC,600 OF NECHES MID BLOCK,AUSTIN,78701,227,,unclassified,,,dt_core,Downtown,,,,78701,zip_majority,NT200142684|6
NT200142697,1,30005826976,"HAYS COUNTY CRIME STOPPERS, INC.",14068 RANCH ROAD 12,WIMBERLEY,78676,105,,unclassified,,,,,,Hays County,,78676,,NT200142697|1
NT200142814,3,17460214699,ST MARYS OF THE ASSUMPTION CATHOLIC CHURCH,408 WASHBURN ST,TAYLOR,76574,246,,unclassified,,,,,,Round Rock / Georgetown,,76574,,NT200142814|3
NT200143889,2,17425364613,DOWN HOME RANCH,20250 FM 619,ELGIN,78621,246,,unclassified,,,,,,Bastrop / Elgin (outside digest scope),,78621,,NT200143889|2
NT200144737,1,32045227777,US AUSTRALIAN FOOTBALL LEAGUE,5600 E WILLIAM CANNON DR,AUSTIN,78744,227,,unclassified,-97.74496,30.177831,,,,Austin: Southeast / Del Valle,2.94,78744,,NT200144737|1
NT200145297,1,32098211959,KNIGHTS OF COLUMBUS COUNCIL 10373 PFLUGERVILLE TX,1520 N RAILROAD AVE,PFLUGERVILLE,78660,227,,unclassified,,,,,,Pflugerville / Manor,,78660,,NT200145297|1
MB104071685,1,32053899426,HEN HOUSE AUSTIN,1012 E 6TH ST,AUSTIN,78702,227,722410,bar,-97.732109,30.26494,east_6th_7th,East Austin,East 6th / 7th,,3.89,78702,,MB104071685|1
MB105521993,10,17602267464,JOE'S CRAB SHACK,2401 S INTERSTATE 35,ROUND ROCK,78664,246,722511,casual_full_service,,,,,,Round Rock / Georgetown,,78664,,MB105521993|10
MB105996149,1,32064154134,THE GIT OUT BAR & KITCHEN,4930 S CONGRESS AVE # C-304,AUSTIN,78745,227,722513,fast_casual,-97.770747,30.212081,off_east_congress_sweetbriar_west_congress,,,East Congress / Sweetbriar / West Congress,0.45,78745,,MB105996149|1
MB200037414,1,32047800001,HI HAT PUBLIC HOUSE,2121 E 6TH ST STE 101,AUSTIN,78702,227,,unclassified,-97.718816,30.260389,east_6th_7th,East Austin,East 6th / 7th,,4.11,78702,,MB200037414|1
MB200062136,1,32083227085,LUCKY'S KITCHEN & BAR,1050 E 11TH ST STE 100,AUSTIN,78702,227,,unclassified,-97.729191,30.269175,east_12th,East Austin,East 12th and north,,4.23,78702,,MB200062136|1
MB200063329,1,32083880016,SKYHOUSE LOUNGE,408 CONGRESS AVE UNIT B,AUSTIN,78701,227,,unclassified,-97.7434,30.266505,dt_core,Downtown,,,3.69,78701,,MB200063329|1
MB200064492,1,32081411962,SUPERSTITION,110 E RIVERSIDE DR,AUSTIN,78704,227,,unclassified,-97.746649,30.256918,soco,South Congress,,,3.0,78704,,MB200064492|1
MB200068030,1,32084752529,ALOUETTE BISTRO,205 W 6TH ST STE 101,GEORGETOWN,78626,246,,unclassified,,,,,,Round Rock / Georgetown,,78626,,MB200068030|1
MB200074619,1,13516568477,THE OTIS/AC HOTEL AUSTIN DT/UT,1901 SAN ANTONIO ST,AUSTIN,78705,227,722410,bar,-97.743222,30.282118,dt_core,Downtown,,,4.72,78705,,MB200074619|1
MB200090749,1,32088902823,ESTELLE'S,400 COLORADO ST,AUSTIN,78701,227,,unclassified,-97.744819,30.266574,dt_2nd_warehouse,2nd Street / Warehouse,,,3.67,78701,,MB200090749|1
MB488757,5,14119739952,BUCA DI BEPPO,3600 TUDOR BLVD,AUSTIN,78759,227,,unclassified,-97.73651,30.38388,off_north_burnet_gateway,,,North Burnet/Gateway,11.69,78759,,MB488757|5
MB534960,3,17430073332,EL MESON TEQUILERIA,2038 S LAMAR BLVD,AUSTIN,78704,227,,unclassified,-97.76903,30.248721,slamar,South Lamar,,,2.23,78704,,MB534960|3
NT200141299,4,17423168529,CEDAR PARK CHAMBER OF COMMERCE,1435 MAIN ST,CEDAR PARK,78613,246,,unclassified,,,,,,Cedar Park / Leander,,78613,,NT200141299|4
NT200145541,1,32049327169,J.O.I COMMUNITY OUTREACH,3409 E 5TH ST,AUSTIN,78702,227,,unclassified,-97.704752,30.254421,off_govalle_johnston_terrace,,,Govalle/Johnston Terrace,4.46,78702,,NT200145541|1
NT200145765,2,32033901102,HOLY VIETNAMESE MARTYRS CHURCH,1107 E YAGER LN,AUSTIN,78753,227,,unclassified,-97.658946,30.390753,,,,Austin: North,13.61,78753,,NT200145765|2
NT200145827,1,32097511573,REBECCA BELL-METEREAU CAMPAIGN,41 NAVASOTA ST,AUSTIN,78702,227,,unclassified,-97.732821,30.254012,east_holly_ecc,East Austin,Holly / East Cesar Chavez,,3.23,78702,,NT200145827|1
NT200146080,1,32001495244,ROTARY CLUB OF PFLUGERVILLE,515 CITY PARK RD,PFLUGERVILLE,78660,227,,unclassified,,,,,,Pflugerville / Manor,,78660,,NT200146080|1
NT200146178,1,32057770094,GEORGETOWN EDUCATION FOUNDATION,2050 ROCKRIDE LN,GEORGETOWN,78626,246,,unclassified,,,,,,Round Rock / Georgetown,,78626,,NT200146178|1
MB102402665,2,32038428523,CYPRESS CLUB SWIM CENTER,2208 SEABISCUIT COVE,SPICEWOOD,78669,227,,unclassified,,,,,,,,78669,,MB102402665|2
MB105553847,1,32065172507,1417 FRENCH BISTRO,1417 S 1ST ST,AUSTIN,78704,227,,unclassified,-97.754689,30.25055,slamar,South Lamar,,,2.43,78704,,MB105553847|1
MB105950839,1,32067972110,BAR PEACHED,1315 W 6TH ST,AUSTIN,78703,227,722511,casual_full_service,-97.760123,30.273859,off_old_west_austin,,,Old West Austin,3.97,78703,,MB105950839|1
MB106072203,1,32068964785,THE VENUE,516 E 6TH ST,AUSTIN,78701,227,,unclassified,-97.737576,30.266591,dt_core,Downtown,,,3.83,78701,,MB106072203|1
MB1124856,1,32070436905,RAMOS TEX MEX RESTAURANT,116 E PARSONS ST # A,MANOR,78653,227,,unclassified,,,,,,Pflugerville / Manor,,78653,,MB1124856|1
MB1124915,1,32077968264,WONDERLUST SPEAKEASY COCKTAIL CLUB LLC,2114 LAKEWAY BLVD STE 204,LAKEWAY,78734,227,,unclassified,,,,,,Westlake / Lakeway,,78734,,MB1124915|1
MB200053617,2,32057190681,ROYA,7858 SHOAL CREEK BLVD STE C,AUSTIN,78757,227,,unclassified,-97.740951,30.360029,off_allandale,,,Allandale,10.02,78757,,MB200053617|2
MB200061841,2,32050907990,LAST STAND BREWING COMPANY,7601 S CONGRESS AVE BLDG 6,AUSTIN,78745,227,,unclassified,-97.782398,30.182133,,,,Austin: Far South,2.59,78745,,MB200061841|2
MB200070114,1,32065397658,FROSTIES,117 EAST ST # 150,HUTTO,78634,246,,unclassified,,,,,,Round Rock / Georgetown,,78634,,MB200070114|1
MB200090365,1,32087973437,ELEMENTARY ATX,2026 S LAMAR BLVD,AUSTIN,78704,227,,unclassified,-97.768661,30.248847,slamar,South Lamar,,,2.24,78704,,MB200090365|1
MB200101839,1,32088711927,TACO PALENQUE NW AUSTIN,13201 RANCH ROAD 620 N STE S,AUSTIN,78717,246,722513,fast_casual,,,,,,Austin: Northwest,,78717,,MB200101839|1
MB200110047,1,32086048686,THE PEACHED TORTILLA,1915 E WHITESTONE BLVD STE 105,CEDAR PARK,78613,246,722511,casual_full_service,,,,,,Cedar Park / Leander,,78613,,MB200110047|1
MB673462,1,13420667274,HARDTAILS,1515 N IH 35,GEORGETOWN,78628,246,,unclassified,,,,,,Round Rock / Georgetown,,78628,,MB673462|1
MB882956,2,32042344120,THE PEACHED TORTILLA,5520 BURNET RD STE 100,AUSTIN,78756,227,722511,casual_full_service,-97.739926,30.330464,off_allandale,,,Allandale,8.02,78756,,MB882956|2
MB893800,37,17427050780,WLS BEVERAGE CO,110 E 2ND ST,AUSTIN,78701,227,722511,casual_full_service,-97.743569,30.264148,dt_core,Downtown,,,3.54,78701,,MB893800|37
MB903822,6,32033248629,TORCHY'S TACO'S,2801 GUADALUPE ST STE 5B,AUSTIN,78705,227,722513,fast_casual,-97.741813,30.293376,off_central_austin,,,Central Austin,5.49,78705,,MB903822|6
MB926721,69,14119571074,BUFFALO WILD WINGS GRILL & BAR,7604 N INTERSTATE 35,AUSTIN,78752,227,722511,casual_full_service,-97.701429,30.33823,off_st_john_coronado_hills,,,St. John Coronado Hills,9.23,78752,,MB926721|69
MB973809,1,32055564473,UNBARLIEVABLE,76 RAINEY ST,AUSTIN,78701,227,722511,casual_full_service,-97.738677,30.259108,dt_rainey,Rainey Street,,,3.34,78701,,MB973809|1
MB976777,1,32058589634,WU CHOW NORTH,3800 N LAMAR BLVD STE 170,AUSTIN,78756,227,,unclassified,-97.743057,30.305203,off_central_austin,,,Central Austin,6.27,78756,,MB976777|1
NT200143579,1,32092657918,MIGRATION BY BLUEBIRD,6506 MARBLEWOOD DR,AUSTIN,78731,227,,unclassified,-97.786142,30.363133,,,,Austin: Northwest,10.2,78731,,NT200143579|1
NT200147121,3,17428224244,AUSTIN CELTIC ASSOCIATION,10621 PIONEER FARMS DR,AUSTIN,78754,227,,unclassified,-97.658627,30.369978,,,,Austin: Northeast,12.37,78754,,NT200147121|3
NT200147213,2,32033902597,SANTA CRUZ CATHOLIC CHURCH & SCHOOL,1100 MAIN ST,BUDA,78610,105,,unclassified,,,,,,Hays County,,78610,,NT200147213|2
NT200147656,1,32074905046,SURPLUS AMERICANS,401 E HOPKINS ST,SAN MARCOS,78666,105,,unclassified,,,,,,Hays County,,78666,,NT200147656|1
NT200148598,2,32074423883,BALANCED & CONSISTENCY.ORG,1100 BEE CREEK RD,SPICEWOOD,78669,227,,unclassified,,,,,,,,78669,,NT200148598|2
NT200148678,12,17424553364,AUSTIN FOOD & WINE FESTIVAL,900 W RIVERSIDE DR,AUSTIN,78704,227,,unclassified,-97.75273,30.262692,off_bouldin_creek,,,Bouldin Creek,3.28,78704,,NT200148678|12
NT200149197,2,32089617396,PRIDE ATHLETICS AND RECREATION OF TEXAS,15500 SUN LIGHT NEAR WAY,PFLUGERVILLE,78660,227,,unclassified,,,,,,Pflugerville / Manor,,78660,,NT200149197|2
NT200149238,1,32054730158,ROTARY CLUB OF GEORGETOWN FOUNDATION,445 E MORROW ST,GEORGETOWN,78626,246,,unclassified,,,,,,Round Rock / Georgetown,,78626,,NT200149238|1
NT200149344,4,17427784263,AUSTIN PUBLIC LIBRARY FRIENDS FOUNDATION,701 W CESAR CHAVEZ ST,AUSTIN,78701,227,,unclassified,-97.752095,30.265562,dt_2nd_warehouse,2nd Street / Warehouse,,,3.48,78701,,NT200149344|4
MB097833,2,17418847228,CHICAS BONITAS,3701 N INTERSTATE 35,AUSTIN,78722,227,,unclassified,-97.720219,30.294251,off_central_austin,,,Central Austin,6.01,78722,,MB097833|2
MB105467803,2,32064393112,HOTEL INDIGO AUSTIN DOWNTOWN,810 RED RIVER ST,AUSTIN,78701,227,722410,bar,-97.736299,30.268905,dt_core,Downtown,,,4.01,78701,,MB105467803|2
MB1056694,1,17430073332,EL MESON,5808 BURLESON RD,AUSTIN,78744,227,,unclassified,-97.721069,30.207693,off_southeast,,,Southeast,2.71,78744,,MB1056694|1
MB1072978,1,32070809705,THE BON AIRE,9070 RESEARCH BLVD STE 101,AUSTIN,78758,227,,unclassified,-97.727776,30.373497,off_north_shoal_creek,,,North Shoal Creek,11.07,78758,,MB1072978|1
MB1084010,1,32071114899,OAKMONT FOOD COMPANY,1106 W 38TH ST,AUSTIN,78705,227,,unclassified,-97.744239,30.305762,off_rosedale,,,Rosedale,6.29,78705,,MB1084010|1
MB1114830,1,32067502487,LA MAREA RESTAURANT & SEAFOOD,8214 N INTERSTATE 35,AUSTIN,78753,227,,unclassified,-97.696683,30.34517,off_north_lamar,,,North Lamar,9.78,78753,,MB1114830|1
MB1117036,1,32076097131,ABBY'S CRAB SHACK,5695 KYLE PKWY STE 100,KYLE,78640,105,,unclassified,,,,,,Hays County,,78640,,MB1117036|1
MB200039892,1,32079584903,THE TOASTED YOLK,14105 RONALD REAGAN BLVD,CEDAR PARK,78641,246,,unclassified,,,,,,Cedar Park / Leander,,78641,,MB200039892|1
MB200048189,1,32071850963,THE LOREN AT LADY BIRD LAKE,1211 W RIVERSIDE DR,AUSTIN,78704,227,,unclassified,-97.756858,30.264377,off_barton_hills_galindo_south_lamar_zilker,,,Barton Hills / Galindo / South Lamar / Zilker,3.34,78704,,MB200048189|1
MB200072053,1,32085903279,COSMIC TO-GO,3632 S CONGRESS AVE,AUSTIN,78704,227,,unclassified,-97.761647,30.227156,off_dawson,,,Dawson,0.76,78704,,MB200072053|1
MB200112664,1,32080245270,BROOKLYN DUMPLING SHOP,1401 E 6TH ST STE 201,AUSTIN,78702,227,,unclassified,-97.728461,30.263702,east_6th_7th,East Austin,East 6th / 7th,,3.93,78702,,MB200112664|1
MB200127910,1,32075996648,THE DIG PUB,401 CYPRESS CREEK RD STE 600,CEDAR PARK,78613,246,,unclassified,,,,,,Cedar Park / Leander,,78613,,MB200127910|1
MB475255,56,17524461674,OUTBACK STEAKHOUSE,1651 S INTERSTATE 35,ROUND ROCK,78664,246,722511,casual_full_service,,,,,,Round Rock / Georgetown,,78664,,MB475255|56
MB532997,2,17514677206,WESTLAKE COUNTRY CLUB,2612 LOST CREEK BLVD,AUSTIN,78746,227,,unclassified,-97.844954,30.27374,,,,Westlake / Lakeway,6.18,78746,,MB532997|2
MB688881,2,12618026202,STERLING EVENTS,7311 DECKER LN,AUSTIN,78724,227,,unclassified,-97.622908,30.299159,,,,Austin: Far East,10.24,78724,,MB688881|2
MB719319,1,32061143825,FISH DADDY'S,15119 N INTERSTATE 35 STE B,PFLUGERVILLE,78660,227,,unclassified,,,,,,Pflugerville / Manor,,78660,,MB719319|1
MB793340,1,32044606682,SWIFT'S ATTIC,315 CONGRESS AVE STE 200,AUSTIN,78701,227,,unclassified,-97.743669,30.265784,dt_2nd_warehouse,2nd Street / Warehouse,,,3.64,78701,,MB793340|1
MB893933,1,32052515759,WU CHOW,500 W 5TH ST STE 168,AUSTIN,78701,227,,unclassified,-97.747714,30.268387,dt_2nd_warehouse,2nd Street / Warehouse,,,3.73,78701,,MB893933|1
MB928812,1,32056658613,TULUM MEXICAN RESTAURANT,3519 RANCH ROAD 620 N,AUSTIN,78734,227,,unclassified,,,,,,Westlake / Lakeway,,78734,,MB928812|1
NT200150734,4,17426591594,"SAVE OUR SPRINGS (S.O.S.) ALLIANCE, INC.",404 ATLANTA ST,AUSTIN,78703,227,,unclassified,-97.770867,30.276651,off_central_west_austin,,,Central West Austin,4.17,78703,,NT200150734|4
NT200151408,1,32078698233,E4 REAL ESTATE FOUNDATION,5540 N LAMAR BLVD,AUSTIN,78751,227,,unclassified,-97.72765,30.323907,off_north_loop,,,North Loop,7.75,78751,,NT200151408|1
NT200152676,1,32093639006,STUDENT RESEARCHERS IN THE CHEMICAL INDUSTRIES,710 W CESAR CHAVEZ ST,AUSTIN,78701,227,,unclassified,-97.752266,30.265614,dt_2nd_warehouse,2nd Street / Warehouse,,,3.48,78701,,NT200152676|1
RM1111581,1,32075146962,AN THINH ASIAN CUISINES,2082 HIGHWAY 183 STE 150,LEANDER,78641,246,,unclassified,,,,,,Cedar Park / Leander,,78641,,RM1111581|1
D 200061628,1,32081258041,"BUSHEL & BALE, LLC",308 STURGIS ST,TAYLOR,76574,246,,unclassified,,,,,,Round Rock / Georgetown,,76574,,D 200061628|1
D 200077293,3,32041232631,AUSTIN BEERWORKS,10300 SPRINGDALE RD,AUSTIN,78754,227,312120,brewery_winery_distillery,-97.646348,30.347656,,,,Austin: Northeast,11.51,78754,,D 200077293|3
D 551026,2,12000711866,TEXACELLO LLC,12507 PAULS VALLEY RD BLDG 2,AUSTIN,78737,105,,unclassified,,,,,,Austin: Southwest,,78737,,D 551026|2
MB103590977,2,32046135789,"WHIM HOSPITALITY, LLC",2001 W HIGHWAY 290 STE 103,DRIPPING SPGS,78620,105,,unclassified,,,,,,Hays County,,78620,,MB103590977|2
MB104116167,40,32033248629,TORCHY'S TACOS,301 N GUADALUPE ST,SAN MARCOS,78666,105,722511,casual_full_service,,,,,,Hays County,,78666,,MB104116167|40
MB106018517,9,32033405310,AUSTIN JAVA MANCHACA,5404 MANCHACA RD,AUSTIN,78745,227,,unclassified,,,,,,Austin: Far South,,78745,,MB106018517|9
MB1076716,1,32068841223,SWIFTY'S,3223 E 7TH ST,AUSTIN,78702,227,,unclassified,-97.704398,30.257827,off_govalle_johnston_terrace,,,Govalle/Johnston Terrace,4.62,78702,,MB1076716|1
MB200036301,1,32080653267,MAX'S,800 W WHITESTONE BLVD STE B5,CEDAR PARK,78613,246,722511,casual_full_service,,,,,,Cedar Park / Leander,,78613,,MB200036301|1
MB200037275,1,32072145926,PICNIK,1600 S 1ST ST STE 110,AUSTIN,78704,227,722511,casual_full_service,-97.755174,30.24939,slamar,South Lamar,,,2.35,78704,,MB200037275|1
MB200077601,1,30114280909,GEORGETOWN PALACE THEATRE INC,810 S AUSTIN AVE,GEORGETOWN,78626,246,,unclassified,,,,,,Round Rock / Georgetown,,78626,,MB200077601|1
MB200085078,1,32083689896,WHISKEY RIDGE,8600 W FM 150,KYLE,78640,105,,unclassified,,,,,,Hays County,,78640,,MB200085078|1
MB200091806,2,32072773461,RILEY BUILDING,315 LAVACA ST STE 201-301,AUSTIN,78701,227,,unclassified,-97.745922,30.26677,dt_2nd_warehouse,2nd Street / Warehouse,,,3.66,78701,,MB200091806|2
MB200107292,1,32089745825,MANGO TANGO,114 E 7TH ST,GEORGETOWN,78626,246,,unclassified,,,,,,Round Rock / Georgetown,,78626,,MB200107292|1
MB200131195,1,32087151109,PIN SEEKER'S GOLF LOUNGE,6001 W PARMER LN STE 230,AUSTIN,78727,227,,unclassified,-97.740923,30.441373,,,,Austin: North,15.6,78727,,MB200131195|1
MB772438,1,32043614737,WINGZUP,1000 E 41ST ST STE 210,AUSTIN,78751,227,,unclassified,-97.719184,30.298164,off_central_austin,,,Central Austin,6.28,78751,,MB772438|1
RM719081,6,12616167560,MONGOLIAN MANAGEMENT LLC,1015 W UNIVERSITY AVE,GEORGETOWN,78628,246,,unclassified,,,,,,Round Rock / Georgetown,,78628,,RM719081|6
RM937142,2,32050649576,CAMP LUCY,3509 CREEK RD,DRIPPING SPRINGS,78620,105,,unclassified,,,,,,Hays County,,78620,,RM937142|2
D 1081050,1,32046868975,AUSTIN COCKTAILS,440 E SAINT ELMO RD STE B-1,AUSTIN,78745,227,312140,brewery_winery_distillery,,,,,,Austin: Far South,,78745,,D 1081050|1
MB105958068,1,32067634553,LIBERTY BARBECUE,103 E MAIN ST,ROUND ROCK,78664,246,,unclassified,,,,,,Round Rock / Georgetown,,78664,,MB105958068|1
MB106030880,1,32092310096,ALIBI SOCIAL BAR,117 W 4TH ST STE 101A,AUSTIN,78701,227,,unclassified,-97.744568,30.266505,dt_2nd_warehouse,2nd Street / Warehouse,,,3.67,78701,,MB106030880|1
MB107012199,2,32097145224,LA MAREA RESTAURANT AND SEAFOOD,8214 N INTERSTATE 35,AUSTIN,78753,227,,unclassified,-97.696683,30.34517,off_north_lamar,,,North Lamar,9.78,78753,,MB107012199|2
MB1104444,30,12325735830,"ARAMARK BUSINESS DINING SERVICES OF TEXAS, LLC",2300 CLOUD WAY,AUSTIN,78741,227,722310,catering_contract,,,off_east_riverside_oltorf,,,East Riverside/Oltorf,,78741,zip_majority,MB1104444|30
MB1106990,1,32066264634,THE SMOKEHOUSE CANTINA,7708 LOHMANS FORD RD STE 103B,LAGO VISTA,78645,227,,unclassified,,,,,,Cedar Park / Leander,,78645,,MB1106990|1
MB200058137,1,32082251797,"EPIC FUN - AUSTIN, LLC",7101 W HIGHWAY 71,AUSTIN,78735,227,,unclassified,,,,,,Austin: Southwest,,78735,,MB200058137|1
MB200078719,1,32071924370,ZE CREPES,522 CONGRESS AVE STE 140,AUSTIN,78701,227,722511,casual_full_service,-97.742863,30.267957,dt_core,Downtown,,,3.8,78701,,MB200078719|1
MB200081963,1,32085096082,CIELITO LINDO INTERIOR MEXICAN CUISINE,1540 CYPRESS CREEK RD STE 106,CEDAR PARK,78613,246,,unclassified,,,,,,Cedar Park / Leander,,78613,,MB200081963|1
MB200094527,1,32087362748,PERFECT PAIR SIPS & BOARDS,1500 RIVERY BLVD STE 2125,GEORGETOWN,78628,246,,unclassified,,,,,,Round Rock / Georgetown,,78628,,MB200094527|1
MB213472,2,17424213076,BABY ACAPULCO RESTAURANT,1628 BARTON SPRINGS RD,AUSTIN,78704,227,,unclassified,-97.761819,30.262276,off_barton_hills_galindo_south_lamar_zilker,,,Barton Hills / Galindo / South Lamar / Zilker,3.17,78704,,MB213472|2
MB895499,1,32054630861,THE CORAL SNAKE,1910 E CESAR CHAVEZ ST,AUSTIN,78702,227,,unclassified,-97.724,30.256912,east_holly_ecc,East Austin,Holly / East Cesar Chavez,,3.72,78702,,MB895499|1
MB937371,1,32056414405,THE BEER PLANT,3110 WINDSOR RD,AUSTIN,78703,227,,unclassified,-97.767905,30.29641,off_central_west_austin,,,Central West Austin,5.52,78703,,MB937371|1
MB968763,5,17430246946,HALCYON STELLA PUBLIC HOUSE,1905 ALDRICH ST,AUSTIN,78723,227,722511,casual_full_service,-97.705272,30.298298,off_rmma,,,RMMA,6.69,78723,,MB968763|5
MB975276,3,32061761998,WICKED WINGS BAR AND GRILL,5401 FM 1626 STE 305,KYLE,78640,105,,unclassified,,,,,,Hays County,,78640,,MB975276|3
NT200154687,2,32056414397,L.C. ANDERSON HIGH SCHOOL PROJECT GRADUATION,710 W CESAR CHAVEZ ST,AUSTIN,78701,227,,unclassified,-97.752266,30.265614,dt_2nd_warehouse,2nd Street / Warehouse,,,3.48,78701,,NT200154687|2
NT200155547,6,32065790746,PONTE EN SUS ZAPATOS,9414 PARKFIELD DR,AUSTIN,78758,227,,unclassified,-97.705968,30.367922,off_north_austin_civic_association,,,North Austin Civic Association,11.04,78758,,NT200155547|6
NT200156113,1,32058233464,CINDERELLA'S CLOSET TAYLOR TEXAS,5350 BILL PICKETT TRL,TAYLOR,76574,246,,unclassified,,,,,,Round Rock / Georgetown,,76574,,NT200156113|1
NT200157563,2,32011153346,LAGO VISTA FESTIVAL FOUNDATION,7000 BAR K RANCH RD,LAGO VISTA,78645,227,,unclassified,,,,,,Cedar Park / Leander,,78645,,NT200157563|2
D 106059992,1,32066998249,PLANET ROCK DISTILLERY,5401 HUDSON BEND RD,AUSTIN,78734,227,,unclassified,-97.930273,30.41929,,,,Westlake / Lakeway,17.12,78734,,D 106059992|1
D 1109021,1,32075247380,SPIRITED BRANDS LLC,14155 W HIGHWAY 290 STE 200,AUSTIN,78737,105,312140,brewery_winery_distillery,,,,,,Austin: Southwest,,78737,,D 1109021|1
MB105470749,1,32064443354,LAS CAZUELAS MEXICAN RESTAURANT,2700 W PECAN ST STE 900,PFLUGERVILLE,78660,227,,unclassified,,,,,,Pflugerville / Manor,,78660,,MB105470749|1
MB105950001,2,32067381148,BARRELS AND AMPS,209 W 8TH ST,GEORGETOWN,78626,246,,unclassified,,,,,,Round Rock / Georgetown,,78626,,MB105950001|2
MB106063855,1,32068912891,OSTERIA GV,1400 E OLD SETTLERS BLVD STE 200,ROUND ROCK,78664,246,,unclassified,,,,,,Round Rock / Georgetown,,78664,,MB106063855|1
MB106094625,1,32069251935,SHACK 512,8714 LIME CREEK RD STE B,VOLENTE,78641,227,,unclassified,,,,,,Cedar Park / Leander,,78641,,MB106094625|1
MB106153439,10,17420173118,POK-E-JO'S GEORGETOWN,610 N AUSTIN AVE STE 100,GEORGETOWN,78626,246,,unclassified,,,,,,Round Rock / Georgetown,,78626,,MB106153439|10
MB1066510,1,32069457797,HOTEL ZAZA AUSTIN,400 LAVACA ST,AUSTIN,78701,227,,unclassified,-97.745878,30.266881,dt_2nd_warehouse,2nd Street / Warehouse,,,3.67,78701,,MB1066510|1
MB1101373,1,32074556880,DREAMLAND TANK TOWN,2770 W HIGHWAY 290,DRIPPING SPRINGS,78620,105,,unclassified,,,,,,Hays County,,78620,,MB1101373|1
MB1108618,1,32075917636,ASADAS GRILL & COCKTAILS,501 CANYON RIDGE DR,AUSTIN,78753,227,,unclassified,-97.672463,30.403244,,,,Austin: North,14.04,78753,,MB1108618|1
MB1108922,1,32076654816,REVIVAL COFFEE,1405 E 7TH ST,AUSTIN,78702,227,,unclassified,-97.727707,30.264555,east_6th_7th,East Austin,East 6th / 7th,,4.01,78702,,MB1108922|1
MB1112874,46,32062485571,ALOFT AUSTIN,4108 S INTERSTATE 35,AUSTIN,78745,227,722410,bar,-97.751678,30.214845,off_southeast,,,Southeast,0.82,78745,,MB1112874|46
MB1121691,2,32075721038,TRUDY'S NORTH STAR,8820 BURNET RD STE 600,AUSTIN,78757,227,,unclassified,-97.72694,30.371087,off_north_shoal_creek,,,North Shoal Creek,10.92,78757,,MB1121691|2
MB1129812,2,32042151673,AC AUSTIN HILL COUNTRY,7415 SOUTHWEST PKWY STE 100,AUSTIN,78735,227,,unclassified,-97.867882,30.256381,off_oak_hill,,,Oak Hill,6.71,78735,,MB1129812|2
MB200051053,1,32082406938,WHISKEY BARREL PUB,1004 LOOP 332,LIBERTY HILL,78642,246,,unclassified,,,,,,Cedar Park / Leander,,78642,,MB200051053|1
MB200058759,1,32081328042,SKINNY'S OTB,1806 E 12TH ST,AUSTIN,78702,227,,unclassified,-97.720581,30.273701,east_12th,East Austin,East 12th and north,,4.77,78702,,MB200058759|1
MB200061780,1,32082222095,"BCR OVERLOOK, LLC",7701 FM 2244 RD,AUSTIN,78746,227,,unclassified,-97.845448,30.310041,,,,Westlake / Lakeway,8.04,78746,,MB200061780|1
MB200075352,1,32072237228,LUNA'S TACOS,1300 ROUND ROCK AVE,ROUND ROCK,78681,246,722513,fast_casual,,,,,,Round Rock / Georgetown,,78681,,MB200075352|1
MB200077393,1,32067087927,LIBERTY HILL BEER MARKET,13851 W STATE HIGHWAY 29,LIBERTY HILL,78642,246,,unclassified,,,,,,Cedar Park / Leander,,78642,,MB200077393|1
MB200081083,3,32081546791,RADISSON HOTEL AUSTIN NORTH,6121 N INTERSTATE 35,AUSTIN,78752,227,,unclassified,-97.707263,30.323722,off_st_john_coronado_hills,,,St. John Coronado Hills,8.18,78752,,MB200081083|3
MB200082305,3,32081738133,PALOMA DINING & ENTERTAINMENT,235 SPORTS PARK RD,DRIPPING SPRINGS,78620,105,,unclassified,,,,,,Hays County,,78620,,MB200082305|3
MB200088043,1,32087357094,MOODY'S KITCHEN AND BAR,2530 GUADALUPE ST,AUSTIN,78705,227,,unclassified,-97.741342,30.289991,off_ut,,,UT,5.27,78705,,MB200088043|1
MB200090615,1,32087973502,HOPSCOTCH ATX,2032 S LAMAR BLVD,AUSTIN,78704,227,,unclassified,-97.768845,30.248782,slamar,South Lamar,,,2.24,78704,,MB200090615|1
MB200106108,1,32090777205,CAMBRIA HOTEL AUSTIN DOWNTOWN,68 EAST AVE,AUSTIN,78701,227,,unclassified,-97.737906,30.258185,dt_rainey,Rainey Street,,,3.31,78701,,MB200106108|1
MB200116138,1,32088301513,PH AUSTIN,2400 S INTERSTATE 35 STE 160,ROUND ROCK,78681,246,722511,casual_full_service,,,,,,Round Rock / Georgetown,,78681,,MB200116138|1
MB506219,1,32008531124,EL CARIBE MEXICAN RESTAURANT,5610 N LAMAR BLVD STE A,AUSTIN,78751,227,,unclassified,-97.726849,30.325164,off_brentwood_highland,,,Brentwood/Highland,7.85,78751,,MB506219|1
MB687067,1,12084573885,JALISCOS RESTAURANT & BAR,6601 S CONGRESS AVE,AUSTIN,78745,227,722511,casual_full_service,-97.778285,30.194388,off_east_congress_sweetbriar_west_congress,,,East Congress / Sweetbriar / West Congress,1.72,78745,,MB687067|1
MB750777,1,32041239982,ICENHAUER'S,83 RAINEY ST,AUSTIN,78701,227,,unclassified,-97.738472,30.259652,dt_rainey,Rainey Street,,,3.38,78701,,MB750777|1
NT200155678,1,32079977065,MELEE FIGHT LEAGUE,2000 S INTERSTATE 35 STE J1,ROUND ROCK,78681,246,,unclassified,,,,,,Round Rock / Georgetown,,78681,,NT200155678|1
NT200155969,1,32098886420,KNIGHTS OF COLUMBUS COUNCIL #10131,126 W OLTORF ST,AUSTIN,78704,227,,unclassified,-97.754996,30.239698,soco,South Congress,,,1.71,78704,,NT200155969|1
NT200157054,5,17423400369,CITY OF DRIPPING SPRINGS VISITORS BUREAU,101 OLD FITZHUGH RD,DRIPPING SPRINGS,78620,105,,unclassified,,,,,,Hays County,,78620,,NT200157054|5
NT200157292,2,17429912029,LAKE TRAVIS PROJECT GRADUATION,1718 LOHMANS CROSSING RD,LAKEWAY,78734,227,,unclassified,,,,,,Westlake / Lakeway,,78734,,NT200157292|2
NT200158501,1,32095961275,PUFFED,407 E 30TH ST,AUSTIN,78705,227,,unclassified,-97.73441,30.291873,off_central_austin,,,Central Austin,5.52,78705,,NT200158501|1
NT200158713,1,32071662244,FRIENDS OF MERIDIAN,1000 SOUTHCREEK DR,ROUND ROCK,78664,246,,unclassified,,,,,,Round Rock / Georgetown,,78664,,NT200158713|1
NT200158756,1,32096382778,SVC COMMUNITY,1500 E 4TH ST,AUSTIN,78702,227,,unclassified,-97.728382,30.261573,east_holly_ecc,East Austin,Holly / East Cesar Chavez,,3.81,78702,,NT200158756|1
NT200159271,1,32098588927,UNITED CARES INC,422 GUADALUPE ST,AUSTIN,78701,227,,unclassified,-97.746692,30.267959,dt_2nd_warehouse,2nd Street / Warehouse,,,3.72,78701,,NT200159271|1
NT200160337,2,17429176591,ROCK RIDE ON THE CENTER OF KIDS,2050 ROCKRIDE LN,GEORGETOWN,78626,246,,unclassified,,,,,,Round Rock / Georgetown,,78626,,NT200160337|2
NT200160780,1,12725254945,AMERICAN INNS OF COURT FOUNDATION (AUSTIN CH 30432,708 SAN ANTONIO ST,AUSTIN,78701,227,,unclassified,-97.746834,30.270753,dt_core,Downtown,,,3.9,78701,,NT200160780|1
NT200160832,4,32098165726,LEAP LIFE ESSENTIAL ADVANCEMENT PROGRAM,422 GUADALUPE ST,AUSTIN,78701,227,,unclassified,-97.746692,30.267959,dt_2nd_warehouse,2nd Street / Warehouse,,,3.72,78701,,NT200160832|4
D 901128,2,32055668589,NINE BANDED WHISKEY,13377 FITZHUGH RD BLDG A & C,AUSTIN,78736,105,312140,brewery_winery_distillery,-98.003405,30.233222,,,,Austin: Southwest,14.26,78736,,D 901128|2
D 972587,2,32059452832,ISLAND GETAWAY RUM,231 FROG POND LN,DRIPPING SPRINGS,78620,105,312140,brewery_winery_distillery,,,,,,Hays County,,78620,,D 972587|2
MB102047796,1,32084498370,HOMETOWN SALOON,1709 N MAYS ST,ROUND ROCK,78664,246,,unclassified,,,,,,Round Rock / Georgetown,,78664,,MB102047796|1
MB103297927,23,10435858294,LEVY RESTAURANT AT AUSTIN CONVENTION CENTER,500 E CESAR CHAVEZ ST,AUSTIN,78701,227,722511,casual_full_service,-97.739114,30.261876,dt_core,Downtown,,,3.5,78701,,MB103297927|23
MB104105809,1,32052539650,FOURTH & CO.,208 W 4TH ST STE D,AUSTIN,78701,227,722410,bar,-97.745204,30.266686,dt_2nd_warehouse,2nd Street / Warehouse,,,3.67,78701,,MB104105809|1
MB104553945,4,32048992856,THE BRASS TAP,815 W 47TH ST STE 103,AUSTIN,78751,227,,unclassified,-97.733913,30.315651,off_triangle_state,,,Triangle State,7.1,78751,,MB104553945|4
MB105631095,1,32053889286,THAI-KUN,11601 ROCK ROSE AVE X5.100,AUSTIN,78758,227,,unclassified,,,,,,Austin: North,,78758,,MB105631095|1
MB106288287,1,32070365450,THE TIPSY ALCHEMIST,70 RAINEY ST STE 200,AUSTIN,78701,227,,unclassified,-97.738853,30.258642,dt_rainey,Rainey Street,,,3.31,78701,,MB106288287|1
MB200057628,3,32072249983,"MOONIES MF, LLC",109 N HIGHWAY 183,LEANDER,78641,246,,unclassified,,,,,,Cedar Park / Leander,,78641,,MB200057628|3
MB200065843,10,12084013908,AUSTIN SOUTHPARK HOTEL,4140 GOVERNORS ROW,AUSTIN,78744,227,,unclassified,-97.750137,30.213486,off_southeast,,,Southeast,0.93,78744,,MB200065843|10
MB200085594,4,32085006875,DELUCCA GAUCHO PIZZA AND WINE,4200 W BRAKER LN STE B,AUSTIN,78759,227,722511,casual_full_service,-97.739293,30.398964,off_north_burnet_gateway,,,North Burnet/Gateway,12.7,78759,,MB200085594|4
MB200110780,1,32051844242,CUVEE COFFEE,2000 E 6TH ST STE 1,AUSTIN,78702,227,,unclassified,-97.720844,30.261106,east_6th_7th,East Austin,East 6th / 7th,,4.07,78702,,MB200110780|1
MB200122740,2,32065093307,WYNDHAM GARDENS,3401 S INTERSTATE 35,AUSTIN,78741,227,,unclassified,-97.746947,30.223323,off_east_riverside_oltorf,,,East Riverside/Oltorf,1.19,78741,,MB200122740|2
MB743037,1,32039603009,DETOUR DOMAIN,11101 BURNET RD STE B120,AUSTIN,78758,227,,unclassified,-97.720418,30.395292,off_north_burnet_gateway,,,North Burnet/Gateway,12.64,78758,,MB743037|1
MB885463,1,32053757525,COVER 3,1717 W 6TH ST STE 2,AUSTIN,78703,227,,unclassified,-97.765726,30.276538,off_old_west_austin,,,Old West Austin,4.14,78703,,MB885463|1
MB941587,1,32048794401,"CINCO SENTIDOS, LLC",2000 SAM BASS RD STE 101,ROUND ROCK,78681,246,,unclassified,,,,,,Round Rock / Georgetown,,78681,,MB941587|1
MB980547,1,32061963131,CARINOS ITALIAN,12901 N INTERSTATE 35 STE 16,AUSTIN,78753,227,722511,casual_full_service,-97.673121,30.414109,,,,Austin: North,14.72,78753,,MB980547|1
NT200159050,2,32049641296,THE TEJAS FOUNDATION,2600 RIO GRANDE ST,AUSTIN,78705,227,,unclassified,-97.744432,30.290673,off_central_austin,,,Central Austin,5.27,78705,,NT200159050|2
NT200160037,1,32086017715,STONY POINT LACROSSE,3640 ROSALINA LOOP,ROUND ROCK,78665,246,,unclassified,,,,,,Round Rock / Georgetown,,78665,,NT200160037|1
NT200160663,2,17427748268,ST MARTIN DE PORRIS KNIGHTS OF COLUMBUS 11695,300 W MERCER ST,DRIPPING SPRINGS,78620,105,,unclassified,,,,,,Hays County,,78620,,NT200160663|2
NT200161023,1,32087611243,ROTARY CLUB OF PFLUGERVILLE FOUNDATION,18500 TX-130 SERVICE RD,PFLUGERVILLE,78660,227,,unclassified,,,,,,Pflugerville / Manor,,78660,,NT200161023|1
NT200161397,3,32011153346,LAGO VISTA FESTIVAL FOUNDATION,10304 LAKESIDE DR,JONESTOWN,78645,227,,unclassified,,,,,,Cedar Park / Leander,,78645,,NT200161397|3
NT200162031,3,32092516759,ONE SAMPLE CULTURAL FOUNDATION,8120 RESEARCH BLVD STE 100,AUSTIN,78758,227,,unclassified,-97.714963,30.353245,off_crestview_wooten,,,Crestview/Wooten,9.91,78758,,NT200162031|3
NT200162045,1,32003190033,INDIA CATHOLIC ASSOCIATION OF CENTRAL TEXAS,10205 N FM 620 RD,AUSTIN,78726,227,,unclassified,-97.83456,30.441451,,,,Austin: Northwest,16.08,78726,,NT200162045|1
NT200162464,2,12725254945,AMERICAN INNS OF COURT FOUNDATION(AUSTIN CH.30432),1702 ALDRIDGE DR # A2,AUSTIN,78754,227,,unclassified,-97.672533,30.347257,,,,Austin: Northeast,10.59,78754,,NT200162464|2
NT200163536,1,32011153346,LAGO VISTA FESTIVAL FOUNDATION,6608 BAR K CLUBHOUSE CT,LAGO VISTA,78645,227,,unclassified,,,,,,Cedar Park / Leander,,78645,,NT200163536|1
NT200163849,3,32074423883,BALANCED & CONSISTENCY.ORG,1100 E 5TH ST,AUSTIN,78702,227,,unclassified,-97.731945,30.263841,east_holly_ecc,East Austin,Holly / East Cesar Chavez,,3.83,78702,,NT200163849|3
RM577700,1,17430130694,DOS SALSAS CAFE INC,1104 S MAIN ST,GEORGETOWN,78626,246,,unclassified,,,,,,Round Rock / Georgetown,,78626,,RM577700|1
D 200140291,1,32065509526,AUSTIN VODKA COMPANY LLC,12440 TRAIL DRIVER STE 302-305 & 103-104,AUSTIN,78737,105,,unclassified,,,,,,Austin: Southwest,,78737,,D 200140291|1
MB105691397,2,32038583483,BOBO'S SNACK BAR,3850 AIRPORT BLVD,AUSTIN,78722,227,722511,casual_full_service,-97.707445,30.289959,off_upper_boggy_creek,,,Upper Boggy Creek,6.14,78722,,MB105691397|2
MB106020593,3,32067117427,COURTYARD BY MARRIOTT AUSTIN ROUND ROCK,2700 HOPPE TRL,ROUND ROCK,78681,246,,unclassified,,,,,,Round Rock / Georgetown,,78681,,MB106020593|3
MB106162482,1,32069007337,MIS AMIGOS GRILL AND BAR,14509 FM 969 UNIT 109,AUSTIN,78724,227,,unclassified,-97.582952,30.24746,,,,Austin: Far East,11.09,78724,,MB106162482|1
MB1111937,1,32077029596,HYATT PLACE AUSTIN ARBORETUM,3612 TUDOR BLVD,AUSTIN,78759,227,,unclassified,-97.73685,30.383937,off_north_burnet_gateway,,,North Burnet/Gateway,11.69,78759,,MB1111937|1
MB200040541,2,32060527937,SOUTH FORK FUN FOOD AND BREW,3309 W STATE HIGHWAY 29,GEORGETOWN,78628,246,,unclassified,,,,,,Round Rock / Georgetown,,78628,,MB200040541|2
MB200046396,58,32062485571,HYATT PLACE AUSTIN ROUND ROCK,420 SUNDANCE PKWY,ROUND ROCK,78681,246,722410,bar,,,,,,Round Rock / Georgetown,,78681,,MB200046396|58
MB200049596,9,32080827234,HILTON GARDEN INN AUSTIN NORTH,12400 N INTERSTATE 35 STE C,AUSTIN,78753,227,722410,bar,-97.6754,30.403888,,,,Austin: North,14.01,78753,,MB200049596|9
MB200061668,1,32080443537,MIXTAPE,108 E 2ND ST,TAYLOR,76574,246,,unclassified,,,,,,Round Rock / Georgetown,,76574,,MB200061668|1
MB200087568,2,32087247774,EVENT COLLECTIVE,1717 SCOTTSDALE DR,CEDAR PARK,78641,246,,unclassified,,,,,,Cedar Park / Leander,,78641,,MB200087568|2
MB725736,1,32039211423,QUATTRO GATTI RESTAURANT,908 CONGRESS AVE,AUSTIN,78701,227,,unclassified,-97.741663,30.271162,dt_core,Downtown,,,4.03,78701,,MB725736|1
MB893795,1,32043565772,SKYLARK LOUNGE,2039 AIRPORT BLVD,AUSTIN,78722,227,,unclassified,-97.705293,30.284587,off_rosewood,,,Rosewood,5.91,78722,,MB893795|1
MB905042,1,32055943255,FULL CIRCLE BAR,1810 E 12TH ST,AUSTIN,78702,227,,unclassified,-97.720377,30.273729,east_12th,East Austin,East 12th and north,,4.78,78702,,MB905042|1
MB905641,1,32054019644,IRENE'S,506 WEST AVE,AUSTIN,78701,227,,unclassified,-97.750832,30.269664,dt_2nd_warehouse,2nd Street / Warehouse,,,3.77,78701,,MB905641|1
MB906272,2,32051492745,GINO'S VINO OSTERIA,1200 BARBARA JORDAN BLVD,AUSTIN,78723,227,,unclassified,-97.709185,30.306752,off_rmma,,,RMMA,7.08,78723,,MB906272|2
MB966764,2,32023262572,LOS POTRILLOS RESTAURANT,9120 N INTERSTATE 35,AUSTIN,78753,227,,unclassified,-97.689385,30.355904,off_heritage_hills_windsor_hills,,,Heritage Hills Windsor Hills,10.64,78753,,MB966764|2
NT200163078,1,30007667568,"GAMMA ETA LAMBDA CHAPTER, ALPHA PHI ALPHA",1836 SAN JACINTO BLVD,AUSTIN,78701,227,,unclassified,-97.735789,30.279784,dt_core,Downtown,,,4.71,78701,,NT200163078|1
NT200163293,1,32087621788,LEANDER & CEDAR PARK FRATERNAL ORDER FOUNDATION,2255 S HIGHWAY 183,LEANDER,78641,246,,unclassified,,,,,,Cedar Park / Leander,,78641,,NT200163293|1
NT200164142,11,17425387879,A3 ART ALLIANCE AUSTIN,2403 E 16TH ST,AUSTIN,78702,227,,unclassified,-97.715417,30.277549,east_12th,East Austin,East 12th and north,,5.16,78702,,NT200164142|11
NT200164214,1,32060915827,"C T LOBOS YOUTH ACADEMY, INC.",110 RADAM LN,AUSTIN,78745,227,,unclassified,-97.764985,30.221446,off_east_congress_sweetbriar_west_congress,,,East Congress / Sweetbriar / West Congress,0.34,78745,,NT200164214|1
TB888883,1,32001011793,REV ACCT-TAX ALLOCATION ACCOUNT,LBJ STATE OFFICE BLDG-TAX ALLOC SECTION,AUSTIN,78701,227,,unclassified,,,dt_core,Downtown,,,,78701,zip_majority,TB888883|1
D 200056250,2,32059865322,TEXAS ALCHEMIST DISTILLERS,12501 PAULS VALLEY RD STE C,AUSTIN,78737,105,,unclassified,,,,,,Austin: Southwest,,78737,,D 200056250|2
MB103526405,2,32048423274,RIO,601 RIO GRANDE ST STE 200-300,AUSTIN,78701,227,,unclassified,-97.749511,30.270002,dt_core,Downtown,,,3.81,78701,,MB103526405|2
MB105279798,3,32058106132,PARTY PULSE,5555 N LAMAR BLVD STE K103,AUSTIN,78751,227,,unclassified,-97.727478,30.324177,off_north_loop,,,North Loop,7.77,78751,,MB105279798|3
MB105928939,1,32067117427,HYATT PLACE AUSTIN,9532 SPIRIT OF AUSTIN,AUSTIN,78719,227,,unclassified,-97.666312,30.211005,,,,Austin: Southeast / Del Valle,5.92,78719,,MB105928939|1
MB106191555,1,32067836398,221B BAKER ST. PUB & GRILL,3003 S LAMAR BLVD STE F100,AUSTIN,78704,227,,unclassified,-97.783828,30.242571,slamar,South Lamar,,,2.11,78704,,MB106191555|1
MB106926162,387,17519330587,CHILI'S GRILL & BAR,7710 N FM 620 RD BLDG 2,AUSTIN,78726,227,,unclassified,-97.850063,30.41153,,,,Austin: Northwest,14.39,78726,,MB106926162|387
MB107085064,1,32075213457,HIGHER GROUND,720 CONGRESS AVE,AUSTIN,78701,227,,unclassified,-97.742181,30.269754,dt_core,Downtown,,,3.93,78701,,MB107085064|1
MB107109460,1,32077003401,MA'COCO,501 COMAL ST,AUSTIN,78702,227,,unclassified,-97.726948,30.262209,east_6th_7th,East Austin,East 6th / 7th,,3.9,78702,,MB107109460|1
MB1080665,1,32072453585,IDLE HANDS,85 RAINEY ST,AUSTIN,78701,227,,unclassified,-97.738414,30.259808,dt_rainey,Rainey Street,,,3.39,78701,,MB1080665|1
MB1122827,1,32074120497,"AUSTIN LICENSE HOLDER, LLC",5610 N INTERSTATE 35,AUSTIN,78751,227,,unclassified,-97.707823,30.315998,off_north_loop,,,North Loop,7.68,78751,,MB1122827|1
MB200038173,1,32077106808,MERCER ST. TAPROOM,12005 W HIGHWAY 290,AUSTIN,78737,227,,unclassified,,,,,,Austin: Southwest,,78737,,MB200038173|1
MB200047347,1,32082127906,TEXAS TOAST BRUNCH & BURGERS,5000 HUDSON BEND RD STE H,AUSTIN,78734,227,,unclassified,-97.926791,30.412183,,,,Westlake / Lakeway,16.6,78734,,MB200047347|1
MB200085691,2,32083789704,CHIX STATION,3100 GUADALUPE ST,AUSTIN,78705,227,,unclassified,-97.741206,30.297891,off_central_austin,,,Central Austin,5.8,78705,,MB200085691|2
MB200115158,1,32091049836,ROMANO'S MACARONI GRILL,2501 S INTERSTATE 35,ROUND ROCK,78664,246,,unclassified,,,,,,Round Rock / Georgetown,,78664,,MB200115158|1
MB200117101,1,32092560179,GOLDEN NAIL LOUNGE,14015 RONALD W REAGAN BLVD STE 301,CEDAR PARK,78641,246,,unclassified,,,,,,Cedar Park / Leander,,78641,,MB200117101|1
MB200130024,1,32093713298,RED APPLE SMOKE SHOP,5100 BURNET RD,AUSTIN,78756,227,,unclassified,-97.73936,30.322463,off_brentwood_highland,,,Brentwood/Highland,7.48,78756,,MB200130024|1
MB200159275,1,32095229004,ROUND TABLE PIZZA,250 UNIVERSITY BLVD # 640,ROUND ROCK,78665,246,,unclassified,,,,,,Round Rock / Georgetown,,78665,,MB200159275|1
MB493275,1,17429924594,FLEMING'S PRIME STEAKHOUSE AND WINE BAR,320 E 2ND ST,AUSTIN,78701,227,722511,casual_full_service,-97.741262,30.263493,dt_core,Downtown,,,3.55,78701,,MB493275|1
MB614182,1,32069148578,SPIDER HOUSE,2908 FRUTH ST,AUSTIN,78705,227,,unclassified,-97.741587,30.295369,off_central_austin,,,Central Austin,5.63,78705,,MB614182|1
MB710777,1,12630501570,THE 512 ON 6TH,408 E 6TH ST,AUSTIN,78701,227,,unclassified,-97.73898,30.266978,dt_core,Downtown,,,3.82,78701,,MB710777|1
MB794883,1,32045542621,OLIVE & JUNE,3411 GLENVIEW AVE,AUSTIN,78703,227,722511,casual_full_service,-97.751143,30.307514,off_rosedale,,,Rosedale,6.34,78703,,MB794883|1
MB908559,461,17430106587,HEB LAKEWAY CAFE,2000 RANCH ROAD 620 S STE B,LAKEWAY,78734,227,,unclassified,,,,,,Westlake / Lakeway,,78734,,MB908559|461
MB913070,39,17427050780,WLS BEVERAGE CO,310 E 5TH ST,AUSTIN,78701,227,722511,casual_full_service,-97.740335,30.266325,dt_core,Downtown,,,3.75,78701,,MB913070|39
MB930571,55,32053989078,HOOTERS,310 NORTH ST # IH35 C/O STE 201,SAN MARCOS,78666,105,722511,casual_full_service,,,,,,Hays County,,78666,,MB930571|55
MB933166,1,32057486485,SALVATION PIZZA,11501 ROCK ROSE AVE STE 146,AUSTIN,78758,227,722511,casual_full_service,-97.722696,30.401331,off_north_burnet_gateway,,,North Burnet/Gateway,13.02,78758,,MB933166|1
MB983750,1,32050235871,DRAFTING ROOM,88 1/2 RAINEY ST,AUSTIN,78701,227,,unclassified,,,dt_core,Downtown,,,,78701,zip_majority,MB983750|1
NT200162275,2,17429831591,TEXAS HILL COUNTRY WINERIES,710 W CESAR CHAVEZ ST,AUSTIN,78701,227,,unclassified,-97.752266,30.265614,dt_2nd_warehouse,2nd Street / Warehouse,,,3.48,78701,,NT200162275|2
NT200163720,1,32011483107,IMPACT AUSTIN FOUNDATION,701 W CESAR CHAVEZ ST,AUSTIN,78701,227,,unclassified,-97.752095,30.265562,dt_2nd_warehouse,2nd Street / Warehouse,,,3.48,78701,,NT200163720|1
NT200165530,7,18706999564,THE TRAIL CONSERVANCY,700 W RIVERSIDE DR,AUSTIN,78704,227,,unclassified,-97.749573,30.260164,off_bouldin_creek,,,Bouldin Creek,3.16,78704,,NT200165530|7
NT200165713,2,32049327169,J.O.I. COMMUNITY OUTREACH,900 CHICON ST,AUSTIN,78702,227,,unclassified,-97.72136,30.2642,off_central_east_austin,,,Central East Austin,4.21,78702,,NT200165713|2
NT200165867,3,32049327169,J.O.I. COMMUNITY OUTREACH,6614 BLUE BLUFF RD,AUSTIN,78724,227,,unclassified,-97.609037,30.28183,,,,Austin: Far East,10.36,78724,,NT200165867|3
NT200166855,1,32000255912,HUTTO ECONOMIC DEVELOPMENT CORPORATION,500 W LIVE OAK ST,HUTTO,78634,246,,unclassified,,,,,,Round Rock / Georgetown,,78634,,NT200166855|1
NT200167078,2,12022258565,LIONS CLUB OF LAGO VISTA CHARITABLE FUND,7000 BAR K RANCH RD,LAGO VISTA,78645,227,,unclassified,,,,,,Cedar Park / Leander,,78645,,NT200167078|2
NT200167654,1,32084785586,THE WILCO OMEGA SCHOLARSHIP FOUNDATION,3300 E PALM VALLEY BLVD,ROUND ROCK,78665,246,,unclassified,,,,,,Round Rock / Georgetown,,78665,,NT200167654|1
NT200168566,6,17424443947,HUTTO CHAMBER OF COMMERCE,111 EAST ST,HUTTO,78634,246,,unclassified,,,,,,Round Rock / Georgetown,,78634,,NT200168566|6
D 1127445,1,32073678420,OCCULT DISTILLING CO,22006 ODELL FAIRWAY TRL STE A,SPICEWOOD,78669,227,,unclassified,,,,,,,,78669,,D 1127445|1
MB104116132,1,32043088841,PIZZERIA SORELLINA,23526 STATE HIGHWAY 71 W,SPICEWOOD,78669,227,,unclassified,,,,,,,,78669,,MB104116132|1
MB104666420,5,32057692074,Z'TEJAS,18920 INTERSTATE 35,KYLE,78640,105,,unclassified,,,,,,Hays County,,78640,,MB104666420|5
MB105625498,1,32065745005,THE PARISH,501 N INTERSTATE 35 STE 113,AUSTIN,78702,227,,unclassified,-97.73447,30.264676,east_holly_ecc,East Austin,Holly / East Cesar Chavez,,3.8,78702,,MB105625498|1
MB105780346,1,32066152284,HYATT PLACE AUSTIN/CEDAR PARK,1315 E NEW HOPE DR,CEDAR PARK,78641,246,,unclassified,,,,,,Cedar Park / Leander,,78641,,MB105780346|1
MB1069994,1,32071118676,THE REPUBLIC,15609 RONALD W REAGAN BLVD BLDG A100,LEANDER,78641,246,,unclassified,,,,,,Cedar Park / Leander,,78641,,MB1069994|1
MB1079607,1,32071481710,THE BACKSPACE,1745 W ANDERSON LN # 6,AUSTIN,78757,227,722511,casual_full_service,-97.72492,30.353322,off_crestview_wooten,,,Crestview/Wooten,9.75,78757,,MB1079607|1
MB1088158,1,32073639430,SAVAGE'S HILL COUNTRY BAR,9595 RANCH ROAD 12 STE 10,WIMBERLEY,78676,105,,unclassified,,,,,,Hays County,,78676,,MB1088158|1
MB1113796,1,32073685961,OUTER HEAVEN,1808 E 12TH ST,AUSTIN,78702,227,,unclassified,-97.720479,30.273715,east_12th,East Austin,East 12th and north,,4.77,78702,,MB1113796|1
MB1125697,4,32057692074,Z'TEJAS SOUTHWEST GRILL,14900 AVERY RANCH BLVD STE B100,AUSTIN,78717,246,,unclassified,-97.776806,30.497634,,,,Austin: Northwest,19.43,78717,,MB1125697|4
MB200065880,1,32065988431,"JAN CHI, INC",3808 SPICEWOOD SPRINGS RD STE 104,AUSTIN,78759,227,,unclassified,,,,,,Austin: Northwest,,78759,,MB200065880|1
MB200093054,1,32084762254,ZOE TONG,1530 BARTON SPRINGS RD,AUSTIN,78704,227,,unclassified,-97.761405,30.261863,off_barton_hills_galindo_south_lamar_zilker,,,Barton Hills / Galindo / South Lamar / Zilker,3.14,78704,,MB200093054|1
MB200094596,1,32089478021,VECINOS LOUNGE,4701 PRIEM LN STE 2F,PFLUGERVILLE,78660,227,,unclassified,,,,,,Pflugerville / Manor,,78660,,MB200094596|1
MB200096875,2,32089777513,CORAZON DE MEXICO,3201 FM 3237,WIMBERLEY,78676,105,,unclassified,,,,,,Hays County,,78676,,MB200096875|2
MB200099624,1,32089789922,PEARL AND FIN OYSTER BAR,1611 W 5TH ST STE 105,AUSTIN,78703,227,,unclassified,-97.763946,30.274181,off_old_west_austin,,,Old West Austin,3.98,78703,,MB200099624|1
MB200117007,1,32089446952,TJADES'S ASIAN CUISINE,410 W WHITESTONE BLVD STE 100,CEDAR PARK,78613,246,,unclassified,,,,,,Cedar Park / Leander,,78613,,MB200117007|1
MB200152120,1,32097522497,ZENO'N MEXICAN RESTAURANT,5610 N LAMAR BLVD,AUSTIN,78751,227,,unclassified,-97.726849,30.325164,off_brentwood_highland,,,Brentwood/Highland,7.85,78751,,MB200152120|1
MB233565,1,17418936534,GRINS RESTAURANT,802 N L B J DR,SAN MARCOS,78666,105,,unclassified,,,,,,Hays County,,78666,,MB233565|1
MB780424,1,32044277575,THE LOST WELL,2421 WEBBERVILLE RD,AUSTIN,78702,227,,unclassified,-97.714592,30.262836,off_central_east_austin,,,Central East Austin,4.4,78702,,MB780424|1
MB925265,1,32056234928,OAST HOUSE,8300 N FM 620 RD BLDG E,AUSTIN,78726,227,722511,casual_full_service,-97.84524,30.421315,,,,Austin: Northwest,14.93,78726,,MB925265|1
MB935853,2,32057692074,Z'TEJAS,10525 W PARMER LN,AUSTIN,78717,246,,unclassified,-97.775395,30.49774,,,,Austin: Northwest,19.44,78717,,MB935853|2
D 200104200,1,32089582327,STEAM CRAFT SPIRITS LLC,599 GATLIN RANCH RD,LIBERTY HILL,78642,246,,unclassified,,,,,,Cedar Park / Leander,,78642,,D 200104200|1
MB106309531,1,32070909018,BIJOU LOUNGE,415 E 6TH ST,AUSTIN,78701,227,,unclassified,-97.738663,30.266895,dt_core,Downtown,,,3.83,78701,,MB106309531|1
MB1077644,1,32068620791,WALNUT CREEK PUB,11806 N LAMAR BLVD,AUSTIN,78753,227,,unclassified,-97.683309,30.388385,,,,Austin: North,12.84,78753,,MB1077644|1
MB1125296,2,32070436905,LOS BUHOS 2,116 E PARSONS ST # B,MANOR,78653,227,,unclassified,,,,,,Pflugerville / Manor,,78653,,MB1125296|2
MB1128494,1,32075884828,PROGRESS 3421 LLC,3421 N INTERSTATE 35,AUSTIN,78722,227,,unclassified,-97.721174,30.292772,off_central_austin,,,Central Austin,5.89,78722,,MB1128494|1
MB1129224,1,32076689176,THE PITCH,13000 HARRIS RIDGE BLVD,AUSTIN,78753,227,,unclassified,-97.655109,30.404588,,,,Austin: North,14.56,78753,,MB1129224|1
MB200098619,2,32081969324,FRANCES MODERN INN,1123 E 11TH ST,AUSTIN,78702,227,,unclassified,-97.728182,30.268813,east_12th,East Austin,East 12th and north,,4.24,78702,,MB200098619|2
MB602351,1,32026321656,LOS PINOS RESTAURANT,4919 HUDSON BEND RD,AUSTIN,78734,227,722511,casual_full_service,-97.926763,30.412131,,,,Westlake / Lakeway,16.59,78734,,MB602351|1
MB632785,1,19002231918,MARISCOS TAMPICO RESTAURANT,10601 N LAMAR BLVD,AUSTIN,78753,227,,unclassified,-97.690137,30.375292,off_north_austin_civic_association,,,North Austin Civic Association,11.85,78753,,MB632785|1
MB699391,2,32009312078,BON APPETIT @ ST. EDWARDS,3001 S CONGRESS AVE,AUSTIN,78704,227,722511,casual_full_service,-97.758491,30.23243,off_dawson,,,Dawson,1.17,78704,,MB699391|2
MB731844,1,18004245918,JEWBOY SUB SHOP,6701 BURNET RD STE A-3,AUSTIN,78757,227,,unclassified,-97.738428,30.343457,off_allandale,,,Allandale,8.91,78757,,MB731844|1
MB815139,2,32048051315,HECHO IN MEXICO,2101 MONTOPOLIS DR UNIT 23,AUSTIN,78741,227,722511,casual_full_service,-97.704314,30.223584,off_montopolis,,,Montopolis,3.68,78741,,MB815139|2
MB993696,2,32064236923,FUEGO LATINO GASTROPUB,708 S AUSTIN AVE STE 101,GEORGETOWN,78626,246,,unclassified,,,,,,Round Rock / Georgetown,,78626,,MB993696|2
MB994614,2,32049332334,HIDEAWAY KITCHEN AND BAR,4323 S INTERSTATE 35,AUSTIN,78744,227,722511,casual_full_service,-97.753965,30.211859,off_southeast,,,Southeast,0.75,78744,,MB994614|2
NT200172469,1,32068494767,AUSTIN JAPAN COMMUNITY,301 CHICON ST STE A,AUSTIN,78702,227,,unclassified,-97.723764,30.258974,east_holly_ecc,East Austin,Holly / East Cesar Chavez,,3.84,78702,,NT200172469|1
NT200172477,1,32091319981,MONPUGH INC.,7701 COLTON BLUFF SPRINGS RD,AUSTIN,78744,227,,unclassified,-97.719758,30.154672,,,,Austin: Southeast / Del Valle,5.07,78744,,NT200172477|1
NT200204088,1,17413973714,ST LOUIS CHURCH ACTIVITY CENTER,7601 BURNET RD,AUSTIN,78757,227,,unclassified,-97.733243,30.352237,off_allandale,,,Allandale,9.57,78757,,NT200204088|1
NT200207011,1,32033901201,OUR LADY OF GUADALUPE GIFT SHOP,1206 E 9TH ST,AUSTIN,78702,227,,unclassified,-97.728092,30.266728,off_central_east_austin,,,Central East Austin,4.12,78702,,NT200207011|1
D 939838,1,32049218574,"MIX & MARY, LLC",100 RUSSELL LN STE 1,DRIPPING SPRINGS,78620,105,,unclassified,,,,,,Hays County,,78620,,D 939838|1
MB107251065,2,32072227294,HILDEE'S DINE-INN,13900 RANCH ROAD 12,WIMBERLEY,78676,105,,unclassified,,,,,,Hays County,,78676,,MB107251065|2
MB1094699,1,32070723153,SLAPBOX PIZZICHERIA,9900 W PARMER LN # B100,AUSTIN,78717,246,,unclassified,-97.771218,30.487326,,,,Austin: Northwest,18.71,78717,,MB1094699|1
MB1119134,1,32076673543,MUSEUM OF ICE CREAM,11506 CENTURY OAKS TER STE 128,AUSTIN,78758,227,,unclassified,-97.725939,30.40209,off_north_burnet_gateway,,,North Burnet/Gateway,13.03,78758,,MB1119134|1
MB1129221,5,32044194044,LA BARBECUE,2401 E CESAR CHAVEZ ST,AUSTIN,78702,227,722513,fast_casual,-97.717643,30.25469,east_holly_ecc,East Austin,Holly / East Cesar Chavez,,3.88,78702,,MB1129221|5
MB2000102276,1,32067273063,COLLECTIVE HILL COUNTRY,7431 FULTON RANCH RD,WIMBERLEY,78676,105,,unclassified,,,,,,Hays County,,78676,,MB2000102276|1
MB200147599,1,32097059250,WARPATH PIZZA & PUB,401 CYPRESS CREEK RD STE 600,CEDAR PARK,78613,246,,unclassified,,,,,,Cedar Park / Leander,,78613,,MB200147599|1
MB904092,1,32055813086,HILTON GARDEN INN,11617 RESEARCH BLVD BLDG 4,AUSTIN,78759,227,,unclassified,-97.74578,30.415499,,,,Austin: Northwest,13.8,78759,,MB904092|1
MB990685,1,32063835121,LOS BUHOS,9428 PARKFIELD DR,AUSTIN,78758,227,,unclassified,-97.705747,30.368458,off_north_austin_civic_association,,,North Austin Civic Association,11.08,78758,,MB990685|1
MB991679,1,32052333385,WHISKEY TANGO FOXTROT ICE HOUSE,701 W 6TH ST,AUSTIN,78701,227,,unclassified,-97.749585,30.269968,dt_core,Downtown,,,3.81,78701,,MB991679|1
N 1129287,1,32077354259,ESCUELA VIEJA FARM KITCHEN,6240 W HIGHWAY 290,AUSTIN,78735,227,722513,fast_casual,,,,,,Austin: Southwest,,78735,,N 1129287|1
NT200171418,1,32102145334,ST. PAUL CATHOLIC CHURCH,10000 DAVID MOORE DR,AUSTIN,78748,227,,unclassified,-97.813788,30.167069,,,,Austin: Far South,4.48,78748,,NT200171418|1
NT200172615,5,17418343749,OPEN DOOR PRESCHOOLS,710 W CESAR CHAVEZ ST,AUSTIN,78701,227,,unclassified,-97.752266,30.265614,dt_2nd_warehouse,2nd Street / Warehouse,,,3.48,78701,,NT200172615|5
NT200173207,2,17418931451,ST ELIAS ANTIOCHIAN ORTHODOX CHURCH,408 E 11TH ST,AUSTIN,78701,227,,unclassified,-97.737427,30.271728,dt_core,Downtown,,,4.16,78701,,NT200173207|2
NT200175177,1,32099110275,BOYS & GIRLS CLUBS OF SOUTH CENTRAL TEXAS,2300 ROSEWOOD AVE,AUSTIN,78702,227,,unclassified,-97.715131,30.270341,east_12th,East Austin,East 12th and north,,4.77,78702,,NT200175177|1
NT200175578,1,32102145300,CENTER FOR CULINARY CULTURE,1500 E 4TH ST,AUSTIN,78702,227,,unclassified,-97.728382,30.261573,east_holly_ecc,East Austin,Holly / East Cesar Chavez,,3.81,78702,,NT200175578|1
NT200176078,1,17460214699,ST MARY'S SCHOOL,520 WASHBURN ST,TAYLOR,76574,246,,unclassified,,,,,,Round Rock / Georgetown,,76574,,NT200176078|1
NT200176102,1,32082962518,ACCESS EDUCATION RRISD,1611 CHISHOLM TRAIL RD,ROUND ROCK,78681,246,,unclassified,,,,,,Round Rock / Georgetown,,78681,,NT200176102|1
NT200176215,2,17426843359,ANY BABY CAN OF AUSTIN,8401 CAMERON RD,AUSTIN,78754,227,,unclassified,-97.680834,30.341146,off_heritage_hills_windsor_hills,,,Heritage Hills Windsor Hills,9.98,78754,,NT200176215|2
NT200176327,2,30114053652,CAPITAL CITY MEN'S CHORUS DBA AUSTIN GAY MEN'S CHO,41 NAVASOTA ST,AUSTIN,78702,227,,unclassified,-97.732821,30.254012,east_holly_ecc,East Austin,Holly / East Cesar Chavez,,3.23,78702,,NT200176327|2
NT200176759,1,15623743877,"BLACK EX-STUDENTS OF TEXAS, INC.",110 INNER CAMPUS DR,AUSTIN,78712,227,,unclassified,-97.739433,30.286674,off_ut,,,UT,5.09,78712,,NT200176759|1
NT200176819,1,17424206583,LAKE TRAVIS CHAMBER OF COMMERCE,5973 HILINE RD,AUSTIN,78734,227,,unclassified,,,,,,Westlake / Lakeway,,78734,,NT200176819|1
NT200176963,1,32099472832,EAZYLION INC.,12363 WATERS PARK RD,AUSTIN,78759,227,,unclassified,-97.707978,30.418154,,,,Austin: Northwest,14.34,78759,,NT200176963|1
NT200177099,2,17413976030,ST JULIA CATHOLIC CHURCH,3010 LYONS RD,AUSTIN,78702,227,,unclassified,-97.705714,30.263162,off_govalle_johnston_terrace,,,Govalle/Johnston Terrace,4.8,78702,,NT200177099|2
NT200177303,3,32040603451,AUSTIN CREATIVE REUSE,2006 PHILOMENA ST,AUSTIN,78723,227,,unclassified,-97.702733,30.299971,off_rmma,,,RMMA,6.87,78723,,NT200177303|3
NT200177586,1,17401469295,CAPITAL AREA COUNSELING,5600 E WILLIAM CANNON,AUSTIN,78744,227,,unclassified,-97.74496,30.177831,,,,Austin: Southeast / Del Valle,2.94,78744,,NT200177586|1
NT200178776,2,32068048704,CONTRACOMMON,12712 HILL COUNTRY BLVD,BEE CAVE,78738,227,,unclassified,,,,,,Westlake / Lakeway,,78738,,NT200178776|2
NT200202388,4,17414736193,ST JOHN'S RELIGIOUS GIFTS AND BOOKSTORE,624 E HOPKINS ST,SAN MARCOS,78666,105,,unclassified,,,,,,Hays County,,78666,,NT200202388|4
NT200207257,1,32033901581,ST. VINCENT DE PAUL CATHOLIC CHURCH,9500 NEENAH AVE,AUSTIN,78717,246,,unclassified,-97.76403,30.487801,,,,Austin: Northwest,18.74,78717,,NT200207257|1
NT200207377,2,32050355885,TEXAS GUN SENSE,710 W CESAR CHAVEZ ST,AUSTIN,78701,227,,unclassified,-97.752266,30.265614,dt_2nd_warehouse,2nd Street / Warehouse,,,3.48,78701,,NT200207377|2
D 200090504,2,32049722302,2XL SWAGGER BRANDS,5651 FM 971 C/O BLDG B/WEST-SOUTH BUILDING,GEORGETOWN,78626,246,312140,brewery_winery_distillery,,,,,,Round Rock / Georgetown,,78626,,D 200090504|2
MB104078620,1,32051702119,SALVATION PIZZA,51 RAINEY ST APT 130,AUSTIN,78701,227,722511,casual_full_service,-97.739404,30.257171,dt_rainey,Rainey Street,,,3.2,78701,,MB104078620|1
MB104114932,1,32054776664,THE ROCK SPORTS BAR,114 E MAIN ST,ROUND ROCK,78664,246,722511,casual_full_service,,,,,,Round Rock / Georgetown,,78664,,MB104114932|1
MB106100672,1,32068965766,THE FLATS,205 N MAYS ST,ROUND ROCK,78664,246,722511,casual_full_service,,,,,,Round Rock / Georgetown,,78664,,MB106100672|1
MB106481170,1,32069563800,SNACK ROOM,1400 E OLD SETTLERS BLVD STE 202,ROUND ROCK,78664,246,,unclassified,,,,,,Round Rock / Georgetown,,78664,,MB106481170|1
MB1120700,3,32059237373,VAQUERO TAQUERO,603 SABINE ST,AUSTIN,78701,227,722330,food_truck,-97.736081,30.26633,dt_core,Downtown,,,3.86,78701,,MB1120700|3
MB1124702,2,32078771592,LA ULTIMA Y NOS VAMOS SPORTS BAR,9710 N LAMAR BLVD,AUSTIN,78753,227,722410,bar,-97.694643,30.367279,off_north_lamar,,,North Lamar,11.24,78753,,MB1124702|2
MB200083494,1,32087182047,CLUB 420 ATX,500 E 5TH ST,AUSTIN,78701,227,,unclassified,-97.738596,30.265848,dt_core,Downtown,,,3.76,78701,,MB200083494|1
MB200106530,1,32089225968,MA'COCO,302 S MAIN ST STE 101,BUDA,78610,105,,unclassified,,,,,,Hays County,,78610,,MB200106530|1
MB200118061,1,32090873822,BAR GIMMICKS,2007 KRAMER LN STE 105,AUSTIN,78758,227,,unclassified,-97.710326,30.388709,off_north_austin_civic_association,,,North Austin Civic Association,12.34,78758,,MB200118061|1
MB200122979,1,32092010456,REDBUD ICEHOUSE,2027 ANCHOR LN,AUSTIN,78723,227,,unclassified,-97.703762,30.288668,off_rmma,,,RMMA,6.19,78723,,MB200122979|1
MB200139866,1,32095107838,NEON ARMADILLO WTX,13701 RANCH ROAD 12,WIMBERLEY,78676,105,722511,casual_full_service,,,,,,Hays County,,78676,,MB200139866|1
MB200145524,1,32088321107,ALO 5,7710 N FM 620 RD UNIT 710,AUSTIN,78726,227,,unclassified,-97.850063,30.41153,,,,Austin: Northwest,14.39,78726,,MB200145524|1
MB947560,1,32057925201,FORTHRIGHT,98 SAN JACINTO BLVD STE 170,AUSTIN,78701,227,,unclassified,-97.742212,30.262412,dt_core,Downtown,,,3.46,78701,,MB947560|1
MB994454,1,32056119483,YALL'S DOWN HOME CAFE,2000 S INTERSTATE 35 STE G1,ROUND ROCK,78681,246,,unclassified,,,,,,Round Rock / Georgetown,,78681,,MB994454|1
N 200142653,1,32095998053,TACO TEX Y MICHELADAS,11720 N INTERSTATE 35 STE 900,JARRELL,76537,246,,unclassified,,,,,,,,76537,,N 200142653|1
NT200174213,1,32090513899,THE ZACHARY COLE FOUNDATION,204 E 4TH ST,AUSTIN,78701,227,,unclassified,-97.741902,30.265768,dt_core,Downtown,,,3.68,78701,,NT200174213|1
NT200177715,2,17409341751,GREATER TAYLOR CHAMBER OF COMMERCE,410 W 7TH ST,TAYLOR,76574,246,,unclassified,,,,,,Round Rock / Georgetown,,76574,,NT200177715|2
NT200177725,1,32033900609,ST. HELEN CATHOLIC CHURCH,2700 E UNIVERSITY AVE,GEORGETOWN,78626,246,,unclassified,,,,,,Round Rock / Georgetown,,78626,,NT200177725|1
NT200178205,3,17413139068,ST. IGNATIUS MARTYR CATHOLIC CHURCH,126 W OLTORF ST,AUSTIN,78704,227,,unclassified,-97.754996,30.239698,soco,South Congress,,,1.71,78704,,NT200178205|3
NT200178521,8,17416771594,ST ANTHONY MARIE DE CLARET CHR,801 S BURLESON ST,KYLE,78640,105,,unclassified,,,,,,Hays County,,78640,,NT200178521|8
NT200179310,3,32051810326,SHOAL CREEK CONSERVANCY,828 W 6TH ST,AUSTIN,78703,227,,unclassified,-97.75191,30.270734,dt_2nd_warehouse,2nd Street / Warehouse,,,3.83,78703,,NT200179310|3
NT200179547,1,32033901342,ST. JOSEPH CATHOLIC CHURCH,10104 HILL LN,MANOR,78653,227,,unclassified,,,,,,Pflugerville / Manor,,78653,,NT200179547|1
NT200180093,1,32102897215,SALLIE A HUNT FOUNDATION,404 ATLANTA ST,AUSTIN,78703,227,,unclassified,-97.770867,30.276651,off_central_west_austin,,,Central West Austin,4.17,78703,,NT200180093|1
NT200180162,2,32003944017,HEADWATERS SCHOOL,9607 BRODIE LN,AUSTIN,78748,227,,unclassified,-97.846756,30.188448,,,,Austin: Far South,5.24,78748,,NT200180162|2
NT200180290,1,17425091497,INTERFAITH ACTION OF CENTRAL TEXAS,901 TRINITY ST,AUSTIN,78701,227,,unclassified,-97.738252,30.269956,dt_core,Downtown,,,4.03,78701,,NT200180290|1
D 1068662,2,32062289999,RANCH HAND LLC,12501 PAULS VALLEY RD STE DAND,AUSTIN,78737,105,,unclassified,,,,,,Austin: Southwest,,78737,,D 1068662|2
D 997769,1,32063887528,A.W. CRAFT DISTILLERY LLC,274 BUCK BND # B,GEORGETOWN,78628,246,312140,brewery_winery_distillery,,,,,,Round Rock / Georgetown,,78628,,D 997769|1
MB105758600,1,32065046339,DIP DIP DIP TATSU-YA,7301 BURNET RD,AUSTIN,78757,227,,unclassified,-97.735143,30.349213,off_crestview_wooten,,,Crestview/Wooten,9.34,78757,,MB105758600|1
MB1072098,1,32070694206,FLOAT THE RIVER BREWING,933 MAIN ST,LIBERTY HILL,78642,246,,unclassified,,,,,,Cedar Park / Leander,,78642,,MB1072098|1
MB200040608,1,32056419396,CONANS PIZZA,2438 W ANDERSON LN STE D2,AUSTIN,78757,227,,unclassified,-97.731403,30.356339,off_allandale,,,Allandale,9.87,78757,,MB200040608|1
MB200053171,1,32082432777,JPARKS SALOON & STANDARD,404 N MAIN ST,BUDA,78610,105,,unclassified,,,,,,Hays County,,78610,,MB200053171|1
MB200099475,1,32084083560,LA GUERRERO SPORTS BAR INC,5611 US HIGHWAY 183 S STE 103,AUSTIN,78744,227,,unclassified,,,,,,Austin: Southeast / Del Valle,,78744,,MB200099475|1
MB200103977,1,32100093478,THE WISHING WELL,2620 PERSEVERANCE DR,AUSTIN,78731,227,722410,bar,-97.752946,30.318309,off_rosedale,,,Rosedale,7.07,78731,,MB200103977|1
MB200106686,1,32089636461,BAMBOO GARDEN WOK N GRILL,7708 LOHMANS FORD RD STE 108B,LAGO VISTA,78645,227,,unclassified,,,,,,Cedar Park / Leander,,78645,,MB200106686|1
MB200108214,2,32079799220,YUKAI,1717 W 6TH ST STE 140R,AUSTIN,78703,227,,unclassified,-97.765726,30.276538,off_old_west_austin,,,Old West Austin,4.14,78703,,MB200108214|2
MB200118122,1,32092645418,HILTON GARDEN INN,2131 N INTERSTATE 35,SAN MARCOS,78666,105,,unclassified,,,,,,Hays County,,78666,,MB200118122|1
MB200148064,1,32096519569,TACO PALENQUE,13201 RANCH ROAD 620 N,AUSTIN,78717,246,722513,fast_casual,,,,,,Austin: Northwest,,78717,,MB200148064|1
MB200166387,2,32098586624,ATX HIDEAWAY KITCHEN & BAR,4323 S INTERSTATE 35,AUSTIN,78744,227,722511,casual_full_service,-97.753965,30.211859,off_southeast,,,Southeast,0.75,78744,,MB200166387|2
MB927200,65,14119571074,BUFFALO WILD WINGS GRILL & BAR,4710 183A TOLL RD,CEDAR PARK,78613,246,722511,casual_full_service,,,,,,Cedar Park / Leander,,78613,,MB927200|65
MB927828,1,32057827142,MIA ITALIAN TAPAS & BAR,11420 ROCK ROSE AVE UNIT 400,AUSTIN,78758,227,,unclassified,-97.723055,30.400404,off_north_burnet_gateway,,,North Burnet/Gateway,12.95,78758,,MB927828|1
MB991368,1,32060338988,REVELRY ON THE BOULEVARD LLC,6215 N LAMAR BLVD,AUSTIN,78752,227,722511,casual_full_service,-97.723471,30.330507,off_brentwood_highland,,,Brentwood/Highland,8.26,78752,,MB991368|1
N 200128948,2,32063722873,COUPLAND DANCEHALL,101 HOXIE ST,COUPLAND,78615,246,,unclassified,,,,,,,,78615,,N 200128948|2
NT200179042,2,17424803181,SANTA CRUZ CATHOLIC CHURCH,1100 MAIN ST,BUDA,78610,105,,unclassified,,,,,,Hays County,,78610,,NT200179042|2
NT200180544,2,32087311497,THE TEXAS WRANGLERS,6013 LOYOLA LN,AUSTIN,78724,227,,unclassified,-97.652982,30.302384,off_east_mlk,,,East MLK,8.95,78724,,NT200180544|2
NT200180792,1,32102897421,GENTE BUENA FOUNDATION,2006 PHILOMENA ST,AUSTIN,78723,227,,unclassified,-97.702733,30.299971,off_rmma,,,RMMA,6.87,78723,,NT200180792|1
NT200181105,1,17424892622,ROUND ROCK BALLET FOLKLORICO,301 W BAGDAD AVE,ROUND ROCK,78664,246,,unclassified,,,,,,Round Rock / Georgetown,,78664,,NT200181105|1
NT200181260,1,32096246890,CENTRAL TEXAS FRIENDS OF THE BRAVE,3300 W PALM VALLEY BLVD,ROUND ROCK,78665,246,,unclassified,,,,,,Round Rock / Georgetown,,78665,,NT200181260|1
NT200181413,3,32092657918,MIGRATION BY BLUEBIRD,4605 COMMERCIAL PARK DR,AUSTIN,78724,227,,unclassified,-97.657496,30.324559,,,,Austin: Far East,9.85,78724,,NT200181413|3
NT200181761,17,17424553364,TEXAS FOOD & WINE ALLIANCE,800 W RIVERSIDE DR,AUSTIN,78704,227,,unclassified,-97.751339,30.261881,off_bouldin_creek,,,Bouldin Creek,3.24,78704,,NT200181761|17
NT200181785,2,12373522882,AUSTIN JUNIOR FORUM PUBLICATIONS,1404 WEST AVE,AUSTIN,78701,227,,unclassified,-97.74753,30.278532,dt_core,Downtown,,,4.41,78701,,NT200181785|2
NT200181824,7,17460174851,CITY OF ROUND ROCK,221 E MAIN AVE,ROUND ROCK,78664,246,,unclassified,,,,,,Round Rock / Georgetown,,78664,,NT200181824|7
NT200181925,5,17460665114,VETERANS OF FOREIGN WARS POST #4443 HIGHLAND HILLS,7614 THOMAS SPRINGS RD,AUSTIN,78736,227,,unclassified,-97.921469,30.249603,off_oak_hill,,,Oak Hill,9.6,78736,,NT200181925|5
NT200182232,1,17317207151,AKA ASSOCIATION FOR COMMUNITY DEVELOPMENT,710 W CESAR CHAVEZ ST,AUSTIN,78701,227,,unclassified,-97.752266,30.265614,dt_2nd_warehouse,2nd Street / Warehouse,,,3.48,78701,,NT200182232|1
NT200182293,2,30005017428,LAGO VISTA AND JONESTOWN AREA CHAMBER OF COMMERCE,6608 BAR K CLUBHOUSE CT,LAGO VISTA,78645,227,,unclassified,,,,,,Cedar Park / Leander,,78645,,NT200182293|2
NT200182328,4,12370802469,ALLIANCE FRANCAISE D'AUSTIN,2403 E 16TH ST,AUSTIN,78702,227,,unclassified,-97.715417,30.277549,east_12th,East Austin,East 12th and north,,5.16,78702,,NT200182328|4
NT200182657,1,32069658196,"ASMBLY MAKERSPACE, INC.",9701 DESSAU RD STE 304,AUSTIN,78754,227,,unclassified,-97.673463,30.35483,off_heritage_hills_windsor_hills,,,Heritage Hills Windsor Hills,11.01,78754,,NT200182657|1
NT200182736,1,32096401149,MUSIC ON MAIN - TAYLOR TEXAS,400 N MAIN ST,TAYLOR,76574,246,,unclassified,,,,,,Round Rock / Georgetown,,76574,,NT200182736|1
RM620555,4,12023043354,BERRY CREEK 19TH HOLE,30500 BERRY CREEK DR,GEORGETOWN,78628,246,722410,bar,,,,,,Round Rock / Georgetown,,78628,,RM620555|4
D 200066109,1,32044682550,STANDARD PROOF WHISKEY CO,51 RAINEY ST STE 140A,AUSTIN,78701,227,,unclassified,-97.739404,30.257171,dt_rainey,Rainey Street,,,3.2,78701,,D 200066109|1
MB105830491,1,32067041890,MARISCOS LA VELLE LOLA BAR & GRILL,1700 GRAND AVENUE PKWY STE 180,PFLUGERVILLE,78660,227,,unclassified,,,,,,Pflugerville / Manor,,78660,,MB105830491|1
MB106073135,3,32017667521,PRIMIZIE CATERING,4801 LA CROSSE AVE,AUSTIN,78739,227,,unclassified,-97.870626,30.185713,,,,Austin: Southwest,6.64,78739,,MB106073135|3
MB200035198,1,32063811403,11 DEGREES DAIQUIRI,2700 W PECAN ST STE 202,PFLUGERVILLE,78660,227,722410,bar,,,,,,Pflugerville / Manor,,78660,,MB200035198|1
MB200038694,1,32065841572,"TR3 SNAPPY SNACKS, LLC",15630 VISION DR STE C,PFLUGERVILLE,78660,227,,unclassified,,,,,,Pflugerville / Manor,,78660,,MB200038694|1
MB200049583,10,32080827234,COURTYARD AUSTIN NORTH,12330 N INTERSTATE 35,AUSTIN,78753,227,722410,bar,-97.674249,30.400018,,,,Austin: North,13.79,78753,,MB200049583|10
MB673842,14,32053989078,HOOTERS,2700 S INTERSTATE 35,ROUND ROCK,78681,246,722511,casual_full_service,,,,,,Round Rock / Georgetown,,78681,,MB673842|14
MB691597,1,32034354905,BROOKLYN HEIGHTS PIZZERIA,14900 AVERY RANCH BLVD STE C700,AUSTIN,78717,246,,unclassified,-97.776806,30.497634,,,,Austin: Northwest,19.43,78717,,MB691597|1
MB792603,1,32044481524,COVER 2,13701 N HIGHWAY 183,AUSTIN,78750,246,722511,casual_full_service,,,,,,Austin: Northwest,,78750,,MB792603|1
MB867422,1,32053013861,SOUTH CONGRESS HOTEL,1603 S CONGRESS AVE,AUSTIN,78704,227,,unclassified,-97.750367,30.247721,soco,South Congress,,,2.33,78704,,MB867422|1
MB897476,1,32053904739,BALKAN CAFE & GRILL,11800 N LAMAR BLVD # 3,AUSTIN,78753,227,722513,fast_casual,-97.683363,30.388251,,,,Austin: North,12.83,78753,,MB897476|1
NT200182498,4,30002664404,ROUND ROCK SERTOMA CLUB,1001 HARRELL PKWY,ROUND ROCK,78665,246,,unclassified,,,,,,Round Rock / Georgetown,,78665,,NT200182498|4
NT200184122,5,32102897215,SALLIE A HUNT FOUNDATION,2312 SAN GABRIEL ST,AUSTIN,78705,227,,unclassified,-97.747858,30.287967,off_central_austin,,,Central Austin,5.04,78705,,NT200184122|5
MB105528091,1,32065141999,SOHO LOUNGE,217 E 6TH ST,AUSTIN,78701,227,,unclassified,-97.740664,30.267475,dt_core,Downtown,,,3.81,78701,,MB105528091|1
MB1065684,1,32069148966,ICHIRO ASIAN BISTRO & WINE BAR,1500 RIVERY BLVD # 2120,GEORGETOWN,78628,246,,unclassified,,,,,,Round Rock / Georgetown,,78628,,MB1065684|1
MB106929521,19,32074329791,LOGAN'S ROADHOUSE #507,419 OLD SAN ANTONIO RD # RF,BUDA,78610,105,,unclassified,,,,,,Hays County,,78610,,MB106929521|19
MB1083418,9,32052053728,CORK AND BARREL,4000 E PALM VALLEY BLVD,ROUND ROCK,78665,246,,unclassified,,,,,,Round Rock / Georgetown,,78665,,MB1083418|9
MB1115750,1,32073873807,SUNNY'S BACKYARD,3526 E 7TH ST,AUSTIN,78702,227,,unclassified,-97.70206,30.256287,off_govalle_johnston_terrace,,,Govalle/Johnston Terrace,4.67,78702,,MB1115750|1
MB180507,1,17423836943,EL MERCADO MARKET & RESTAURANT,1302 S 1ST ST,AUSTIN,78704,227,722511,casual_full_service,-97.754335,30.251395,slamar,South Lamar,,,2.5,78704,,MB180507|1
MB200036181,1,32078793943,THE CAULDRON,2402 SAN GABRIEL ST,AUSTIN,78705,227,,unclassified,-97.74783,30.288265,off_central_austin,,,Central Austin,5.06,78705,,MB200036181|1
MB200037117,1,32078198481,CANTINA 512,70 RAINEY ST STE 100,AUSTIN,78701,227,,unclassified,-97.738853,30.258642,dt_rainey,Rainey Street,,,3.31,78701,,MB200037117|1
MB200041654,1,32080755922,EBISU JAPANESE RESTAURANT,13376 N HIGHWAY 183 STE 400,AUSTIN,78750,246,,unclassified,,,,,,Austin: Northwest,,78750,,MB200041654|1
MB200073781,2,32079560804,MI LINDO MICHOACAN RESTAURANT,11800 N LAMAR BLVD STE 6,AUSTIN,78753,227,,unclassified,-97.683363,30.388251,,,,Austin: North,12.83,78753,,MB200073781|2
MB200076048,1,32072142410,REDFARM AUSTIN,201 W 3RD ST,AUSTIN,78701,227,,unclassified,-97.745183,30.265613,dt_2nd_warehouse,2nd Street / Warehouse,,,3.6,78701,,MB200076048|1
MB200098590,1,32089992823,THE POINT RAMM,910 ROUND ROCK AVE,ROUND ROCK,78681,246,,unclassified,,,,,,Round Rock / Georgetown,,78681,,MB200098590|1
MB200104770,1,32090325583,GINA'S ON CONGRESS,314 CONGRESS AVE,AUSTIN,78701,227,,unclassified,-97.743683,30.265748,dt_2nd_warehouse,2nd Street / Warehouse,,,3.64,78701,,MB200104770|1
MB200127476,1,32091818651,LAS ISLAS,2237 E RIVERSIDE DR STE 101A,AUSTIN,78741,227,,unclassified,-97.725888,30.238099,off_east_riverside_oltorf,,,East Riverside/Oltorf,2.79,78741,,MB200127476|1
MB200132879,1,32094669218,CON VISTA AL MAR LLC,1209 E 7TH ST,AUSTIN,78702,227,,unclassified,-97.729805,30.265243,east_6th_7th,East Austin,East 6th / 7th,,3.98,78702,,MB200132879|1
MB200163122,1,32098222279,TARRYTOWN BAR & BISTRO,3110 WINDSOR RD,AUSTIN,78703,227,,unclassified,-97.767905,30.29641,off_central_west_austin,,,Central West Austin,5.52,78703,,MB200163122|1
MB245517,1,32009081954,CAMINO REAL RESTAURANT,8650 SPICEWOOD SPRINGS RD STE 137,AUSTIN,78759,246,,unclassified,-97.771994,30.433527,,,,Austin: Northwest,15.0,78759,,MB245517|1
MB717843,1,32038336460,LA CABANA GRILL,21103 HWY 71 W,SPICEWOOD,78669,227,,unclassified,,,,,,,,78669,,MB717843|1
MB862307,2,32041444806,GUSTO ITALIAN KITCHEN & WINE BAR,4800 BURNET RD STE 200,AUSTIN,78756,227,,unclassified,-97.739272,30.319137,off_brentwood_highland,,,Brentwood/Highland,7.26,78756,,MB862307|2
MB902548,2,32034354905,BROOKLYN HEIGHTS PIZZERIA,3550 LAKELINE BLVD STE 135,LEANDER,78641,246,,unclassified,,,,,,Cedar Park / Leander,,78641,,MB902548|2
MB968601,1,32061648468,BUCKS BACKYARD,1750 S FM 1626,BUDA,78610,105,,unclassified,,,,,,Hays County,,78610,,MB968601|1
NT200184889,1,32068470924,"AUSTIN HIGH SCHOOL ORCHESTRA BOOSTER CLUB, INC.",710 W CESAR CHAVEZ ST,AUSTIN,78701,227,,unclassified,-97.752266,30.265614,dt_2nd_warehouse,2nd Street / Warehouse,,,3.48,78701,,NT200184889|1
MB102639753,1,32041797898,VINCE YOUNG STEAKHOUSE,301 SAN JACINTO BLVD,AUSTIN,78701,227,,unclassified,-97.741434,30.264621,dt_core,Downtown,,,3.61,78701,,MB102639753|1
MB104965047,1,32056623583,CAFE BLUE,340 E 2ND ST,AUSTIN,78701,227,722511,casual_full_service,-97.740726,30.263339,dt_core,Downtown,,,3.55,78701,,MB104965047|1
MB1093277,1,32073731203,THE KENNEY FORT PUB,3001 JOE DIMAGGIO BLVD STE 1400,ROUND ROCK,78665,246,722511,casual_full_service,,,,,,Round Rock / Georgetown,,78665,,MB1093277|1
MB1109054,1,32073689153,RECUERDOS TEX MEX,109 W MAIN ST,ROUND ROCK,78664,246,,unclassified,,,,,,Round Rock / Georgetown,,78664,,MB1109054|1
MB1113353,1,32068563231,WONDERSPACES,1205 SHELDON CV STE A,AUSTIN,78753,227,,unclassified,-97.685315,30.344723,off_heritage_hills_windsor_hills,,,Heritage Hills Windsor Hills,10.06,78753,,MB1113353|1
MB200079170,1,32077624867,BARZON LLC,1407 E 7TH ST,AUSTIN,78702,227,,unclassified,-97.727589,30.264512,east_6th_7th,East Austin,East 6th / 7th,,4.01,78702,,MB200079170|1
MB200106493,1,32091109499,GARBO'S,136 DRIFTING WIND RUN STE 101,DRIPPING SPRINGS,78620,105,,unclassified,,,,,,Hays County,,78620,,MB200106493|1
MB200112959,1,32087573005,PICKLE PUB/DRIFTER'S SOCIAL,2105 LYNNBROOK DR,AUSTIN,78748,227,,unclassified,-97.830663,30.165098,,,,Austin: Far South,5.28,78748,,MB200112959|1
MB200122450,17,32052053728,CORK AND BARREL @ CRYSTAL FALLS GOLF COURSE,3400 CRYSTAL FALLS PKWY,LEANDER,78641,227,,unclassified,,,,,,Cedar Park / Leander,,78641,,MB200122450|17
MB200161479,1,32098897294,HILL COUNTRY ICE HOUSE,9201 HIGHWAY 290 W STE 7,AUSTIN,78736,227,,unclassified,,,,,,Austin: Southwest,,78736,,MB200161479|1
MB200176570,1,32101391897,COSTENO RESTAURANT AND BAR,2323 S LAMAR BLVD,AUSTIN,78704,227,,unclassified,-97.776014,30.24717,slamar,South Lamar,,,2.21,78704,,MB200176570|1
MB230491,24,17426162909,TACO CABANA,13376 N HIGHWAY 183,AUSTIN,78750,246,722511,casual_full_service,,,,,,Austin: Northwest,,78750,,MB230491|24
MB475409,3,32019470189,MARGARITA'S RESTAURANT,10280 W STATE HIGHWAY 29,LIBERTY HILL,78642,246,,unclassified,,,,,,Cedar Park / Leander,,78642,,MB475409|3
MB707533,20,17523697534,RAZZOO'S CAJUN CAFE,201 UNIVERSITY OAKS STE 1300,ROUND ROCK,78665,246,,unclassified,,,,,,Round Rock / Georgetown,,78665,,MB707533|20
MB836887,2,32044399866,MIKADO RYOTEI,9033 RESEARCH BLVD # 100,AUSTIN,78758,227,,unclassified,-97.725116,30.372933,off_north_burnet_gateway,,,North Burnet/Gateway,11.07,78758,,MB836887|2
MB840925,1,32049840740,NAGOYA STEAK HOUSE,11630 RANCH ROAD 620 N,AUSTIN,78750,246,,unclassified,,,,,,Austin: Northwest,,78750,,MB840925|1
MB861529,1,32051843558,BOMBSHELLS,15119 INTERSTATE 35 BLDG C,AUSTIN,78660,227,,unclassified,,,,,,Pflugerville / Manor,,78660,,MB861529|1
MB932469,1,32051621665,THE PARLOR ROOM,88 RAINEY ST,AUSTIN,78701,227,,unclassified,-97.738326,30.260041,dt_rainey,Rainey Street,,,3.41,78701,,MB932469|1
N 105459024,1,32064708905,LUCKY PENNY LOUNGE,305 LIMESTONE TER STE A1-A2,JARRELL,76537,246,,unclassified,,,,,,,,76537,,N 105459024|1
NT200187132,2,17421643291,KYLE LIONS CLUB,1205 ROLAND LN,KYLE,78640,105,,unclassified,,,,,,Hays County,,78640,,NT200187132|2
NT200188053,3,17427993369,EMMAUS CATHOLIC PARISH,1718 LOHMANS CROSSING RD,LAKEWAY,78734,227,,unclassified,,,,,,Westlake / Lakeway,,78734,,NT200188053|3
NT200188193,1,32043251407,ASSOCIATION OF WOMEN IN ENERGY,701 W CESAR CHAVEZ ST,AUSTIN,78701,227,,unclassified,-97.752095,30.265562,dt_2nd_warehouse,2nd Street / Warehouse,,,3.48,78701,,NT200188193|1
NT200188236,3,17429073715,"HABITAT FOR HUMANITY OF WILLIAMSON COUNTY, TX",2400 CHISHOLM TRAIL RD,ROUND ROCK,78681,246,,unclassified,,,,,,Round Rock / Georgetown,,78681,,NT200188236|3
NT200188355,2,32096246890,CENTRAL TEXAS FRIENDS OF THE BRAVE,1209 N INTERSTATE 35,ROUND ROCK,78664,246,,unclassified,,,,,,Round Rock / Georgetown,,78664,,NT200188355|2
NT200189268,2,17427679505,ST. MATTHEW'S EPISCOPAL DAY SCHOOL,710 W CESAR CHAVEZ ST,AUSTIN,78701,227,,unclassified,-97.752266,30.265614,dt_2nd_warehouse,2nd Street / Warehouse,,,3.48,78701,,NT200189268|2
MB1079613,1,32072268884,PLAY ON WEST 6TH,620 W 6TH ST UNIT 2,AUSTIN,78701,227,,unclassified,-97.749532,30.26995,dt_2nd_warehouse,2nd Street / Warehouse,,,3.81,78701,,MB1079613|1
MB1080816,1,32072710380,513 COCKTAIL,513 W 6TH ST,AUSTIN,78701,227,722410,bar,-97.74806,30.269526,dt_2nd_warehouse,2nd Street / Warehouse,,,3.8,78701,,MB1080816|1
MB1129980,1,32079075464,CARMELAS LAKEWAY,900 RANCH ROAD 620 S STE C107108,LAKEWAY,78734,227,,unclassified,,,,,,Westlake / Lakeway,,78734,,MB1129980|1
MB200043520,3,32081145792,ILARIO'S ITALIAN CUISINE,5401 FARM TO MARKET 1626 STE 810,KYLE,78640,105,,unclassified,,,,,,Hays County,,78640,,MB200043520|3
MB200047347,2,32082127906,TEXAS TOAST BRUNCH & BURGERS,2801 GUADALUPE ST STE 5B,AUSTIN,78705,227,,unclassified,-97.741813,30.293376,off_central_austin,,,Central Austin,5.49,78705,,MB200047347|2
MB200073913,3,32052919811,THE HACIENDA AT GEORGETOWN,60 DEL WEBB BLVD,GEORGETOWN,78633,246,,unclassified,,,,,,Round Rock / Georgetown,,78633,,MB200073913|3
MB200076060,1,32079092261,GRACIA,4800 BURNET RD STE 450,AUSTIN,78756,227,,unclassified,-97.739272,30.319137,off_brentwood_highland,,,Brentwood/Highland,7.26,78756,,MB200076060|1
MB200094913,1,32085837915,FALLOUT THEATER,616 LAVACA ST,AUSTIN,78701,227,,unclassified,-97.744893,30.269556,dt_core,Downtown,,,3.86,78701,,MB200094913|1
MB200097361,2,32083964265,THE LOCAL,9901 BRODIE LN STE 120,AUSTIN,78748,227,,unclassified,-97.848718,30.185201,,,,Austin: Far South,5.43,78748,,MB200097361|2
MB200106886,2,32085129131,LAKE TRAVIS BIERGARTEN,3519 RANCH ROAD 620 N STE B,AUSTIN,78734,227,,unclassified,,,,,,Westlake / Lakeway,,78734,,MB200106886|2
MB200108491,1,32089823713,GODAVARI AUSTIN,12233 RANCH ROAD 620 N STE 205,AUSTIN,78750,246,,unclassified,,,,,,Austin: Northwest,,78750,,MB200108491|1
MB200122146,1,32069893363,MAVEN AUSTIN,707 W 10TH ST,AUSTIN,78701,227,722511,casual_full_service,-97.748601,30.2738,dt_core,Downtown,,,4.08,78701,,MB200122146|1
MB200133140,1,32091830789,ATITHI GRILL & BAR,130 SUNDANCE PKWY STE 100,ROUND ROCK,78681,246,,unclassified,,,,,,Round Rock / Georgetown,,78681,,MB200133140|1
MB200148701,1,32089807666,MI REINO MEXICAN CUISINE LLC,8210 N INTERSTATE HWY 35,AUSTIN,78753,227,722511,casual_full_service,,,,,,Austin: North,,78753,,MB200148701|1
MB200167882,2,32098942199,LOS BUHOS BEER GARDEN,9428 PARKFIELD DR,AUSTIN,78758,227,,unclassified,-97.705747,30.368458,off_north_austin_civic_association,,,North Austin Civic Association,11.08,78758,,MB200167882|2
MB431936,1,17428654804,VESPAIO,1610 S CONGRESS AVE # A,AUSTIN,78704,227,,unclassified,-97.750573,30.247183,soco,South Congress,,,2.29,78704,,MB431936|1
MB786830,1,32044650706,THE LEAGUE,1310 RANCH ROAD 620 S,LAKEWAY,78734,227,722511,casual_full_service,,,,,,Westlake / Lakeway,,78734,,MB786830|1
MB920292,3,32052053728,"RYAN SANDERS SPORTS SERVICES, LLC",2100 AVENUE OF THE STARS,CEDAR PARK,78613,246,,unclassified,,,,,,Cedar Park / Leander,,78613,,MB920292|3
MB934035,2,32056068912,KUNG FU SALOON,11501 ROCK ROSE AVE STE 140,AUSTIN,78758,227,,unclassified,-97.722696,30.401331,off_north_burnet_gateway,,,North Burnet/Gateway,13.02,78758,,MB934035|2
NT200189353,2,17424670309,RUSSELL LEE ELEMENTARY PTA,710 W CESAR CHAVEZ ST,AUSTIN,78701,227,,unclassified,-97.752266,30.265614,dt_2nd_warehouse,2nd Street / Warehouse,,,3.48,78701,,NT200189353|2
NT200189970,1,32098797056,EVENT ZERO INC.,15000 HAMILTON POOL RD,BEE CAVE,78738,227,,unclassified,,,,,,Westlake / Lakeway,,78738,,NT200189970|1
NT200190223,2,32093514548,WALKING SHADOW SHAKESPEARE PROJECT,901 TRINITY ST,AUSTIN,78701,227,,unclassified,-97.738252,30.269956,dt_core,Downtown,,,4.03,78701,,NT200190223|2
NT200190651,1,32064679726,FRIENDS OF THE CHILDREN - AUSTIN,8201 N FM 620 RD UNIT 130,AUSTIN,78726,227,,unclassified,-97.846298,30.418847,,,,Austin: Northwest,14.79,78726,,NT200190651|1
NT200190656,3,32093514548,WALKING SHADOW SHAKESPEARE PROJECT,1145 PERRY RD,AUSTIN,78721,227,,unclassified,-97.684578,30.259846,off_govalle_johnston_terrace,,,Govalle/Johnston Terrace,5.67,78721,,NT200190656|3
NT200191346,1,32072357919,WILLIAMSON  COUNTY FAIR ASSOCIATION INC,5350 BILL PICKETT TRL,TAYLOR,76574,246,,unclassified,,,,,,Round Rock / Georgetown,,76574,,NT200191346|1
NT200191674,1,32105099868,ANTHEM CREATIVE,8220 183A TOLL RD,LEANDER,78641,246,,unclassified,,,,,,Cedar Park / Leander,,78641,,NT200191674|1
NT200192227,2,32058322390,ANDERSON HS BASEBALL BOOSTER CLUB - AUSTIN,7300 HART LN,AUSTIN,78731,227,,unclassified,-97.754778,30.357371,,,,Austin: Northwest,9.75,78731,,NT200192227|2
NT200192258,2,17460527678,SISTERHOOD AGUDAS ACHIM JUDAICA SHOP,7300 HART LN,AUSTIN,78731,227,,unclassified,-97.754778,30.357371,,,,Austin: Northwest,9.75,78731,,NT200192258|2
NT200192904,5,32065713342,LEAP LIFE ESSENTIALS ADVANCEMENT PROGRAM,422 GUADALUPE ST,AUSTIN,78701,227,,unclassified,-97.746692,30.267959,dt_2nd_warehouse,2nd Street / Warehouse,,,3.72,78701,,NT200192904|5
MB104199795,1,32052053728,"RYAN SANDERS SPORTS SERVICES, LLC",3400 E PALM VALLEY BLVD,ROUND ROCK,78665,246,,unclassified,,,,,,Round Rock / Georgetown,,78665,,MB104199795|1
MB105613965,1,32062685311,MANDALA KITCHEN & BAR,1100 S LAMAR BLVD STE 1125,AUSTIN,78704,227,722511,casual_full_service,-97.761931,30.255326,slamar,South Lamar,,,2.69,78704,,MB105613965|1
MB105993383,1,32050718363,SOUTH AUSTIN BEER GARDEN,10700 MANCHACA RD,AUSTIN,78748,227,722410,bar,,,,,,Austin: Far South,,78748,,MB105993383|1
MB106007898,1,32067837560,UNCLE NICKY'S,4222 DUVAL ST,AUSTIN,78751,227,,unclassified,-97.726235,30.304379,off_central_austin,,,Central Austin,6.5,78751,,MB106007898|1
MB1080019,1,32061004282,PLAZA COLOMBIAN COFFEE,3842 S CONGRESS AVE,AUSTIN,78704,227,,unclassified,-97.763134,30.224279,off_dawson,,,Dawson,0.55,78704,,MB1080019|1
MB200049864,1,32082615926,K PUB CORPORATION,12233 RANCH ROAD 620 N STE 104,AUSTIN,78750,246,,unclassified,,,,,,Austin: Northwest,,78750,,MB200049864|1
MB200139841,76,32084475220,"SONGWRITERS TEXAS, LLC - THE BIG EASY MARKET",1119 N MAIN ST STE 100-200,TAYLOR,76574,246,,unclassified,,,,,,Round Rock / Georgetown,,76574,,MB200139841|76
MB200175886,1,32075621881,AREPITAS,3200 GREENLAWN BLVD STE 300,ROUND ROCK,78664,246,722511,casual_full_service,,,,,,Round Rock / Georgetown,,78664,,MB200175886|1
MB436288,1,32009384242,LITTLE MEXICO RESTAURANT,2304 S 1ST ST,AUSTIN,78704,227,,unclassified,-97.75859,30.24307,slamar,South Lamar,,,1.88,78704,,MB436288|1
MB611629,1,17426491662,SHOAL CREEK SALOON,909 N LAMAR BLVD,AUSTIN,78703,227,,unclassified,-97.752569,30.274412,dt_core,Downtown,,,4.07,78703,,MB611629|1
MB801324,1,32046856319,THE BELMONT,305 W 6TH ST,AUSTIN,78701,227,722410,bar,-97.745407,30.268778,dt_2nd_warehouse,2nd Street / Warehouse,,,3.8,78701,,MB801324|1
MB823979,1,32048174505,LIT LOUNGE AUSTIN,215 E 6TH ST,AUSTIN,78701,227,,unclassified,-97.740758,30.2675,dt_core,Downtown,,,3.81,78701,,MB823979|1
NT200190258,1,32001398596,"KATHY DUNN HAMRICK DANCE COMPANY, INC.",501 W 3RD ST,AUSTIN,78701,227,,unclassified,-97.748502,30.266556,dt_2nd_warehouse,2nd Street / Warehouse,,,3.6,78701,,NT200190258|1
NT200190406,3,17424443947,HUTTO CHAMBER OF COMMERCE,122 EAST ST,HUTTO,78634,246,,unclassified,,,,,,Round Rock / Georgetown,,78634,,NT200190406|3
NT200190657,3,17427748268,KNIGHTS OF COLUMBUS COUNCIL NO 11695,296 W MERCER ST,DRIPPING SPRINGS,78620,105,,unclassified,,,,,,Hays County,,78620,,NT200190657|3
NT200192356,1,32039772317,HUNS RFC,4107 NIXON LN,AUSTIN,78725,227,,unclassified,-97.6517,30.270014,,,,Austin: Far East,7.72,78725,,NT200192356|1
NT200192447,2,32076363228,LEAGUE OF WOMEN VOTERS HAYS COUNTY,1205 ROLAND LN,KYLE,78640,105,,unclassified,,,,,,Hays County,,78640,,NT200192447|2
NT200193141,4,17420209730,GERMAN-TEXAN HERITAGE SOCIETY,507 E 10TH ST,AUSTIN,78701,227,,unclassified,-97.736422,30.27041,dt_core,Downtown,,,4.1,78701,,NT200193141|4
NT200193184,1,32105239894,GASPARILLA MUSIC FOUNDATION,900 W RIVERSIDE DR,AUSTIN,78704,227,,unclassified,-97.75273,30.262692,off_bouldin_creek,,,Bouldin Creek,3.28,78704,,NT200193184|1
NT200193393,1,32097986627,GENIE KILPATRICK FOUNDATION,8201 N FM 620 RD UNIT 130,AUSTIN,78726,227,,unclassified,-97.846298,30.418847,,,,Austin: Northwest,14.79,78726,,NT200193393|1
NT200193455,1,32082852065,LEANDER PRIDE,1510 ALEXIS DR,CEDAR PARK,78613,246,,unclassified,,,,,,Cedar Park / Leander,,78613,,NT200193455|1
NT200193832,1,32105597424,TEAM JAPAN ASSOCIATION,422 GUADALUPE ST,AUSTIN,78701,227,,unclassified,-97.746692,30.267959,dt_2nd_warehouse,2nd Street / Warehouse,,,3.72,78701,,NT200193832|1
NT200194090,4,17421607288,ST MARGARET MARY CATHOLIC CHURCH,1101 W NEW HOPE DR,CEDAR PARK,78613,246,,unclassified,,,,,,Cedar Park / Leander,,78613,,NT200194090|4
NT200194117,1,32062722692,WAYSIDE SCHOOLS FOUNDATION,710 W CESAR CHAVEZ ST,AUSTIN,78701,227,,unclassified,-97.752266,30.265614,dt_2nd_warehouse,2nd Street / Warehouse,,,3.48,78701,,NT200194117|1
NT200194171,3,17413636915,SAINT WILLIAM CATHOLIC CHURCH,620 ROUND ROCK WEST DR,ROUND ROCK,78681,246,,unclassified,,,,,,Round Rock / Georgetown,,78681,,NT200194171|3
NT200194240,3,17425752643,VOLENTE FIRE DEPARTMENT,15406 FARM TO MARKET RD 2769,VOLENTE,78641,227,,unclassified,,,,,,Cedar Park / Leander,,78641,,NT200194240|3
NT200194481,5,17460875770,THE FOUNDATION FOR HOPE VILLAGE,1100 E 5TH ST,AUSTIN,78702,227,,unclassified,-97.731945,30.263841,east_holly_ecc,East Austin,Holly / East Cesar Chavez,,3.83,78702,,NT200194481|5
NT200194718,1,32054506954,PYTEXAS FOUNDATION,710 W CESAR CHAVEZ ST,AUSTIN,78701,227,,unclassified,-97.752266,30.265614,dt_2nd_warehouse,2nd Street / Warehouse,,,3.48,78701,,NT200194718|1
NT200194787,2,32003190033,INDIA CATHOLIC ASSOCIATION OF CENTRAL TEXAS,7300 HART LN,AUSTIN,78731,227,,unclassified,-97.754778,30.357371,,,,Austin: Northwest,9.75,78731,,NT200194787|2
NT200195074,1,32001143323,COUNCIL ON AT-RISK YOUTH,710 W CESAR CHAVEZ ST,AUSTIN,78701,227,,unclassified,-97.752266,30.265614,dt_2nd_warehouse,2nd Street / Warehouse,,,3.48,78701,,NT200195074|1
NT200195160,5,30001577656,YOUNG MEN'S CHRISTIAN ASSOCIATION OF UT,1100 KINGSBURY ST,AUSTIN,78703,227,,unclassified,-97.75149,30.280872,off_old_enfield,,,Old Enfield,4.52,78703,,NT200195160|5
NT200195655,2,32038143619,THE REFUGEE COLLECTIVE,17312 LITTIG RD,ELGIN,78621,227,,unclassified,,,,,,Bastrop / Elgin (outside digest scope),,78621,,NT200195655|2
NT200207170,1,32070134989,ST MARY'S CATHOLIC SCHOOL,520 WASHBURN ST,TAYLOR,76574,246,,unclassified,,,,,,Round Rock / Georgetown,,76574,,NT200207170|1
MB104952046,2,32061031970,COMFORT SUITES BUDA,15295 S INTERSTATE 35 STE 800,BUDA,78610,105,722513,fast_casual,,,,,,Hays County,,78610,,MB104952046|2
MB1091148,1,32072987616,TOP ROE/LUNA ROOFTOP,120 W 5TH ST,AUSTIN,78701,227,,unclassified,-97.744359,30.26745,dt_2nd_warehouse,2nd Street / Warehouse,,,3.73,78701,,MB1091148|1
MB200045546,1,32074370548,KOME & TOMA TACO BAR,709 E SLAUGHTER LN BLDG 2 STE 204,AUSTIN,78744,227,,unclassified,-97.777462,30.161902,,,,Austin: Southeast / Del Valle,3.85,78744,,MB200045546|1
MB200104995,1,32069339375,MUTTS CANINE CANTINA,9825 N LAKE CREEK PKWY,AUSTIN,78717,246,,unclassified,-97.792818,30.473295,,,,Austin: Northwest,17.81,78717,,MB200104995|1
MB200150251,3,32091164833,GRAPES AND RYE,3333 COUNTY ROAD 119 STE 28,HUTTO,78634,246,722515,cafe_bakery,,,,,,Round Rock / Georgetown,,78634,,MB200150251|3
MB200165642,3,30114280909,GEORGETOWN PALACE THEATRE,216 W 8TH ST,GEORGETOWN,78626,246,,unclassified,,,,,,Round Rock / Georgetown,,78626,,MB200165642|3
MB200184470,1,32101462706,HOOTERS,2700 S INTERSTATE 35,ROUND ROCK,78681,246,722511,casual_full_service,,,,,,Round Rock / Georgetown,,78681,,MB200184470|1
MB434924,1,17527516508,DJ'S AMERICAN GRILL,9505 STONELAKE BLVD,AUSTIN,78759,227,,unclassified,-97.739375,30.385903,off_north_burnet_gateway,,,North Burnet/Gateway,11.8,78759,,MB434924|1
MB678483,1,32029851501,THE RANCH,710A W 6TH ST,AUSTIN,78701,227,,unclassified,-97.750063,30.270126,dt_2nd_warehouse,2nd Street / Warehouse,,,3.81,78701,,MB678483|1
MB718782,2,32034139546,LUSTRE PEARL,94 RAINEY ST,AUSTIN,78701,227,722410,bar,-97.738117,30.260587,dt_rainey,Rainey Street,,,3.45,78701,,MB718782|2
MB803637,1,32042556699,ROOFTOP ON THE SQUARE,126 S GUADALUPE ST,SAN MARCOS,78666,105,722511,casual_full_service,,,,,,Hays County,,78666,,MB803637|1
MB871356,1,32052616342,LOS JAROCHOS INC,9200 N LAMAR BLVD STE 100,AUSTIN,78753,227,,unclassified,-97.698092,30.361123,off_north_austin_civic_association,,,North Austin Civic Association,10.76,78753,,MB871356|1
MB942657,2,32058434427,SNOOZE SOUTH LAMAR,1700 S LAMAR BLVD STE 301,AUSTIN,78704,227,722511,casual_full_service,-97.765767,30.250614,slamar,South Lamar,,,2.35,78704,,MB942657|2
NT200193447,1,19121443576,TRANSFIGURATION GREEK ORTHODOX CHURCH,414 SAINT STEPHENS SCHOOL RD,AUSTIN,78746,227,,unclassified,,,,,,Westlake / Lakeway,,78746,,NT200193447|1
NT200193628,5,17424522237,ST ELIZABETH'S CATHOLIC CHURCH - PFLUGERVILLE TX,1520 N RAILROAD AVE,PFLUGERVILLE,78660,227,,unclassified,,,,,,Pflugerville / Manor,,78660,,NT200193628|5
NT200194634,1,32033902738,ST. PATRICK CATHOLIC CHURCH,2500 LIMMER LOOP,HUTTO,78634,246,,unclassified,,,,,,Round Rock / Georgetown,,78634,,NT200194634|1
NT200194922,2,32103903046,MOMMY AND ME FOUNDATION INC,305 W LIBERTY AVE,ROUND ROCK,78664,246,,unclassified,,,,,,Round Rock / Georgetown,,78664,,NT200194922|2
NT200196251,3,17411430097,ST. MARY'S CATHEDRAL,710 W CESAR CHAVEZ ST,AUSTIN,78701,227,,unclassified,-97.752266,30.265614,dt_2nd_warehouse,2nd Street / Warehouse,,,3.48,78701,,NT200196251|3
NT200196307,1,32101276197,"STATION AUSTIN, LLC",701 BRAZOS ST STE 150,AUSTIN,78701,227,,unclassified,-97.741101,30.268655,dt_core,Downtown,,,3.88,78701,,NT200196307|1
NT200197330,3,30114053652,"CAPITAL CITY MEN'S CHORUS, INC.",901 TRINITY ST,AUSTIN,78701,227,,unclassified,-97.738252,30.269956,dt_core,Downtown,,,4.03,78701,,NT200197330|3
NT200197491,2,32001398596,"KATHY DUNN HAMRICK DANCE COMPANY, INC.",979 SPRINGDALE RD STE 815,AUSTIN,78702,227,,unclassified,-97.69583,30.265167,off_govalle_johnston_terrace,,,Govalle/Johnston Terrace,5.34,78702,,NT200197491|2
NT200198043,1,32092594194,COMMISSIONED LIFE CHURCH,6450 RM 2243,GEORGETOWN,78628,246,,unclassified,,,,,,Round Rock / Georgetown,,78628,,NT200198043|1
NT200198107,5,32098695771,HEIDRUN'S HAVEN,1305 MAN O WAR DR,DEL VALLE,78617,227,,unclassified,,,,,,Austin: Southeast / Del Valle,,78617,,NT200198107|5
NT200207485,11,17425036021,"THE PECAN STREET ASSOCIATION, INC.",12700 HILL COUNTRY BLVD,BEE CAVE,78738,227,,unclassified,,,,,,Westlake / Lakeway,,78738,,NT200207485|11
D 200161967,2,32071523701,EPIC WESTERN COCKTAIL COMPANY LLC,4007 COMMERCIAL CENTER DR STE 700,AUSTIN,78744,227,,unclassified,-97.741195,30.210979,off_southeast,,,Southeast,1.49,78744,,D 200161967|2
MB100115326,91,17460002037,COMMONS CAFE AT PRC,10100 BURNET RD,AUSTIN,78758,227,722320,catering_contract,-97.723694,30.385252,off_north_burnet_gateway,,,North Burnet/Gateway,11.92,78758,,MB100115326|91
MB103284330,86,17519750495,SODEXO AT DKR,405 E 23RD ST,AUSTIN,78712,227,,unclassified,,,off_ut,,,UT,,78712,zip_majority,MB103284330|86
MB105555092,5,12627049385,MOUTON'S BISTRO AND BAR,1821 S LAKELINE BLVD STE 105,CEDAR PARK,78613,246,722511,casual_full_service,,,,,,Cedar Park / Leander,,78613,,MB105555092|5
MB105718643,13,17427309731,THE GET SET,10000 LOGISTICS LN,AUSTIN,78719,227,722310,catering_contract,-97.670018,30.194061,,,,Austin: Southeast / Del Valle,5.9,78719,,MB105718643|13
MB105982710,57,17603149141,SPECTRUM CATERING CONCESSIONS AND EVENTS,701 W RIVERSIDE DR,AUSTIN,78704,227,,unclassified,-97.74958,30.260188,off_bouldin_creek,,,Bouldin Creek,3.16,78704,,MB105982710|57
MB200075176,1,32078128637,TOMALO,44 EAST AVE UNIT 100,AUSTIN,78701,227,,unclassified,-97.738749,30.255888,dt_rainey,Rainey Street,,,3.15,78701,,MB200075176|1
MB200111821,1,32091085905,SPOTLIGHT KARAOKE,601 E WHITESTONE BLVD,CEDAR PARK,78613,246,,unclassified,,,,,,Cedar Park / Leander,,78613,,MB200111821|1
MB200130528,1,32093061532,RED APPLE SMOKE SHOP 11,6401 S 1ST ST,AUSTIN,78745,227,,unclassified,-97.785685,30.200549,off_south_austin,,,South Austin,1.64,78745,,MB200130528|1
MB200131469,1,32093941477,ORIGEN HOSPITALITY EAST 6 LLC,1630 E 6TH ST # 100,AUSTIN,78702,227,,unclassified,-97.725256,30.262635,east_6th_7th,East Austin,East 6th / 7th,,3.98,78702,,MB200131469|1
MB200135387,2,32086109611,LOWER 48,10701 MENCHACA RD,AUSTIN,78748,227,,unclassified,-97.83095,30.163453,,,,Austin: Far South,5.37,78748,,MB200135387|2
MB200141059,1,32093180613,TEDDY'S BAR & GRILL,1601 W 38TH ST STE 1,AUSTIN,78731,227,722511,casual_full_service,-97.749878,30.308755,off_rosedale,,,Rosedale,6.44,78731,,MB200141059|1
MB200146144,1,32096458339,BAR PEACHED,1315 W 6TH ST,AUSTIN,78703,227,722511,casual_full_service,-97.760123,30.273859,off_old_west_austin,,,Old West Austin,3.97,78703,,MB200146144|1
MB200147605,2,32078823112,ASL EATERY & BAR,2400 S INTERSTATE 35 STE 160,ROUND ROCK,78681,246,,unclassified,,,,,,Round Rock / Georgetown,,78681,,MB200147605|2
MB200165875,1,32099663794,THE 183,8721 US HIGHWAY 183 S,AUSTIN,78747,227,722410,bar,,,,,,Austin: Southeast / Del Valle,,78747,,MB200165875|1
MB534538,17,17419968528,UNIVERSITY FOOD SERVICES #2222,700 TOMAS RIVERA,SAN MARCOS,78666,105,722511,casual_full_service,,,,,,Hays County,,78666,,MB534538|17
MB905735,1,32056271706,LAKEWAY RESORT AND SPA,101 LAKEWAY DR,LAKEWAY,78734,227,,unclassified,,,,,,Westlake / Lakeway,,78734,,MB905735|1
N 200172973,2,32097628328,CACTUS CANTINA AND COFFEEHOUSE,375 COUNTY ROAD 3001,JARRELL,76537,246,,unclassified,,,,,,,,76537,,N 200172973|2
NT200194841,2,32085452988,ROUND ROCK PRIDE,301 W BAGDAD AVE BLDG 2,ROUND ROCK,78664,246,,unclassified,,,,,,Round Rock / Georgetown,,78664,,NT200194841|2
NT200197486,8,18706999564,THE TRAIL CONSERVANCY,676 W RIVERSIDE DR,AUSTIN,78704,227,,unclassified,,,slamar,South Lamar,,,,78704,zip_majority,NT200197486|8
NT200198610,4,32049327169,J.O.I. COMMUNITY OUTREACH,6620 BLUE BLUFF RD,AUSTIN,78724,227,,unclassified,-97.608983,30.281916,,,,Austin: Far East,10.37,78724,,NT200198610|4
NT200199563,3,30002664404,ROUND ROCK SERTOMA CLUB,1301 HARRELL PKWY,ROUND ROCK,78665,246,,unclassified,,,,,,Round Rock / Georgetown,,78665,,NT200199563|3
NT200200072,1,32049780177,PEASE PARK CONSERVANCY,1100 KINGSBURY ST,AUSTIN,78703,227,,unclassified,-97.75149,30.280872,off_old_enfield,,,Old Enfield,4.52,78703,,NT200200072|1
NT200200387,2,32081392592,TAYLOR PRIDE,400 N MAIN ST,TAYLOR,76574,246,,unclassified,,,,,,Round Rock / Georgetown,,76574,,NT200200387|2
NT200200544,2,32039772317,"HUNS RUGBY CLUB, LLC",2001 N KENNEY FORT BLVD,ROUND ROCK,78665,246,,unclassified,,,,,,Round Rock / Georgetown,,78665,,NT200200544|2
NT200200783,1,32106830626,NERDHQ,12305 FM 967,DRIFTWOOD,78619,105,,unclassified,,,,,,Hays County,,78619,zip_majority,NT200200783|1
NT200200912,2,32084785586,THE WILCO OMEGA SCHOLARSHIP FOUNDATION,3300 HARRELL PKWY,ROUND ROCK,78664,246,,unclassified,,,,,,Round Rock / Georgetown,,78664,,NT200200912|2
NT200201133,1,32062647592,TRUSTED OBSCURITY,6134 E HIGHWAY 290,AUSTIN,78723,227,,unclassified,,,off_rmma,,,RMMA,,78723,zip_majority,NT200201133|1
NT200201760,1,32100759854,ATX ARTISTS FOR SOCIAL IMPACT,41 NAVASOTA ST,AUSTIN,78702,227,,unclassified,-97.732821,30.254012,east_holly_ecc,East Austin,Holly / East Cesar Chavez,,3.23,78702,,NT200201760|1
D 1121960,1,32036999178,JESTER KING CRAFT BREWERY,13005 FITZHUGH RD BLDG B,AUSTIN,78736,105,,unclassified,-97.995967,30.233417,,,,Austin: Southwest,13.82,78736,,D 1121960|1
D 200070579,1,32081590799,BIG HAT SPIRITS,2500 NE INNER LOOP BLDG 4 UNIT A,GEORGETOWN,78626,246,,unclassified,,,,,,Round Rock / Georgetown,,78626,,D 200070579|1
D 200144115,1,32095418755,WILDPACK BEVERAGE,4007 COMMERCIAL CENTER DR STE 700,AUSTIN,78744,227,,unclassified,-97.741195,30.210979,off_southeast,,,Southeast,1.49,78744,,D 200144115|1
MB103369642,1,32049110797,HABESHA RESTAURANT AND BAR,6019 N INTERSTATE 35,AUSTIN,78723,227,722511,casual_full_service,-97.70648,30.321309,off_university_hills_and_windsor_park,,,University Hills And Windsor Park,8.04,78723,,MB103369642|1
MB105597451,4,32058829824,THE ROLLING ROOSTER,1104 E 11TH ST,AUSTIN,78702,227,722511,casual_full_service,-97.728787,30.269037,east_12th,East Austin,East 12th and north,,4.23,78702,,MB105597451|4
MB105673955,3,32066181424,FOGUEIRA GAUCHA BRAZILIAN STEAKHOUSE,3221 FEATHERGRASS CT,AUSTIN,78758,227,722511,casual_full_service,-97.727768,30.394964,off_north_burnet_gateway,,,North Burnet/Gateway,12.53,78758,,MB105673955|3
MB105760926,1,32061863711,SPOON + FORK,166 HARGRAVES DR STE B200,AUSTIN,78737,105,722511,casual_full_service,,,,,,Austin: Southwest,,78737,,MB105760926|1
MB105859884,1,32060904094,TENTEN AUSTIN,501 W 6TH ST STE 101,AUSTIN,78701,227,,unclassified,-97.747425,30.269342,dt_2nd_warehouse,2nd Street / Warehouse,,,3.8,78701,,MB105859884|1
MB106072203,2,32068964785,THE ONE ACROSS THE STREET,213 W 4TH ST,AUSTIN,78701,227,,unclassified,-97.745445,30.266756,dt_2nd_warehouse,2nd Street / Warehouse,,,3.67,78701,,MB106072203|2
MB106500192,2,32071264801,MUD BUGS - A CAJUN JOINT LLC,306 S MAIN ST STE 107,BUDA,78610,105,,unclassified,,,,,,Hays County,,78610,,MB106500192|2
MB1075822,1,32072181863,MEDUSA BAR AND LOUNGE,706 W 6TH ST,AUSTIN,78701,227,722410,bar,-97.74985,30.270056,dt_core,Downtown,,,3.81,78701,,MB1075822|1
MB1110167,1,32073759758,HACIENDA JALISCO,8766 RESEARCH BLVD # DB,AUSTIN,78758,227,,unclassified,-97.718601,30.36597,off_crestview_wooten,,,Crestview/Wooten,10.69,78758,,MB1110167|1
MB1114919,1,32077410416,MICHELOBOS RESTAURANT & SPORTS BAR INC,900 E BRAKER LN STE 170,AUSTIN,78753,227,,unclassified,-97.673001,30.375664,off_heritage_hills_windsor_hills,,,Heritage Hills Windsor Hills,12.3,78753,,MB1114919|1
MB1129140,1,32078755561,PUNCH BOWL SOCIAL,11310 DOMAIN DR STE 100,AUSTIN,78758,227,722511,casual_full_service,-97.725146,30.400099,off_north_burnet_gateway,,,North Burnet/Gateway,12.91,78758,,MB1129140|1
MB1129610,2,32063173648,THE HIVE,10542 MANCHACA RD,AUSTIN,78748,227,722513,fast_casual,,,,,,Austin: Far South,,78748,,MB1129610|2
MB1130167,1,32018518764,"GEORGE JOHNS POST NO. 447, THE AMERICAN LEGION, DE",1000 N GEORGETOWN ST,ROUND ROCK,78664,246,722410,bar,,,,,,Round Rock / Georgetown,,78664,,MB1130167|1
MB200040907,1,32079829266,LOS JAROCHOS DOS,13609B N INTERSTATE 35,AUSTIN,78753,227,,unclassified,-97.672096,30.42336,,,,Austin: North,15.33,78753,,MB200040907|1
MB200042064,1,32081193586,"TANTRA BREWHOUSE, LLC",217 W HOPKINS ST,SAN MARCOS,78666,105,722410,bar,,,,,,Hays County,,78666,,MB200042064|1
MB200044930,1,32081970801,DEVIL MAY CARE,500 W 6TH ST,AUSTIN,78701,227,722511,casual_full_service,-97.747372,30.269326,dt_2nd_warehouse,2nd Street / Warehouse,,,3.8,78701,,MB200044930|1
MB200046338,1,32080945622,TACO MARGARITA,3620 RANCH ROAD 620 S STE 350,BEE CAVE,78738,227,722511,casual_full_service,,,,,,Westlake / Lakeway,,78738,,MB200046338|1
MB200049015,1,32081580204,BLINDSIDE LOUNGE,211 E 6TH ST STE A,AUSTIN,78701,227,,unclassified,-97.740946,30.267551,dt_core,Downtown,,,3.81,78701,,MB200049015|1
MB200055822,1,32056575908,THE WATERS POINT,13401 RANCH ROAD 12,WIMBERLEY,78676,105,,unclassified,,,,,,Hays County,,78676,,MB200055822|1
MB200062791,1,32081523592,LOUISIANA LONGHORN CAFE,200 E MAIN ST,ROUND ROCK,78664,246,,unclassified,,,,,,Round Rock / Georgetown,,78664,,MB200062791|1
MB200068467,1,32085157694,HAUTE SPOT,1501 E NEW HOPE DR,CEDAR PARK,78641,246,722511,casual_full_service,,,,,,Cedar Park / Leander,,78641,,MB200068467|1
MB200071700,1,32083842784,BODHI'S,10402 MENCHACA RD BLDG D,AUSTIN,78748,227,722410,bar,-97.827183,30.166629,,,,Austin: Far South,5.05,78748,,MB200071700|1
MB200071712,1,32083148174,AVO SALTT,2525 W ANDERSON LN STE 130,AUSTIN,78757,227,722511,casual_full_service,-97.732492,30.356914,off_allandale,,,Allandale,9.89,78757,,MB200071712|1
MB200074165,1,32065952874,SIP PHO,512 W 29TH ST,AUSTIN,78705,227,722511,casual_full_service,-97.742542,30.2953,off_central_austin,,,Central Austin,5.61,78705,,MB200074165|1
MB200074892,1,32085898008,DOG HAUS FOUR POINTS,7710 N FM 620 RD STE 750,AUSTIN,78726,227,722410,bar,-97.850063,30.41153,,,,Austin: Northwest,14.39,78726,,MB200074892|1
MB200076598,1,32086407148,SUNSET STRIP COMEDY CLUB,214 E 6TH ST STE C,AUSTIN,78701,227,722410,bar,-97.740805,30.267513,dt_core,Downtown,,,3.81,78701,,MB200076598|1
MB200081373,2,32064124095,"HOPSQUAD BREWING COMPANY, LLC",2307 KRAMER LN,AUSTIN,78758,227,312120,brewery_winery_distillery,-97.71418,30.391125,off_north_burnet_gateway,,,North Burnet/Gateway,12.44,78758,,MB200081373|2
MB200081893,4,32067155294,DOWN SOUTH CAJJUN EATS,15424 FM 1825 STE 280,PFLUGERVILLE,78660,227,,unclassified,,,,,,Pflugerville / Manor,,78660,,MB200081893|4
MB200082292,1,32071693033,LLAMA QUEEN,4620 E CESAR CHAVEZ ST,AUSTIN,78702,227,722511,casual_full_service,-97.704051,30.251897,off_govalle_johnston_terrace,,,Govalle/Johnston Terrace,4.4,78702,,MB200082292|1
MB200083772,1,32087289123,THE BURGER BAR 512,7708 LOHMANS FORD RD STE 202E,LAGO VISTA,78645,227,722511,casual_full_service,,,,,,Cedar Park / Leander,,78645,,MB200083772|1
MB200083791,1,32087561596,ROZCO'S COMEDY CLUB,1805 E 7TH ST,AUSTIN,78702,227,722410,bar,-97.722415,30.262678,east_6th_7th,East Austin,East 6th / 7th,,4.09,78702,,MB200083791|1
MB200084284,1,32085870593,THE TAILOR SHOP,2700 S LAMAR BLVD,AUSTIN,78704,227,722511,casual_full_service,-97.781036,30.244524,slamar,South Lamar,,,2.15,78704,,MB200084284|1
MB200084456,3,32075291420,TATERQUE,1202 FM 685 STE B5&6,PFLUGERVILLE,78660,227,722511,casual_full_service,,,,,,Pflugerville / Manor,,78660,,MB200084456|3
MB200087057,1,32086881052,BALCON,407 S STAGECOACH TRL STE 201,SAN MARCOS,78666,105,,unclassified,,,,,,Hays County,,78666,,MB200087057|1
MB200089695,1,32078165860,NOVA KITCHEN WESTLAKE,6317 FM 2244 RD STE 200,AUSTIN,78746,227,722511,casual_full_service,-97.832088,30.296663,,,,Westlake / Lakeway,6.82,78746,,MB200089695|1
MB200093232,3,32062355105,HACIENDA JALISCO LLC,13233 POND SPRINGS RD STE 301,AUSTIN,78729,246,,unclassified,-97.779322,30.445956,,,,Austin: North,15.87,78729,,MB200093232|3
MB200095275,1,32089638913,THE GRUMPY GEORGE,114 E 7TH ST STE 112,GEORGETOWN,78626,246,722511,casual_full_service,,,,,,Round Rock / Georgetown,,78626,,MB200095275|1
MB200096036,1,32087249077,SPOON + FORK THAI KITCHEN,5160 FM 1626 STE 100,KYLE,78640,105,722511,casual_full_service,,,,,,Hays County,,78640,,MB200096036|1
MB200097379,1,32089075538,SATURN DISCO COCKTAILS LLC,906 CONGRESS AVE,AUSTIN,78701,227,722410,bar,-97.741688,30.271086,dt_core,Downtown,,,4.02,78701,,MB200097379|1
MB200102919,1,32080816708,ANGEL SPRINGS,1500 COUNTY ROAD 267,GEORGETOWN,78628,246,,unclassified,,,,,,Round Rock / Georgetown,,78628,,MB200102919|1
MB200105011,2,32075947013,STARGAZER,979 SPRINGDALE RD STE 160,AUSTIN,78702,227,,unclassified,-97.69583,30.265167,off_govalle_johnston_terrace,,,Govalle/Johnston Terrace,5.34,78702,,MB200105011|2
MB200105095,2,32051485590,BIRYANI POT,12407 N MO PAC EXPY STE 200B,AUSTIN,78758,227,,unclassified,,,,,,Austin: North,,78758,,MB200105095|2
MB200105977,1,32089527819,EASTSIDE PADDLE CLUB,979 SPRINGDALE RD STE 120,AUSTIN,78702,227,,unclassified,-97.69583,30.265167,off_govalle_johnston_terrace,,,Govalle/Johnston Terrace,5.34,78702,,MB200105977|1
MB200107506,1,32091126485,OTHER RACQUET SOCIAL CLUB,2717 MANOR RD,AUSTIN,78722,227,722511,casual_full_service,-97.712885,30.285282,east_manor,East Austin,Manor Road,,5.69,78722,,MB200107506|1
MB200107621,1,32066758577,HOPE OUTDOOR GALLERY,741 DALTON LN,AUSTIN,78742,227,,unclassified,-97.666397,30.234036,,,,,6.03,78742,,MB200107621|1
MB200110786,1,32090352835,1922 LIBATIONS AND BITES,410 W 7TH ST APT 110,TAYLOR,76574,246,722511,casual_full_service,,,,,,Round Rock / Georgetown,,76574,,MB200110786|1
MB200113599,1,32088342657,THE RSRV,3415 E 7TH ST,AUSTIN,78702,227,722511,casual_full_service,-97.703153,30.256998,off_govalle_johnston_terrace,,,Govalle/Johnston Terrace,4.65,78702,,MB200113599|1
MB200113945,3,32085898008,DOG HAUS CEDAR PARK,3101 E WHITESTONE BLVD STE 200 C/O BLDG G,CEDAR PARK,78613,246,722513,fast_casual,,,,,,Cedar Park / Leander,,78613,,MB200113945|3
MB200115270,2,32075501570,HATTIE B'S,2529 S LAMAR BLVD,AUSTIN,78704,227,722513,fast_casual,-97.778692,30.246167,slamar,South Lamar,,,2.2,78704,,MB200115270|2
MB200115618,1,32091947807,LAO'D BAR,9909 FM 969 RD BLDG 4,AUSTIN,78724,227,722410,upscale_casual,-97.626162,30.26775,,,,Austin: Far East,9.03,78724,,MB200115618|1
MB200115753,1,32081629787,BRASS TAP,15181 W RONALD REAGAN BLVD STE 300,LEANDER,78641,246,722410,bar,,,,,,Cedar Park / Leander,,78641,,MB200115753|1
MB200119906,1,32091847874,MIAMI LOUNGE,15505 N INTERSTATE 35 STE C,PFLUGERVILLE,78660,227,722410,bar,,,,,,Pflugerville / Manor,,78660,,MB200119906|1
MB200125728,1,32092681728,EDEN,206 W SAN ANTONIO ST,SAN MARCOS,78666,105,722410,bar,,,,,,Hays County,,78666,,MB200125728|1
MB200133184,1,32090827471,BAYLE'S,130 E SAN ANTONIO ST UNIT C,SAN MARCOS,78666,105,,unclassified,,,,,,Hays County,,78666,,MB200133184|1
MB200133837,1,32092515694,DWARAKA'S BAWARCHI HOUSE OF BIRYANIS,1400 E OLD SETTLERS BLVD STE 203,ROUND ROCK,78664,246,722511,casual_full_service,,,,,,Round Rock / Georgetown,,78664,,MB200133837|1
MB200134397,2,32088788412,BIRYANI GARDEN,12221 RIATA TRACE PKWY STE 190,AUSTIN,78727,227,,unclassified,-97.749989,30.429099,,,,Austin: North,14.71,78727,,MB200134397|2
MB200135461,1,32095173129,GINO'S VINO OSTERIA,1239 E 51ST ST,AUSTIN,78723,227,722511,casual_full_service,-97.706496,30.307512,off_rmma,,,RMMA,7.2,78723,,MB200135461|1
MB200135582,4,32084876351,CRU LOUNGE AUSTIN,2716 GUADALUPE ST,AUSTIN,78705,227,,unclassified,-97.741538,30.292868,off_central_austin,,,Central Austin,5.46,78705,,MB200135582|4
MB200144481,1,32096612364,TIGER LILLY,400 COLORADO ST,AUSTIN,78701,227,,unclassified,-97.744819,30.266574,dt_2nd_warehouse,2nd Street / Warehouse,,,3.67,78701,,MB200144481|1
MB200152009,1,32097143922,THE TACO BAR,7708 LOHMANS FORD RD STE 103B,LAGO VISTA,78645,227,722511,casual_full_service,,,,,,Cedar Park / Leander,,78645,,MB200152009|1
MB200153138,1,32097253598,TWO STEP TAQUERIA,1500 SAN JACINTO BLVD,AUSTIN,78701,227,722511,casual_full_service,-97.737117,30.276237,dt_core,Downtown,,,4.45,78701,,MB200153138|1
MB200153273,1,32095982909,CAFE 290,2600 W 2ND ST,TAYLOR,76574,246,,unclassified,,,,,,Round Rock / Georgetown,,76574,,MB200153273|1
MB200156401,1,32097534385,COURTYARD BY MARRIOT SAN MARCOS,625 COMMERCIAL LOOP,SAN MARCOS,78666,105,,unclassified,,,,,,Hays County,,78666,,MB200156401|1
MB200156569,1,32070447043,RRR FOOD TRENDS LLC,8300 N FM 620 RD STE M100,AUSTIN,78726,227,722310,catering_contract,-97.84524,30.421315,,,,Austin: Northwest,14.93,78726,,MB200156569|1
MB200156702,1,32097433836,EX FILES SPORTS BAR LLC,2032 S LAMAR BLVD,AUSTIN,78704,227,722511,casual_full_service,-97.768845,30.248782,slamar,South Lamar,,,2.24,78704,,MB200156702|1
MB200158974,1,32097014321,THE BURGER BAR,2005 LITTLE ELM TRL STE 100,CEDAR PARK,78613,246,722511,casual_full_service,,,,,,Cedar Park / Leander,,78613,,MB200158974|1
MB200159275,2,32095229004,ROUND TABLE PIZZA,200 UNIVERSITY BLVD STE 640,ROUND ROCK,78665,246,722511,casual_full_service,,,,,,Round Rock / Georgetown,,78665,,MB200159275|2
MB200169753,2,32098268140,1688 KITCHEN & BAR,1611 W 5TH ST STE 105,AUSTIN,78703,227,722511,casual_full_service,-97.763946,30.274181,off_old_west_austin,,,Old West Austin,3.98,78703,,MB200169753|2
MB200169827,2,32095223692,BAWARCHI INDIAN CUISINE,15881 RONALD W REAGAN BLVD,LEANDER,78641,246,722511,casual_full_service,,,,,,Cedar Park / Leander,,78641,,MB200169827|2
MB200172471,1,32090222889,KUPPANNA INDIAN RESTAURANT,13376 N HIGHWAY 183 STE 100,AUSTIN,78750,246,722511,casual_full_service,,,,,,Austin: Northwest,,78750,,MB200172471|1
MB200172677,1,32100117467,THE BAKED CRUST,14105 RONALD W REAGAN BLVD STE 304,CEDAR PARK,78641,246,722511,casual_full_service,,,,,,Cedar Park / Leander,,78641,,MB200172677|1
MB200173369,1,32070997849,CASAMIGOS TEXMEX,15609 RONALD W REAGAN BLVD STE C130,LEANDER,78641,246,722310,catering_contract,,,,,,Cedar Park / Leander,,78641,,MB200173369|1
MB200174623,4,32075501570,HATTIE B'S,3100 ESPERANZA XING STE 130,AUSTIN,78758,227,722513,fast_casual,-97.72191,30.399046,off_north_burnet_gateway,,,North Burnet/Gateway,12.87,78758,,MB200174623|4
MB200175500,1,32101570714,RICKYS MARISCOS Y MAS LLC,10601 N LAMAR BLVD STE R1,AUSTIN,78753,227,722511,casual_full_service,-97.690137,30.375292,off_north_austin_civic_association,,,North Austin Civic Association,11.85,78753,,MB200175500|1
MB200175805,1,32098429890,SINGAS PIZZA AND TAPROOM,3701 W STATE HIGHWAY 29 STE 18104,GEORGETOWN,78628,246,722511,casual_full_service,,,,,,Round Rock / Georgetown,,78628,,MB200175805|1
MB200176779,1,32100608226,ANTENA RESTAURANT,2082 HIGHWAY 183 STE 130,LEANDER,78641,246,722511,casual_full_service,,,,,,Cedar Park / Leander,,78641,,MB200176779|1
MB200177408,1,32101974866,CLUB CUBA NIGHTCLUB,9710 N LAMAR BLVD UNIT 100,AUSTIN,78753,227,722410,bar,-97.694643,30.367279,off_north_lamar,,,North Lamar,11.24,78753,,MB200177408|1
MB200178882,1,32101760034,BAR FINO,88 1/2 RAINEY ST,AUSTIN,78701,227,722511,casual_full_service,,,dt_core,Downtown,,,,78701,zip_majority,MB200178882|1
MB200180536,1,32102112045,GAME ON BAR & GRILL LLC,15609 RONALD W REAGAN BLVD BLDG A100,LEANDER,78641,246,722410,bar,,,,,,Cedar Park / Leander,,78641,,MB200180536|1
MB200181034,1,32099642459,5 O'CLOCK SOMEWHERE,2607 W BRAKER LN UNIT 2402,AUSTIN,78758,227,722320,catering_contract,-97.721322,30.391125,off_north_burnet_gateway,,,North Burnet/Gateway,12.34,78758,,MB200181034|1
MB200181560,1,32100608846,THE PUB AT THE TRIANGLE,815 W 47TH ST STE 103,AUSTIN,78751,227,,unclassified,-97.733913,30.315651,off_triangle_state,,,Triangle State,7.1,78751,,MB200181560|1
MB200184047,2,32091350754,TOASTIQUE,3220 AMY DONOVAN PLZ STE 100,AUSTIN,78758,227,722513,fast_casual,-97.727624,30.396671,off_north_burnet_gateway,,,North Burnet/Gateway,12.65,78758,,MB200184047|2
MB200185276,2,32092976953,UMIYA SUSHI & SEAFOOD GRILL,13609 N INTERSTATE 35 STE 3B,AUSTIN,78753,227,722511,casual_full_service,-97.672096,30.42336,,,,Austin: North,15.33,78753,,MB200185276|2
MB200186545,1,32101759747,BUCK'S BACKYARD,1750 S FM 1626,BUDA,78610,105,,unclassified,,,,,,Hays County,,78610,,MB200186545|1
MB200186628,1,32101408733,OUTLAW PIZZA,1745 W ANDERSON LN STE 6,AUSTIN,78757,227,722511,casual_full_service,-97.72492,30.353322,off_crestview_wooten,,,Crestview/Wooten,9.75,78757,,MB200186628|1
MB200189550,1,32092822710,LA MARLY CUBAN RESTAURANT,15200 FM 1825,PFLUGERVILLE,78660,227,722511,casual_full_service,,,,,,Pflugerville / Manor,,78660,,MB200189550|1
MB200190172,1,32104086981,INFINITY RIO RANCH,326 RIO PARK DR,LIBERTY HILL,78642,246,,unclassified,,,,,,Cedar Park / Leander,,78642,,MB200190172|1
MB200193522,1,32104397784,THE WELL,409 W MONROE ST,AUSTIN,78704,227,722511,casual_full_service,-97.753705,30.24891,slamar,South Lamar,,,2.34,78704,,MB200193522|1
MB200193640,2,32020123967,NECK OF THE WOODS,2702 E CESAR CHAVEZ ST,AUSTIN,78702,227,722513,fast_casual,-97.714063,30.253421,east_holly_ecc,East Austin,Holly / East Cesar Chavez,,3.98,78702,,MB200193640|2
MB200194374,1,32105044997,SOUTHBOUND SOCIAL,119 E HUTCHISON ST,SAN MARCOS,78666,105,722511,casual_full_service,,,,,,Hays County,,78666,,MB200194374|1
MB200195436,1,32099882170,JAROCHOS MEXICAN FOOD Y CANTINA,9200 N LAMAR BLVD STE 100,AUSTIN,78753,227,722511,casual_full_service,-97.698092,30.361123,off_north_austin_civic_association,,,North Austin Civic Association,10.76,78753,,MB200195436|1
MB200195852,1,32104587343,GOOD LUCK GRILL & TAVERN,525 W HOWARD LN STE 120,AUSTIN,78753,227,722511,casual_full_service,-97.661223,30.419659,,,,Austin: North,15.35,78753,,MB200195852|1
MB200197480,2,32069323791,LAVA JAVA,15505 N INTERSTATE 35 UNIT A,PFLUGERVILLE,78660,227,722515,cafe_bakery,,,,,,Pflugerville / Manor,,78660,,MB200197480|2
MB200197989,1,32104296333,CONEJOS TEX MEX CANTINA,2875 W WHITESTONE BLVD STE 190,CEDAR PARK,78613,227,722511,casual_full_service,,,,,,Cedar Park / Leander,,78613,,MB200197989|1
MB200198127,2,32043794513,MI TRADICION BAKE SHOP,8828 RESEARCH BLVD,AUSTIN,78758,227,722513,fast_casual,-97.719143,30.367815,off_crestview_wooten,,,Crestview/Wooten,10.81,78758,,MB200198127|2
MB200200154,2,32100483646,SHALLOTS MODERN INDIAN CUISINE,12221 RIATA TRACE PKWY STE 190,AUSTIN,78727,227,722511,casual_full_service,-97.749989,30.429099,,,,Austin: North,14.71,78727,,MB200200154|2
MB200201277,1,32099204029,HOPDODDY BURGER BAR,18708 LIMESTONE COMMERCIAL DR # 120,PFLUGERVILLE,78660,227,722511,casual_full_service,,,,,,Pflugerville / Manor,,78660,,MB200201277|1
MB214305,1,17418812610,THE CLOAK ROOM,1300 COLORADO ST,AUSTIN,78701,227,,unclassified,-97.741999,30.275532,dt_core,Downtown,,,4.31,78701,,MB214305|1
MB322345,1,32080333951,TEST HOTEL,111 E 17TH ST,AUSTIN,78774,227,,unclassified,-97.737803,30.278494,dt_core,Downtown,,,4.58,78774,,MB322345|1
MB450261,1,17429035599,MAYLOO'S,138 N LBJ DR,SAN MARCOS,78666,105,722410,bar,,,,,,Hays County,,78666,,MB450261|1
MB565971,1,10437869521,AXIS,202 N LBJ DR STE A,SAN MARCOS,78666,105,722511,casual_full_service,,,,,,Hays County,,78666,,MB565971|1
MB573281,1,11419170086,THE MOHAWK,912 RED RIVER ST,AUSTIN,78701,227,722410,bar,-97.735894,30.269961,dt_core,Downtown,,,4.09,78701,,MB573281|1
MB650814,1,12049228930,CAFE HORNITOS TEX MEX,3704 N INTERSTATE 35,AUSTIN,78705,227,722511,casual_full_service,-97.720207,30.29427,off_central_austin,,,Central Austin,6.01,78705,,MB650814|1
MB663737,1,10108780338,TINIEST BAR IN TEXAS,817 W 5TH ST,AUSTIN,78703,227,722410,bar,-97.752139,30.269545,dt_2nd_warehouse,2nd Street / Warehouse,,,3.74,78703,,MB663737|1
MB673236,2,17426707893,ANGIE'S MEXICAN RESTAURANT,1307 E 7TH ST,AUSTIN,78702,227,722511,casual_full_service,-97.728562,30.264844,east_6th_7th,East Austin,East 6th / 7th,,3.99,78702,,MB673236|2
MB685560,1,12089400647,KOMAD WINE & CHEESE BAR,1213 CORONA DR,AUSTIN,78723,227,722410,bar,-97.70465,30.312837,off_university_hills_and_windsor_park,,,University Hills And Windsor Park,7.57,78723,,MB685560|1
MB720160,1,32019688004,GREEN PARROT,124 N L B J DR,SAN MARCOS,78666,105,,unclassified,,,,,,Hays County,,78666,,MB720160|1
MB724445,1,32038541168,BALCONES COUNTRY CLUB,8600 BALCONES CLUB DR,AUSTIN,78750,227,722410,bar,-97.781938,30.436927,,,,Austin: Northwest,15.26,78750,,MB724445|1
MB773563,3,12001115539,AUSTIN HILTON GARDEN INN,500 N INTERSTATE 35,AUSTIN,78701,227,722511,casual_full_service,-97.735392,30.264925,dt_core,Downtown,,,3.79,78701,,MB773563|3
MB839289,1,32049581492,EMPIRE CONTROL ROOM & GARAGE,606 E 7TH ST,AUSTIN,78701,227,722410,bar,-97.736531,30.267327,dt_core,Downtown,,,3.91,78701,,MB839289|1
MB842906,1,32049968608,BULLDADDIES,119 E HUTCHISON ST,SAN MARCOS,78666,105,,unclassified,,,,,,Hays County,,78666,,MB842906|1
MB878800,1,32051165507,OLAMAIE,1610 SAN ANTONIO ST,AUSTIN,78701,227,,unclassified,-97.743534,30.279718,dt_core,Downtown,,,4.55,78701,,MB878800|1
MB882138,3,32008082714,COCO LOUNGE,105 S MAYS ST,ROUND ROCK,78664,246,722511,casual_full_service,,,,,,Round Rock / Georgetown,,78664,,MB882138|3
MB913192,1,32052865485,TROPICANA CUBAN RESTAURANT,9616 N LAMAR BLVD STE 141,AUSTIN,78753,227,722511,casual_full_service,-97.695303,30.366115,off_north_austin_civic_association,,,North Austin Civic Association,11.15,78753,,MB913192|1
MB914878,1,32051221417,YARD BAR,6700 BURNET RD,AUSTIN,78757,227,,unclassified,-97.73843,30.343442,off_allandale,,,Allandale,8.91,78757,,MB914878|1
MB946172,1,32058993125,GRIZZELDA'S RESTAURANT,105 TILLERY ST,AUSTIN,78702,227,,unclassified,-97.708632,30.252012,off_govalle_johnston_terrace,,,Govalle/Johnston Terrace,4.18,78702,,MB946172|1
MB953872,1,32052331496,PAUL MARTIN'S AMERICAN GRILL,3120 PALM WAY STE 700,AUSTIN,78758,227,722511,casual_full_service,-97.721025,30.40258,off_north_burnet_gateway,,,North Burnet/Gateway,13.12,78758,,MB953872|1
MB980781,3,32058829824,THE ROLLING ROOSTER,13717 BURNET RD STE 300,AUSTIN,78727,227,722511,casual_full_service,-97.698451,30.438636,,,,Austin: North,15.85,78727,,MB980781|3
MB992672,1,32064282554,SALADO CREEK SALOON,974 S PATTERSON AVE,FLORENCE,76527,246,722410,bar,,,,,,,,76527,,MB992672|1
N 200069725,1,32082516579,TINY MINOTAUR,2701 E CESAR CHAVEZ ST,AUSTIN,78702,227,,unclassified,-97.714107,30.253436,east_holly_ecc,East Austin,Holly / East Cesar Chavez,,3.98,78702,,N 200069725|1
N 200154043,1,32098017547,ONE LINE RACING CENTER,13000 N INTERSTATE 35 # 106,AUSTIN,78753,227,722410,bar,-97.672918,30.415297,,,,Austin: North,14.8,78753,,N 200154043|1
N 200160735,1,32098806360,BARTLETT LUMBER YARD,105 W CLARK ST,BARTLETT,76511,246,722410,bar,,,,,,,,76511,,N 200160735|1
N 200184506,1,32102925735,COUPLAND DANCEHALL,101 HOXIE ST,COUPLAND,78615,246,722410,bar,,,,,,,,78615,,N 200184506|1
NT200199604,2,17460665627,VFW POST 6441 CONCESSION STAND,401 JACOBS WELL RD,WIMBERLEY,78676,105,,unclassified,,,,,,Hays County,,78676,,NT200199604|2
NT200200214,6,32098695771,HEIDRUN'S HAVEN,1500 E 4TH ST,AUSTIN,78702,227,,unclassified,-97.728382,30.261573,east_holly_ecc,East Austin,Holly / East Cesar Chavez,,3.81,78702,,NT200200214|6
NT200200843,1,32064462206,THE MUSEUM OF HUMAN ACHIEVEMENT,3600 LYONS RD,AUSTIN,78702,227,,unclassified,-97.70041,30.261299,off_govalle_johnston_terrace,,,Govalle/Johnston Terrace,4.96,78702,,NT200200843|1
NT200201239,1,32034104946,THE 04 CENTER,2701 S LAMAR BLVD,AUSTIN,78704,227,,unclassified,-97.781056,30.24451,slamar,South Lamar,,,2.15,78704,,NT200201239|1
NT200201676,2,30002664404,ROUND ROCK SERTOMA CLUB,3300 E PALM VALLEY BLVD,ROUND ROCK,78665,246,,unclassified,,,,,,Round Rock / Georgetown,,78665,,NT200201676|2
NT200201823,1,32050919052,RANCHO ALEGRE RADIO (DBA RANCHO ALEGRE),2300 ROSEWOOD AVE,AUSTIN,78702,227,,unclassified,-97.715131,30.270341,east_12th,East Austin,East 12th and north,,4.77,78702,,NT200201823|1
NT200201917,2,32105128121,"SOUTH SQUARE COLLECTIVE, INC.",12700 HILL COUNTRY BLVD,BEE CAVE,78738,227,,unclassified,,,,,,Westlake / Lakeway,,78738,,NT200201917|2
NT200202204,1,32056203360,"ZILKER BOTANICAL GARDEN CONSERVANCY, INCORPORATED",2220 BARTON SPRINGS RD,AUSTIN,78746,227,,unclassified,-97.770876,30.267156,off_barton_hills_galindo_south_lamar_zilker,,,Barton Hills / Galindo / South Lamar / Zilker,3.51,78746,,NT200202204|1
NT200202254,3,17427784263,AUSTIN PUBLIC LIBRARY FRIENDS FOUNDATION,710 W CESAR CHAVEZ ST,AUSTIN,78701,227,,unclassified,-97.752266,30.265614,dt_2nd_warehouse,2nd Street / Warehouse,,,3.48,78701,,NT200202254|3
NT200202729,2,32074119523,3CS FOR LIFE FOUNDATION,1161 ANGELINA ST,AUSTIN,78702,227,,unclassified,-97.724449,30.269523,east_12th,East Austin,East 12th and north,,4.4,78702,,NT200202729|2
NT200203058,1,32044326380,WILLIAMSON COUNTY SHERIFF'S POSSE INC,1600 CR 305,JARRELL,76537,246,,unclassified,,,,,,,,76537,,NT200203058|1
NT200203095,1,17427828482,TAYLOR 4-H AND FFA BOOSTER CLUB,5350 BILL PICKETT TRL,TAYLOR,76574,246,,unclassified,,,,,,Round Rock / Georgetown,,76574,,NT200203095|1
NT200204383,3,32072705455,TEXAS MUAYTHAI & KICKBOXING ASSOCIATION,8220 183A TOLL RD,LEANDER,78641,246,,unclassified,,,,,,Cedar Park / Leander,,78641,,NT200204383|3
RM1107193,1,32075454556,ABBY'S CRAB SHACK,202 WALTON WAY STE 100,CEDAR PARK,78613,246,,unclassified,,,,,,Cedar Park / Leander,,78613,,RM1107193|1
RM776302,2,32039179059,ESTHER'S AUTHENTIC MEXICAN FOOD RESTAURANT,210 S MAIN ST,BUDA,78610,105,,unclassified,,,,,,Hays County,,78610,,RM776302|2
D 100134480,3,12000711866,"TEXACELLO, LLC",171 SPRINGS LN STE 200 BLDG 2,DRIPPING SPRINGS,78620,105,312130,brewery_winery_distillery,,,,,,Hays County,,78620,,D 100134480|3
D 103614824,4,32047636173,"REMINGTON FAMILY DISTILLERS, INC.",15210 FITZHUGH RD STE 1400,AUSTIN,78736,105,312140,brewery_winery_distillery,-98.028338,30.246042,,,,Austin: Southwest,15.83,78736,,D 103614824|4
D 104951427,1,32059721038,DRIPPING SPRINGS DISTILLING,5330 BELL SPRINGS RD,DRIPPING SPRINGS,78620,105,312140,brewery_winery_distillery,,,,,,Hays County,,78620,,D 104951427|1
D 105341133,2,32061957224,VARSITY DISTILLED SPIRITS LLC,14721 FITZHUGH RD,AUSTIN,78736,105,312140,brewery_winery_distillery,-98.020333,30.242792,,,,Austin: Southwest,15.33,78736,,D 105341133|2
D 105792196,1,32064855250,SCHITZ CREEK DISTILLERY,101 COUNTY ROAD 257 STE B,LIBERTY HILL,78642,246,,unclassified,,,,,,Cedar Park / Leander,,78642,,D 105792196|1
D 105895568,1,32066062996,"AUSTIN CRAFT SPIRITS COMPANY, LLC",12010 W HIGHWAY 290 STE 160,AUSTIN,78737,105,312140,brewery_winery_distillery,,,,,,Austin: Southwest,,78737,,D 105895568|1
D 1063802,1,32066384622,MODISETT & SONS DISTILLERY,13700 N FM 973 RD BLDG E,MANOR,78653,227,312140,brewery_winery_distillery,,,,,,Pflugerville / Manor,,78653,,D 1063802|1
D 1091346,1,32072689998,CODE RANCH,12013 FITZHUGH RD,AUSTIN,78736,227,,unclassified,-97.977713,30.23238,,,,Austin: Southwest,12.73,78736,,D 1091346|1
D 1114474,1,32058013502,SENZA MAESO,1090 FM 32,SAN MARCOS,78666,105,312140,brewery_winery_distillery,,,,,,Hays County,,78666,,D 1114474|1
D 200057693,1,32083722341,IAN JAMES SPIRITS,1036 WINDMILL RD,DRIPPING SPRINGS,78620,105,312140,brewery_winery_distillery,,,,,,Hays County,,78620,,D 200057693|1
D 200067699,2,32074042444,RANCH BRAND WINE & SPIRITS,13619 RANCH ROAD 12,WIMBERLEY,78676,105,,unclassified,,,,,,Hays County,,78676,,D 200067699|2
D 200087469,1,32088297281,LIME CREEK DISTILLERY,16501 RED WAGON LN STE B,LEANDER,78641,227,312130,brewery_winery_distillery,,,,,,Cedar Park / Leander,,78641,,D 200087469|1
D 200099785,1,32050533457,REVOLUTION SPIRITS,12345 PAULS VALLEY RD STE G,AUSTIN,78737,105,,unclassified,,,,,,Austin: Southwest,,78737,,D 200099785|1
D 200109325,1,32084540031,BRIGGS DISTILLING CO.,121 BROWNSON LN,DRIFTWOOD,78619,105,312140,brewery_winery_distillery,,,,,,Hays County,,78619,zip_majority,D 200109325|1
D 200121644,1,32068480808,ONE SHOT DISTILLERY & BREWERY,31610 RANCH ROAD 12,DRIPPING SPRINGS,78620,105,312120,brewery_winery_distillery,,,,,,Hays County,,78620,,D 200121644|1
D 200123591,3,32057014295,STILL AUSTIN WHISKEY CO,17612 FM 969,AUSTIN,78724,227,312140,brewery_winery_distillery,-97.539844,30.254106,,,,Austin: Far East,13.71,78724,,D 200123591|3
D 200128704,1,32093843830,ROBERSON DISTILLERY,4701 PRIEM LN # 3A3B,PFLUGERVILLE,78660,227,312140,brewery_winery_distillery,,,,,,Pflugerville / Manor,,78660,,D 200128704|1
D 200129586,1,32094563841,SPINNAKER RUM,8119 EXCHANGE DR STE B01-E,AUSTIN,78754,227,312130,brewery_winery_distillery,-97.670904,30.329984,,,,Austin: Northeast,9.65,78754,,D 200129586|1
D 200132455,1,32093724170,"HIGH BASIN BRANDS LICENSING, LLC",16604 FITZHUGH RD,DRIPPING SPRINGS,78620,105,312140,brewery_winery_distillery,,,,,,Hays County,,78620,,D 200132455|1
D 200135546,1,32095447606,WATERLOO GIN COMPANY LLC,16604 FITZHUGH RD,DRIPPING SPRINGS,78620,105,312140,brewery_winery_distillery,,,,,,Hays County,,78620,,D 200135546|1
D 200143276,1,32058246870,"FIERCE WHISKERS DISTILLERY, LLC",5333 FLEMING CT,AUSTIN,78744,227,312140,brewery_winery_distillery,-97.728063,30.206354,off_southeast,,,Southeast,2.33,78744,,D 200143276|1
D 200144303,4,17429758075,RUM CENTRAL,3280 FM 112,TAYLOR,76574,246,312140,brewery_winery_distillery,,,,,,Round Rock / Georgetown,,76574,,D 200144303|4
D 200151614,2,32048414125,ZILKER BREWING COMPANY,1701 E 6TH ST,AUSTIN,78702,227,312120,brewery_winery_distillery,-97.724465,30.262366,east_6th_7th,East Austin,East 6th / 7th,,4.0,78702,,D 200151614|2
D 200153076,1,32094937573,"ALL DIA, LLC",4007 COMMERCIAL CENTER DR STE 700,AUSTIN,78744,227,312140,brewery_winery_distillery,-97.741195,30.210979,off_southeast,,,Southeast,1.49,78744,,D 200153076|1
D 200188020,6,32057014295,STILL AUSTIN WHISKEY CO,4211 WILLOW SPRINGS RD STE 100 & 130,AUSTIN,78745,227,312140,brewery_winery_distillery,-97.762252,30.218449,off_east_congress_sweetbriar_west_congress,,,East Congress / Sweetbriar / West Congress,0.23,78745,,D 200188020|6
D 200188266,7,32057014295,STILL AUSTIN WHISKEY CO,4211 WILLOW SPRINGS RD STE 110,AUSTIN,78745,227,312140,brewery_winery_distillery,-97.762252,30.218449,off_east_congress_sweetbriar_west_congress,,,East Congress / Sweetbriar / West Congress,0.23,78745,,D 200188266|7
D 200189466,4,32057014295,STILL AUSTIN WHISKEY CO,4301 WILLOW SPRINGS RD,AUSTIN,78745,227,312140,brewery_winery_distillery,-97.762929,30.216194,off_east_congress_sweetbriar_west_congress,,,East Congress / Sweetbriar / West Congress,0.15,78745,,D 200189466|4
D 200189467,5,32057014295,STILL AUSTIN WHISKEY CO,4303 WILLOW SPRINGS RD,AUSTIN,78745,227,312140,brewery_winery_distillery,-97.762958,30.216147,off_east_congress_sweetbriar_west_congress,,,East Congress / Sweetbriar / West Congress,0.14,78745,,D 200189467|5
D 200191797,1,32104678480,"PHENOMENAL SPIRITS, INC.",3280 FM 112,TAYLOR,76574,246,312140,brewery_winery_distillery,,,,,,Round Rock / Georgetown,,76574,,D 200191797|1
D 200196051,1,32058738892,THE BREWTORIUM,6015 DILLARD CIR STE A,AUSTIN,78752,227,722511,casual_full_service,-97.717554,30.325665,off_brentwood_highland,,,Brentwood/Highland,8.06,78752,,D 200196051|1
D 679801,1,17427376888,FIFTH GENERATION INC,12101 MOORE RD,AUSTIN,78719,227,,unclassified,-97.663237,30.119621,,,,Austin: Southeast / Del Valle,9.06,78719,,D 679801|1
D 735369,1,32039944080,SPIRIT OF TEXAS,1715 DALSHANK ST STE A,PFLUGERVILLE,78660,227,312140,brewery_winery_distillery,,,,,,Pflugerville / Manor,,78660,,D 735369|1
D 822687,2,32046718139,"SWIFT DISTILLERY, LLC",1280 ELDER HILL RD,DRIFTWOOD,78619,105,312140,brewery_winery_distillery,,,,,,Hays County,,78619,zip_majority,D 822687|2
D 836600,1,32045328773,BANNER DISTILLING CO.,13201 JACOBSON RD UNIT 11,MANOR,78653,227,312140,brewery_winery_distillery,,,,,,Pflugerville / Manor,,78653,,D 836600|1
D 899470,1,32042945413,LEANDERTHAL DISTILLING,11894 HERO WAY W STE A,LEANDER,78641,246,312140,brewery_winery_distillery,,,,,,Cedar Park / Leander,,78641,,D 899470|1
D 901408,2,17428602142,FIRE OAK DISTILLERY,4600 COUNTY ROAD 207,LIBERTY HILL,78642,246,312140,brewery_winery_distillery,,,,,,Cedar Park / Leander,,78642,,D 901408|2
D 930667,2,32037929752,DEEP EDDY DISTILLING CO,2250 E HIGHWAY 290,DRIPPING SPRINGS,78620,105,312140,brewery_winery_distillery,,,,,,Hays County,,78620,,D 930667|2
D 937626,1,32057014295,STILL AUSTIN WHISKEY CO,440 E SAINT ELMO RD BLDG F,AUSTIN,78745,227,312140,brewery_winery_distillery,,,,,,Austin: Far South,,78745,,D 937626|1
D 981802,4,32037929752,DEEP EDDY DISTILLING CO,150A PRECISION,BUDA,78610,105,312140,brewery_winery_distillery,,,,,,Hays County,,78610,,D 981802|4
D 982216,1,32061758721,WEISS WHISKEY,16221 CRYSTAL HILLS DR BLDG DE,AUSTIN,78737,105,312140,brewery_winery_distillery,-97.970602,30.144857,,,,Austin: Southwest,13.22,78737,,D 982216|1
D 982299,1,32061496108,DESERT DOOR,211 DARDEN HILL RD BLDG A200,DRIFTWOOD,78619,105,312140,brewery_winery_distillery,,,,,,Hays County,,78619,zip_majority,D 982299|1
FB516260,6,17429618923,CYPRESS GRILL,4404 W WILLIAM CANNON DR STE L,AUSTIN,78749,227,722310,catering_contract,-97.840322,30.222911,off_oak_hill,,,Oak Hill,4.5,78749,,FB516260|6
MB072859,1,32034610637,LALA'S LOUNGE AND RESTAURANT,2207 JUSTIN LN,AUSTIN,78757,227,722511,casual_full_service,-97.73663,30.344972,off_crestview_wooten,,,Crestview/Wooten,9.04,78757,,MB072859|1
MB077915,1,17412500674,WESTWOOD COUNTRY CLUB OF AUSTIN,3808 W 35TH ST,AUSTIN,78703,227,,unclassified,-97.771742,30.313104,off_central_west_austin,,,Central West Austin,6.68,78703,,MB077915|1
MB080078,7,17514214240,RED LOBSTER OF TEXAS INC #0095,109 W ANDERSON LN,AUSTIN,78752,227,,unclassified,,,off_st_john_coronado_hills,,,St. John Coronado Hills,,78752,zip_majority,MB080078|7
MB083621,2,17417918889,COMMON INTEREST PIANO BAR,8440 BURNET RD STE 148,AUSTIN,78757,227,722511,casual_full_service,-97.728181,30.366055,off_crestview_wooten,,,Crestview/Wooten,10.56,78757,,MB083621|2
MB091654,1,17418450585,SAN MIGUEL RESTAURANT,2330 W NORTH LOOP BLVD,AUSTIN,78756,227,722511,casual_full_service,,,off_allandale,,,Allandale,,78756,zip_majority,MB091654|1
MB095436,3,17418730721,"MATT'S EL RANCHO, INC.",2613 S LAMAR BLVD,AUSTIN,78704,227,722511,casual_full_service,-97.7791,30.245886,slamar,South Lamar,,,2.19,78704,,MB095436|3
MB100051239,1,32086199851,NOSH & BEVVY ENGLISH KITCHEN & BAR,8440 BURNET RD STE 100,AUSTIN,78757,227,722410,bar,-97.728181,30.366055,off_crestview_wooten,,,Crestview/Wooten,10.56,78757,,MB100051239|1
MB100051241,2,17413136338,HIGHLAND LANES,8909 BURNET RD,AUSTIN,78757,227,,unclassified,-97.726437,30.37262,off_crestview_wooten,,,Crestview/Wooten,11.03,78757,,MB100051241|2
MB100072574,400,17519330587,CHILI'S GRILL & BAR #1678,19398 RONALD W REAGAN BLVD,GEORGETOWN,78628,246,722511,casual_full_service,,,,,,Round Rock / Georgetown,,78628,,MB100072574|400
MB100079419,80,17524461674,OUTBACK STEAKHOUSE #4441,4151 N INTERSTATE 35,ROUND ROCK,78664,246,722511,casual_full_service,,,,,,Round Rock / Georgetown,,78664,,MB100079419|80
MB100086151,3,17514677206,WESTLAKE COUNTRY CLUB,2612 LOST CREEK BLVD,AUSTIN,78746,227,,unclassified,-97.844954,30.27374,,,,Westlake / Lakeway,6.18,78746,,MB100086151|3
MB100093542,1,32090086672,THE YELLOW ROSE,6528 N LAMAR BLVD,AUSTIN,78752,227,722511,casual_full_service,-97.721389,30.333787,off_brentwood_highland,,,Brentwood/Highland,8.51,78752,,MB100093542|1
MB100101005,123,17519750495,PREMIER HOSPITALITY @ MIKE A MYERS STADIUM,707 CLYDE LITTLEFIELD DR,AUSTIN,78712,227,722511,casual_full_service,-97.73085,30.283893,off_ut,,,UT,5.09,78712,,MB100101005|123
MB100101281,2,10304978173,CAPITOL CITY COMEDY CLUB,11506 CENTURY OAKS TER # B100,AUSTIN,78758,227,722511,casual_full_service,-97.725939,30.40209,off_north_burnet_gateway,,,North Burnet/Gateway,13.03,78758,,MB100101281|2
MB100101824,1,32088897031,CAIN & ABEL'S,907 W 24TH ST,AUSTIN,78705,227,722511,casual_full_service,-97.747123,30.288112,off_central_austin,,,Central Austin,5.06,78705,,MB100101824|1
MB100111551,1,32103327360,CAMINO REAL RESTAURANT,8650 SPICEWOOD SPRINGS RD STE 137,AUSTIN,78759,246,722511,casual_full_service,-97.771994,30.433527,,,,Austin: Northwest,15.0,78759,,MB100111551|1
MB100115636,1,18000117541,RAIN ON 4TH,217 W 4TH ST STE B,AUSTIN,78701,227,722410,bar,-97.745638,30.266811,dt_2nd_warehouse,2nd Street / Warehouse,,,3.67,78701,,MB100115636|1
MB100122866,401,17519330587,CHILI'S GRILL & BAR #1683,11920 US HIGHWAY 290 E,MANOR,78653,227,722511,casual_full_service,,,,,,Pflugerville / Manor,,78653,,MB100122866|401
MB101200018,2,13201219071,WALTON'S FANCY & STAPLE,609 W 6TH ST,AUSTIN,78701,227,722511,casual_full_service,-97.748927,30.269776,dt_2nd_warehouse,2nd Street / Warehouse,,,3.81,78701,,MB101200018|2
MB101512933,2,32029851501,THE RANCH,704 W 6TH ST,AUSTIN,78701,227,722410,bar,-97.749744,30.27002,dt_2nd_warehouse,2nd Street / Warehouse,,,3.81,78701,,MB101512933|2
MB101668712,38,17519750495,"PREMIER HOSPITALIT, INC.",1300 E MARTIN LUTHER KING JR BLVD,AUSTIN,78722,227,722511,casual_full_service,-97.726863,30.278835,east_12th,East Austin,East 12th and north,,4.88,78722,,MB101668712|38
MB101683732,6,12618026202,STERLING EVENTS,6134 E HIGHWAY 290,AUSTIN,78723,227,,unclassified,,,off_rmma,,,RMMA,,78723,zip_majority,MB101683732|6
MB101748122,2,11418506314,THE HOLE IN THE WALL,2538 GUADALUPE ST,AUSTIN,78705,227,722410,bar,-97.741327,30.290129,off_ut,,,UT,5.28,78705,,MB101748122|2
MB102032434,2,32033892418,"DC/ICON GROUP DALLAS, LLC",400 W 2ND ST UNIT A,AUSTIN,78701,227,722511,casual_full_service,-97.747679,30.265292,dt_2nd_warehouse,2nd Street / Warehouse,,,3.53,78701,,MB102032434|2
MB102048175,2,32038336460,LA CABANA GRILL,23526 STATE HIGHWAY 71 W,SPICEWOOD,78669,227,722511,casual_full_service,,,,,,,,78669,,MB102048175|2
MB102192261,1,32036854084,BLACK SHEEP LODGE,2108 S LAMAR BLVD,AUSTIN,78704,227,722511,casual_full_service,-97.771244,30.24808,slamar,South Lamar,,,2.21,78704,,MB102192261|1
MB102259766,1,32039550184,CLIVE BAR,609 DAVIS ST,AUSTIN,78701,227,722410,bar,-97.73869,30.260243,dt_rainey,Rainey Street,,,3.41,78701,,MB102259766|1
MB102308747,1,15223795418,CHILL'S ON THE CREEK,14004 RANCH ROAD 12,WIMBERLEY,78676,105,722511,casual_full_service,,,,,,Hays County,,78676,,MB102308747|1
MB102502331,2,32052734947,EL NUEVO MEXICO RESTAURANT AUSTIN,911 W ANDERSON LN,AUSTIN,78757,227,722511,casual_full_service,-97.715448,30.34882,off_crestview_wooten,,,Crestview/Wooten,9.61,78757,,MB102502331|2
MB102550272,1,32041790430,HOPDODDY,1400 S CONGRESS AVE STE A190,AUSTIN,78704,227,722511,casual_full_service,-97.749598,30.249832,soco,South Congress,,,2.48,78704,,MB102550272|1
MB102563638,1,32041886485,ZELICKS,336 W HOPKINS ST,SAN MARCOS,78666,105,722410,bar,,,,,,Hays County,,78666,,MB102563638|1
MB102590224,1,32042457872,SEAN PATRICK'S,202 E SAN ANTONIO ST,SAN MARCOS,78666,105,722511,casual_full_service,,,,,,Hays County,,78666,,MB102590224|1
MB102669517,2,12602352655,MAGGIORE'S INC.,1420 CYPRESS CREEK RD STE 1000,CEDAR PARK,78613,246,722511,casual_full_service,,,,,,Cedar Park / Leander,,78613,,MB102669517|2
MB102773528,1,32042828338,WINGZUP,1000 E 41ST ST STE 210,AUSTIN,78751,227,722513,fast_casual,-97.719184,30.298164,off_central_austin,,,Central Austin,6.28,78751,,MB102773528|1
MB102882165,2,32044277575,THE LOST WELL,1141 1/2 AIRPORT BLVD,AUSTIN,78702,227,,unclassified,,,east_6th_7th,East Austin,East 6th / 7th,,,78702,zip_majority,MB102882165|2
MB102992943,2,32064487773,POLVOS EN LA BRISSA,2901 S CAPITAL OF TEXAS HWY BLDG 7,AUSTIN,78746,227,722511,casual_full_service,,,,,,Westlake / Lakeway,,78746,,MB102992943|2
MB103185402,5,12734071637,MOVIEHOUSE & EATERY,8300 N FM 620 RD BLDG B,AUSTIN,78726,227,,unclassified,-97.84524,30.421315,,,,Austin: Northwest,14.93,78726,,MB103185402|5
MB103225400,2,32047727212,ROE BUCKS AND CO.,519 E 6TH ST,AUSTIN,78701,227,722410,bar,-97.737449,30.266554,dt_core,Downtown,,,3.83,78701,,MB103225400|2
MB103246846,1,32046977198,"FIREHOUSE BAR, LLC",605 BRAZOS ST STE 100,AUSTIN,78701,227,722410,bar,-97.741361,30.267959,dt_core,Downtown,,,3.83,78701,,MB103246846|1
MB103261250,1,32095800952,MI MADRE'S,2201 MANOR RD,AUSTIN,78722,227,722511,casual_full_service,-97.719113,30.284284,east_manor,East Austin,Manor Road,,5.43,78722,,MB103261250|1
MB103284330,126,17519750495,SODEXO AT DKR,405 DELOSS DODDS WAY,AUSTIN,78712,227,722511,casual_full_service,-97.733523,30.285304,off_ut,,,UT,5.12,78712,,MB103284330|126
MB103292794,1,32044466525,SHOGUN JAPANESE GRILL AND SUSHI BAR,18816 LIMESTONE COMMERCIAL DR STE 100,PFLUGERVILLE,78660,227,722511,casual_full_service,,,,,,Pflugerville / Manor,,78660,,MB103292794|1
MB103292811,22,10435858294,LEVY RESTAURANT AT PALMER EVENT CENTER,900 BARTON SPRINGS RD,AUSTIN,78704,227,722511,casual_full_service,-97.75349,30.25959,off_bouldin_creek,,,Bouldin Creek,3.06,78704,,MB103292811|22
MB103355316,2,32048174505,NAYA,506 WEST AVE,AUSTIN,78701,227,722511,casual_full_service,-97.750832,30.269664,dt_2nd_warehouse,2nd Street / Warehouse,,,3.77,78701,,MB103355316|2
MB103361509,1,32042325665,"DOS SALSAS CAFE TWO, LLC",1600 E WHITESTONE BLVD,CEDAR PARK,78613,246,722511,casual_full_service,,,,,,Cedar Park / Leander,,78613,,MB103361509|1
MB103362009,1,32045412379,SOTO RESTAURANT,11066 PECAN PARK BLVD STE 402,CEDAR PARK,78613,246,722511,casual_full_service,,,,,,Cedar Park / Leander,,78613,,MB103362009|1
MB103375982,1,32049133195,THE WATER TANK BAR & GRILL,7309 MCNEIL DR,AUSTIN,78729,246,722511,casual_full_service,,,,,,Austin: North,,78729,,MB103375982|1
MB103384022,1,32048992856,THE BRASS TAP,204 E MAIN ST,ROUND ROCK,78664,246,722410,bar,,,,,,Round Rock / Georgetown,,78664,,MB103384022|1
MB103491748,1,32049969689,EMOS EAST,2015 E RIVERSIDE DR STE 10,AUSTIN,78741,227,722410,bar,-97.727649,30.240862,off_east_riverside_oltorf,,,East Riverside/Oltorf,2.81,78741,,MB103491748|1
MB1035163,1,32067776388,THE WESTWOOD,5308 BALCONES DR,AUSTIN,78731,227,722511,casual_full_service,-97.758858,30.335302,,,,Austin: Northwest,8.21,78731,,MB1035163|1
MB103680818,3,32066022339,GIDDY UPS,10509 OLD MANCHACA RD,AUSTIN,78748,227,722410,bar,-97.830519,30.165636,,,,Austin: Far South,5.25,78748,,MB103680818|3
MB103788781,1,32052114009,WILLIE'S JOINT,824 MAIN ST,BUDA,78610,105,722511,casual_full_service,,,,,,Hays County,,78610,,MB103788781|1
MB103809190,2,32051830654,"BLU TEQUILA, LLC",8108 MESA DR STE C100,AUSTIN,78759,227,722511,casual_full_service,-97.757122,30.371723,,,,Austin: Northwest,10.73,78759,,MB103809190|2
MB104022878,1,32053681832,VIVO,6406 N INTERSTATE 35 STE 2343,AUSTIN,78752,227,722511,casual_full_service,-97.705551,30.325827,off_st_john_coronado_hills,,,St. John Coronado Hills,8.35,78752,,MB104022878|1
MB104029999,11,17427183243,STOCKADE KITCHEN,210 ED SCHMIDT BLVD STE 100,HUTTO,78634,246,722513,fast_casual,,,,,,Round Rock / Georgetown,,78634,,MB104029999|11
MB104055213,2,32050042897,TOPSPIN,1851 S LAKELINE BLVD STE 106,CEDAR PARK,78613,246,722511,casual_full_service,,,,,,Cedar Park / Leander,,78613,,MB104055213|2
MB104071686,1,32052415281,NIGHTCAP,1401 W 6TH ST,AUSTIN,78703,227,722511,casual_full_service,-97.760291,30.273921,off_old_west_austin,,,Old West Austin,3.98,78703,,MB104071686|1
MB104083961,1,32049261343,TACO FLATS,5520 BURNET RD STE 101,AUSTIN,78756,227,722511,casual_full_service,-97.739926,30.330464,off_allandale,,,Allandale,8.02,78756,,MB104083961|1
MB104114932,2,32054776664,THE ROCK SPORTS BAR,205 N MAYS ST,ROUND ROCK,78664,246,722511,casual_full_service,,,,,,Round Rock / Georgetown,,78664,,MB104114932|2
MB104116167,16,32033248629,TORCHY'S TACOS,5119 BURNET RD,AUSTIN,78756,227,722513,fast_casual,-97.739408,30.323025,off_brentwood_highland,,,Brentwood/Highland,7.52,78756,,MB104116167|16
MB104147506,1,32053982214,SPARE TIME FUN CENTER,1724 FM 685,PFLUGERVILLE,78660,227,,unclassified,,,,,,Pflugerville / Manor,,78660,,MB104147506|1
MB104147524,2,12008060084,HURRICAN GRILL & WINGS,2701 PARKER RD,ROUND ROCK,78681,246,722511,casual_full_service,,,,,,Round Rock / Georgetown,,78681,,MB104147524|2
MB104149172,1,32053210814,SERRANOS CAFE AT CEDAR PARK,1900 E WHITESTONE BLVD,CEDAR PARK,78613,246,722511,casual_full_service,,,,,,Cedar Park / Leander,,78613,,MB104149172|1
MB104206082,2,32074275960,LONESOME DOVE WESTERN BISTRO,123 W 6TH ST,AUSTIN,78701,227,722511,casual_full_service,-97.743901,30.268359,dt_2nd_warehouse,2nd Street / Warehouse,,,3.8,78701,,MB104206082|2
MB104244809,20,32043244923,FIVE FOUR RESTAURANT & DRAFTHOUSE,127 RALPH ABLANEDO DR,AUSTIN,78745,227,722511,casual_full_service,-97.787307,30.173705,,,,Austin: Far South,3.24,78745,,MB104244809|20
MB104330985,1,32048185865,CRAVE CATERING,14611 N MO PAC EXPY STE 104,AUSTIN,78728,227,722320,catering_contract,,,,,,Austin: North,,78728,,MB104330985|1
MB104550303,2,32057877303,CHESS CLUB,617 RED RIVER ST,AUSTIN,78701,227,722410,bar,-97.736824,30.267408,dt_core,Downtown,,,3.9,78701,,MB104550303|2
MB104609060,26,32057413588,WILLIE'S GRILL & ICEHOUSE LLC,19200 INTERSTATE 35,KYLE,78640,105,722511,casual_full_service,,,,,,Hays County,,78640,,MB104609060|26
MB104655289,3,32046135789,CAMP LUCY,3509 CREEK RD,DRIPPING SPRINGS,78620,105,,unclassified,,,,,,Hays County,,78620,,MB104655289|3
MB104762414,26,32058434427,SNOOZE,4301 W WILLIAM CANNON DR STE H-105,AUSTIN,78749,227,722511,casual_full_service,-97.839049,30.222415,off_oak_hill,,,Oak Hill,4.42,78749,,MB104762414|26
MB104896203,1,32053067081,ALIMENTARI/NUMERO 28 PIZZERIA & VINERIA,452 W 2ND ST,AUSTIN,78701,227,722511,casual_full_service,-97.748458,30.265517,dt_2nd_warehouse,2nd Street / Warehouse,,,3.53,78701,,MB104896203|1
MB104901277,1,32058612444,JACKALOPE,1523 TINNIN FORD RD,AUSTIN,78741,227,722410,bar,-97.726374,30.241262,off_east_riverside_oltorf,,,East Riverside/Oltorf,2.88,78741,,MB104901277|1
MB104919444,1,32060142067,THE ALCOVE CANTINA,119 E MAIN ST,ROUND ROCK,78664,246,722511,casual_full_service,,,,,,Round Rock / Georgetown,,78664,,MB104919444|1
MB104925983,1,32060740894,OLD THOUSAND,1000 E 11TH ST STE 150,AUSTIN,78702,227,722511,casual_full_service,-97.730192,30.269542,east_12th,East Austin,East 12th and north,,4.22,78702,,MB104925983|1
MB104949000,1,32052136945,EURASIA SUSHI BAR & SEAFOOD,7101 W HIGHWAY 71 STE C13,AUSTIN,78735,227,722511,casual_full_service,,,,,,Austin: Southwest,,78735,,MB104949000|1
MB104968106,15,32034390891,WING DADDY'S SAUCE HOUSE,9811 S INTERSTATE 35,AUSTIN,78744,227,722511,casual_full_service,-97.789874,30.157598,,,,Austin: Southeast / Del Valle,4.33,78744,,MB104968106|15
MB104985818,3,32056123956,AUSTIN MOTEL/JOANN'S FINE FOODS,1220 S CONGRESS AVE,AUSTIN,78704,227,,unclassified,-97.749026,30.251349,soco,South Congress,,,2.59,78704,,MB104985818|3
MB104992740,1,32060925180,BURROS TEX MEX BAR & GRILL,900 E PALM VALLEY BLVD STE 920,ROUND ROCK,78664,246,722511,casual_full_service,,,,,,Round Rock / Georgetown,,78664,,MB104992740|1
MB104997948,1,32060840215,HUDSON TAVERN,5000 HUDSON BEND RD STE D&E,AUSTIN,78734,227,722511,casual_full_service,-97.926791,30.412183,,,,Westlake / Lakeway,16.6,78734,,MB104997948|1
MB105030407,1,32061140995,ROE BUCKS AND CO.,503 E 6TH ST,AUSTIN,78701,227,722410,bar,-97.738127,30.266751,dt_core,Downtown,,,3.83,78701,,MB105030407|1
MB105033079,39,17519750495,PREMIER HOSPITALITY INC @ UNITED CLUB AUSTIN,3600 PRESIDENTIAL BLVD,AUSTIN,78719,227,722511,casual_full_service,-97.666989,30.202629,,,,Austin: Southeast / Del Valle,5.95,78719,,MB105033079|39
MB105058338,1,32096132413,LOS POTRILLOS RESTAURANT,9120 N INTERSTATE 35,AUSTIN,78753,227,,unclassified,-97.689385,30.355904,off_heritage_hills_windsor_hills,,,Heritage Hills Windsor Hills,10.64,78753,,MB105058338|1
MB105068073,26,32043267494,VELVET TACO - DOMAIN,11501 ROCK ROSE AVE,AUSTIN,78758,227,722511,casual_full_service,-97.722696,30.401331,off_north_burnet_gateway,,,North Burnet/Gateway,13.02,78758,,MB105068073|26
MB105272252,25,17416113326,ROSEMARY'S CATERING,1924 E 38TH 1/2 ST,AUSTIN,78723,227,722320,catering_contract,,,off_rmma,,,RMMA,,78723,zip_majority,MB105272252|25
MB105341905,1,32060792085,EAST END BALLROOM,4715 E 5TH ST,AUSTIN,78702,227,722511,casual_full_service,-97.701975,30.253462,off_govalle_johnston_terrace,,,Govalle/Johnston Terrace,4.56,78702,,MB105341905|1
MB105344073,1,32086073981,LA PALAPA,6640 E HIGHWAY 290,AUSTIN,78723,227,722511,casual_full_service,,,off_rmma,,,RMMA,,78723,zip_majority,MB105344073|1
MB105457541,1,32046562602,LORO ASIAN SMOKEHOUSE,2115 S LAMAR BLVD,AUSTIN,78704,227,722511,casual_full_service,-97.771664,30.24796,slamar,South Lamar,,,2.2,78704,,MB105457541|1
MB105459031,1,32063999364,THE MILL,9112 ANDERSON MILL RD STE B100,AUSTIN,78729,246,722511,casual_full_service,-97.780515,30.451833,,,,Austin: North,16.28,78729,,MB105459031|1
MB105489784,2,32062281350,AL PASTOR RESTAURANT,1801 E RIVERSIDE DR,AUSTIN,78741,227,722511,casual_full_service,-97.729315,30.243234,off_east_riverside_oltorf,,,East Riverside/Oltorf,2.83,78741,,MB105489784|2
MB105490810,1,32060413864,HOME SLICE PIZZA,501 E 53RD ST,AUSTIN,78751,227,722511,casual_full_service,-97.718477,30.316398,off_north_loop,,,North Loop,7.44,78751,,MB105490810|1
MB105491014,6,18609699501,KISSING TREE CLUB/TARBOX & BROWN/THE MIX,201 KISSING TREE LN,SAN MARCOS,78666,105,722511,casual_full_service,,,,,,Hays County,,78666,,MB105491014|6
MB105491937,1,32063798451,PLUCKERS WING BAR,7101 W HIGHWAY 71 STE E19,AUSTIN,78735,227,722511,casual_full_service,,,,,,Austin: Southwest,,78735,,MB105491937|1
MB105493417,1,32063791514,LIN,1203 W 6TH ST,AUSTIN,78703,227,722511,casual_full_service,-97.757668,30.272961,off_old_west_austin,,,Old West Austin,3.92,78703,,MB105493417|1
MB105510021,1,32064762118,GABRIELA'S DOWNTOWN,900 E 7TH ST,AUSTIN,78702,227,722511,casual_full_service,-97.733181,30.266369,east_6th_7th,East Austin,East 6th / 7th,,3.94,78702,,MB105510021|1
MB105510137,1,32060841353,CASA GARCIAS MEXICAN RESTAURANT,12700 LEXINGTON ST STE 100,MANOR,78653,227,722511,casual_full_service,,,,,,Pflugerville / Manor,,78653,,MB105510137|1
MB105537116,1,32064642633,CANTINA HOLLY,2500 E 6TH ST,AUSTIN,78702,227,722410,bar,-97.714639,30.258939,east_6th_7th,East Austin,East 6th / 7th,,4.21,78702,,MB105537116|1
MB105538286,1,32059851868,SOUR DUCK MARKET,1814 E MARTIN LUTHER KING JR BLVD,AUSTIN,78702,227,722511,casual_full_service,-97.721309,30.279801,off_upper_boggy_creek,,,Upper Boggy Creek,5.1,78702,,MB105538286|1
MB105540082,1,32064795001,TUMBLE 22,7211 BURNET RD,AUSTIN,78757,227,722511,casual_full_service,-97.735787,30.348261,off_crestview_wooten,,,Crestview/Wooten,9.27,78757,,MB105540082|1
MB105553063,3,32041858559,PLATE BY DZINTRA,12823 SHOPS PKWY,BEE CAVE,78738,227,722513,fast_casual,,,,,,Westlake / Lakeway,,78738,,MB105553063|3
MB105556820,1,32060325274,LOS PORTALES MEXICAN RESTAURANT,9425 N LAMAR BLVD,AUSTIN,78753,227,722511,casual_full_service,-97.696806,30.363522,off_north_austin_civic_association,,,North Austin Civic Association,10.95,78753,,MB105556820|1
MB105556835,1,17426119941,EL MERCADO RESTAURANT NORTH,7414 BURNET RD,AUSTIN,78757,227,722511,casual_full_service,-97.734727,30.349893,off_crestview_wooten,,,Crestview/Wooten,9.39,78757,,MB105556835|1
MB105559705,1,32065451141,EL RINCON NORTENO,200 E PECAN ST,PFLUGERVILLE,78660,227,722511,casual_full_service,,,,,,Pflugerville / Manor,,78660,,MB105559705|1
MB105561415,1,32063637626,THE CAVALIER,2400 WEBBERVILLE RD STE A,AUSTIN,78702,227,722511,casual_full_service,-97.714822,30.262733,off_central_east_austin,,,Central East Austin,4.39,78702,,MB105561415|1
MB105561535,2,32043933723,BANGER'S SAUSAGE HOUSE & BEER GARDEN,81 1/2 RAINEY ST,AUSTIN,78701,227,722511,casual_full_service,,,dt_core,Downtown,,,,78701,zip_majority,MB105561535|2
MB105563032,1,32065117486,COMMUNITY PIZZA & BEER GARDEN,111 OLD KYLE RD STE 330,WIMBERLEY,78676,105,722511,casual_full_service,,,,,,Hays County,,78676,,MB105563032|1
MB105569147,1,32065087259,CHUPACABRA CANTINA / JACKALOPE,404 E 6TH ST,AUSTIN,78701,227,722410,bar,-97.739161,30.267026,dt_core,Downtown,,,3.82,78701,,MB105569147|1
MB105585460,4,32043033698,VIA 313 PIZZA,1802 E 6TH ST,AUSTIN,78702,227,722330,food_truck,-97.722772,30.261785,east_6th_7th,East Austin,East 6th / 7th,,4.03,78702,,MB105585460|4
MB105587034,7,12734071637,MOVIEHOUSE & EATERY,7415 SOUTHWEST PKWY BLDG 7,AUSTIN,78735,227,,unclassified,-97.867882,30.256381,off_oak_hill,,,Oak Hill,6.71,78735,,MB105587034|7
MB105589308,1,32060770008,THE SWITCH,166 HARGRAVES DR,AUSTIN,78737,105,722511,casual_full_service,,,,,,Austin: Southwest,,78737,,MB105589308|1
MB105600433,1,32065838305,THE LIGHTHOUSE RESTAURANT & LOUNGE,513 SLEAT DR,SPICEWOOD,78669,227,722511,casual_full_service,,,,,,,,78669,,MB105600433|1
MB105603116,2,32015556577,MR CATFISH AND MORE,1144 AIRPORT BLVD STE 220,AUSTIN,78702,227,722513,fast_casual,-97.697414,30.271895,off_govalle_johnston_terrace,,,Govalle/Johnston Terrace,5.57,78702,,MB105603116|2
MB105610294,1,32051318205,RADIO COFFEE,4204 MANCHACA RD,AUSTIN,78704,227,722511,casual_full_service,,,slamar,South Lamar,,,,78704,zip_majority,MB105610294|1
MB105612720,73,32033203616,CINEMARK 14 #379,4401 N INTERSTATE 35 STE 3000,ROUND ROCK,78664,246,,unclassified,,,,,,Round Rock / Georgetown,,78664,,MB105612720|73
MB105613689,59,32033248629,TORCHY'S TACOS,166 HARGRAVES DR STE J100,AUSTIN,78737,105,722513,fast_casual,,,,,,Austin: Southwest,,78737,,MB105613689|59
MB105613694,1,32062999266,INDUSTRY RESTAURANTS LLC,110 E MARTIN LUTHER KING DR STE 126,SAN MARCOS,78666,105,722511,casual_full_service,,,,,,Hays County,,78666,,MB105613694|1
MB105613981,1,32065814926,BUCKWILD,308 1/2 E 6TH ST,AUSTIN,78701,227,722410,bar,,,dt_core,Downtown,,,,78701,zip_majority,MB105613981|1
MB105616746,7,32038931187,HUT'S HAMBURGERS,3600 PRESIDENTIAL BLVD STE 3705,AUSTIN,78719,227,722511,casual_full_service,-97.666989,30.202629,,,,Austin: Southeast / Del Valle,5.95,78719,,MB105616746|7
MB105619453,2,32056429486,TERAVISTA GOLF CLUB,4333 TERAVISTA CLUB DR,ROUND ROCK,78665,246,722310,catering_contract,,,,,,Round Rock / Georgetown,,78665,,MB105619453|2
MB105626110,1,32038135573,TAKOBA/SEVEN SPIRITS,1411 E 7TH ST,AUSTIN,78702,227,722511,casual_full_service,-97.727354,30.264426,east_6th_7th,East Austin,East 6th / 7th,,4.01,78702,,MB105626110|1
MB105631132,1,32064617106,UPSTAIRS CIRCUS ATX,234 W 2ND ST,AUSTIN,78701,227,,unclassified,-97.746138,30.26487,dt_2nd_warehouse,2nd Street / Warehouse,,,3.53,78701,,MB105631132|1
MB105633518,1,32055952181,SWAY,3437 BEE CAVES RD,WEST LAKE HILLS,78746,227,722511,casual_full_service,,,,,,Westlake / Lakeway,,78746,,MB105633518|1
MB105638872,1,32066046551,ESTHER'S TAVERN,922 W 12TH ST,AUSTIN,78703,227,722511,casual_full_service,-97.75113,30.276811,dt_core,Downtown,,,4.25,78703,,MB105638872|1
MB105640058,2,32054951762,BACKSPIN TEXAS SPORTS BAR AND GRILL,165 HARGRAVES DR STE P100,AUSTIN,78737,105,722410,bar,,,,,,Austin: Southwest,,78737,,MB105640058|2
MB105653420,1,32058226922,TINY BOXWOOD'S,1503 W 35TH ST,AUSTIN,78703,227,722511,casual_full_service,-97.749649,30.306264,off_central_west_austin,,,Central West Austin,6.27,78703,,MB105653420|1
MB105662315,7,32071535499,THE BISTRO,9409 STONELAKE BLVD,AUSTIN,78759,227,722410,bar,-97.739428,30.385838,off_north_burnet_gateway,,,North Burnet/Gateway,11.8,78759,,MB105662315|7
MB105662537,2,32071430568,THE BISTRO,7809 E BEN WHITE BLVD,AUSTIN,78744,227,722410,bar,-97.688508,30.219426,off_montopolis,,,Montopolis,4.59,78744,,MB105662537|2
MB105662645,3,32065668223,THE BISTRO,4533 S INTERSTATE 35,AUSTIN,78744,227,722511,casual_full_service,-97.754001,30.211159,off_southeast,,,Southeast,0.77,78744,,MB105662645|3
MB105662649,1,32065668223,AUSTIN MARRIOTT SOUTH,4415 S INTERSTATE 35,AUSTIN,78744,227,722511,casual_full_service,-97.754234,30.211428,off_southeast,,,Southeast,0.75,78744,,MB105662649|1
MB105663612,1,32065354022,CRUZTECA MEXICAN KITCHEN,5207 BRODIE LN STE 125,SUNSET VALLEY,78745,227,722513,fast_casual,,,,,,Westlake / Lakeway,,78745,,MB105663612|1
MB105669893,8,17420888228,"KERBEY LANE CAFE, INC.",3003 S LAMAR BLVD STE F200,AUSTIN,78704,227,722511,casual_full_service,-97.783828,30.242571,slamar,South Lamar,,,2.11,78704,,MB105669893|8
MB105669919,7,17420888228,"KERBEY LANE CAFE, INC.",4301 W WILLIAM CANNON DR BLDG F,AUSTIN,78749,227,722511,casual_full_service,-97.839049,30.222415,off_oak_hill,,,Oak Hill,4.42,78749,,MB105669919|7
MB105669971,1,32063859402,LA BABY BAR,1611 DUNGAN LN,AUSTIN,78754,227,722511,casual_full_service,-97.672608,30.351085,,,,Austin: Northeast,10.82,78754,,MB105669971|1
MB105669987,9,17420888228,"KERBEY LANE CAFE, INC.",701 S CAPITAL OF TEXAS HWY STE M,WEST LAKE HILLS,78746,227,722511,casual_full_service,,,,,,Westlake / Lakeway,,78746,,MB105669987|9
MB105672513,1,32066127179,AUGUSTINE,86 RAINEY ST,AUSTIN,78701,227,722410,bar,-97.738384,30.259886,dt_rainey,Rainey Street,,,3.4,78701,,MB105672513|1
MB105674485,3,32066164867,PLAZA MEXICO,6900 US HIGHWAY 183 S,AUSTIN,78744,227,722410,bar,,,,,,Austin: Southeast / Del Valle,,78744,,MB105674485|3
MB105674819,1,32066358212,FREDDY C'S LOUNGE/WILDFIRESMTX,141 E HOPKINS ST,SAN MARCOS,78666,105,722410,bar,,,,,,Hays County,,78666,,MB105674819|1
MB105676453,1,32058094676,KINDA TROPICAL,3501 E 7TH ST,AUSTIN,78702,227,722511,casual_full_service,-97.703111,30.256971,off_govalle_johnston_terrace,,,Govalle/Johnston Terrace,4.65,78702,,MB105676453|1
MB105680249,10,17420888228,KERBEY LANE CAFE ROUND ROCK,2120 N MAYS ST STE 420,ROUND ROCK,78664,246,722511,casual_full_service,,,,,,Round Rock / Georgetown,,78664,,MB105680249|10
MB105680412,11,17420888228,KERBEY LANE CAFE,2200 ALDRICH ST STE 100,AUSTIN,78723,227,722511,casual_full_service,-97.703013,30.30134,off_rmma,,,RMMA,6.94,78723,,MB105680412|11
MB105680526,47,17521936322,LUCKY STRIKE GEORGETOWN,1010 N AUSTIN AVE,GEORGETOWN,78626,246,,unclassified,,,,,,Round Rock / Georgetown,,78626,,MB105680526|47
MB105684689,1,32066325310,RAMEN TATSU-YA COMAL,1600 E 6TH ST,AUSTIN,78702,227,722511,casual_full_service,-97.726545,30.263073,east_6th_7th,East Austin,East 6th / 7th,,3.96,78702,,MB105684689|1
MB105692602,3,32062146637,SHORE RAW BAR AND GRILL,8665 W HIGHWAY 71 STE 100,AUSTIN,78735,227,722511,casual_full_service,,,,,,Austin: Southwest,,78735,,MB105692602|3
MB105696834,3,17430915193,IT'S ITALIAN CUCINA,1500 S LAMAR BLVD STE 110,AUSTIN,78704,227,722410,bar,-97.764396,30.252067,slamar,South Lamar,,,2.45,78704,,MB105696834|3
MB105696871,1,32062111946,LITTLE BROTHER BAR,89 RAINEY ST,AUSTIN,78701,227,722410,bar,-97.738297,30.260119,dt_rainey,Rainey Street,,,3.42,78701,,MB105696871|1
MB105698138,1,32066563241,CATEDRAL DE MARISCOS,220 E ANDERSON LN,AUSTIN,78752,227,722511,casual_full_service,,,off_st_john_coronado_hills,,,St. John Coronado Hills,,78752,zip_majority,MB105698138|1
MB105727597,1,32061761998,WICKED WINGS,615 W SLAUGHTER LN STE 108,AUSTIN,78748,227,,unclassified,-97.800705,30.173378,,,,Austin: Far South,3.66,78748,,MB105727597|1
MB105727991,1,32066032080,FRAZIER'S,2538 ELMONT DR # A,AUSTIN,78741,227,722410,bar,-97.719579,30.238817,off_east_riverside_oltorf,,,East Riverside/Oltorf,3.13,78741,,MB105727991|1
MB105740040,1,32064454310,DUMONT'S DOWN LOW,214 W 4TH ST,AUSTIN,78701,227,722410,bar,-97.745493,30.266769,dt_2nd_warehouse,2nd Street / Warehouse,,,3.67,78701,,MB105740040|1
MB105753668,11,32058434427,SNOOZE,1109 E 5TH ST STE 380,AUSTIN,78702,227,722511,casual_full_service,-97.731348,30.263647,east_holly_ecc,East Austin,Holly / East Cesar Chavez,,3.83,78702,,MB105753668|11
MB105757288,1,32065369236,MULLIGANS RESTAURANT,150 DOVE HOLLOW TRL,GEORGETOWN,78633,246,722511,casual_full_service,,,,,,Round Rock / Georgetown,,78633,,MB105757288|1
MB105777659,1,32060954974,EL TACORRIDO,1701 E RIVERSIDE DR,AUSTIN,78741,227,722513,fast_casual,-97.730267,30.244411,off_east_riverside_oltorf,,,East Riverside/Oltorf,2.84,78741,,MB105777659|1
MB105787104,2,32020420330,DOUBLETREE ARBORETUM AUSTIN,8901 BUSINESS PARK DR,AUSTIN,78759,227,722511,casual_full_service,-97.741128,30.379718,,,,Austin: Northwest,11.37,78759,,MB105787104|2
MB105792940,1,32067226491,TUSCANO ITALIAN KITCHEN,1525 CYPRESS CREEK RD STE M,CEDAR PARK,78613,246,722511,casual_full_service,,,,,,Cedar Park / Leander,,78613,,MB105792940|1
MB105795945,1,32055854098,LOTUS CHINESE,11501 ROCK ROSE AVE STE 152,AUSTIN,78758,227,722513,fast_casual,-97.722696,30.401331,off_north_burnet_gateway,,,North Burnet/Gateway,13.02,78758,,MB105795945|1
MB105796235,1,32066277396,THE RUBY HOTEL,400 FANNIN AVE,ROUND ROCK,78664,246,722410,bar,,,,,,Round Rock / Georgetown,,78664,,MB105796235|1
MB105803986,3,32043709875,LEANDER BEER MARKET,106 W WILLIS ST,LEANDER,78641,246,722511,casual_full_service,,,,,,Cedar Park / Leander,,78641,,MB105803986|3
MB105820697,1,32066000020,EASY TIGER BAKE SHOP AND BEER GARDEN,6406 N INTERSTATE 35 STE 1100,AUSTIN,78752,227,722511,casual_full_service,-97.705551,30.325827,off_st_john_coronado_hills,,,St. John Coronado Hills,8.35,78752,,MB105820697|1
MB105825310,1,32066104947,MIDWAY PUB,16009 FM 1325 STE 205,AUSTIN,78728,246,722511,casual_full_service,-97.691826,30.471221,,,,Austin: North,18.13,78728,,MB105825310|1
MB105827474,1,32067025968,THE BEEZ KNEEZ/THE CAT'S PAJAMAS,610 NUECES ST,AUSTIN,78701,227,722410,bar,-97.748252,30.270107,dt_core,Downtown,,,3.84,78701,,MB105827474|1
MB105830166,1,32062206704,ANTHEM,91 RAINEY ST APT 120,AUSTIN,78701,227,722410,bar,-97.738252,30.260236,dt_rainey,Rainey Street,,,3.42,78701,,MB105830166|1
MB105846984,1,32066821490,GUACO TACO,1840 CRYSTAL FALLS PKWY STE 430,LEANDER,78641,246,722511,casual_full_service,,,,,,Cedar Park / Leander,,78641,,MB105846984|1
MB105857496,4,32000532856,EL TAQUITO,20007 FM 685 INCLUDING 20009,PFLUGERVILLE,78660,227,722513,fast_casual,,,,,,Pflugerville / Manor,,78660,,MB105857496|4
MB105857501,1,32053873280,THE FAR OUT,8504 S CONGRESS AVE,AUSTIN,78745,227,722410,bar,-97.785238,30.173092,,,,Austin: Far South,3.23,78745,,MB105857501|1
MB105859886,1,32064785119,MAYFAIR,501 W 6TH ST # 300,AUSTIN,78701,227,722410,bar,-97.747425,30.269342,dt_2nd_warehouse,2nd Street / Warehouse,,,3.8,78701,,MB105859886|1
MB105859892,1,32056396891,BULL AND BOWL,501 W 6TH ST # 200,AUSTIN,78701,227,722511,casual_full_service,-97.747425,30.269342,dt_2nd_warehouse,2nd Street / Warehouse,,,3.8,78701,,MB105859892|1
MB105861013,2,32051767013,JAPON SUSHI STEAK HOUSE INC.,807 CAMINO LA COSTA,AUSTIN,78752,227,722511,casual_full_service,-97.704999,30.329404,off_st_john_coronado_hills,,,St. John Coronado Hills,8.59,78752,,MB105861013|2
MB105870025,73,17604854111,SALTGRASS STEAKHOUSE,12613 GALLERIA CIR,BEE CAVE,78738,227,722511,casual_full_service,,,,,,Westlake / Lakeway,,78738,,MB105870025|73
MB105872988,1,32067653900,ROUTE 12 FILLING STATION,31560 RANCH ROAD 12,DRIPPING SPRINGS,78620,105,722511,casual_full_service,,,,,,Hays County,,78620,,MB105872988|1
MB105875754,1,32026094121,LOS BRASEROS MEXICAN RESTAURANT,9207 N LAMAR BLVD,AUSTIN,78753,227,722511,casual_full_service,-97.698035,30.361232,off_north_austin_civic_association,,,North Austin Civic Association,10.77,78753,,MB105875754|1
MB105881856,65,32033248629,TORCHY'S TACOS,110 SAN ANTONIO ST UNIT 120,AUSTIN,78701,227,722513,fast_casual,-97.842075,30.084831,dt_core,Downtown,,,10.19,78701,zip_majority,MB105881856|65
MB105881889,66,32033248629,TORCHY'S TACOS,5900 W SLAUGHTER LN STE 550,AUSTIN,78749,227,722513,fast_casual,-97.87843,30.200604,,,,Austin: Southwest,6.84,78749,,MB105881889|66
MB105884732,1,32058900997,TAQUERIAS ARANDINAS,2110 E RIVERSIDE DR,AUSTIN,78741,227,722511,casual_full_service,-97.727029,30.240115,off_east_riverside_oltorf,,,East Riverside/Oltorf,2.81,78741,,MB105884732|1
MB105895969,1,32067069230,LONGLEAF,314A WIMBERLEY SQ,WIMBERLEY,78676,105,722511,casual_full_service,,,,,,Hays County,,78676,,MB105895969|1
MB105899225,1,32067623507,BLACKS BEVERAGE CO,1003 BARTON SPRINGS RD,AUSTIN,78704,227,722511,casual_full_service,-97.755321,30.260216,off_bouldin_creek,,,Bouldin Creek,3.08,78704,,MB105899225|1
MB105902078,1,32067621782,MALA SANTA AUSTIN,8509 BURLESON RD BLDG B,AUSTIN,78719,227,722410,bar,-97.684574,30.180136,,,,Austin: Southeast / Del Valle,5.44,78719,,MB105902078|1
MB105923543,6,32050281636,TRUE FOOD KITCHEN,11410 CENTURY OAKS TER STE 100,AUSTIN,78758,227,722511,casual_full_service,-97.726484,30.401262,off_north_burnet_gateway,,,North Burnet/Gateway,12.97,78758,,MB105923543|6
MB105925877,1,32061169010,CENTRAL MACHINE,4824-4826 E CESAR CHAVEZ ST.,AUSTIN,78702,227,722511,casual_full_service,,,east_6th_7th,East Austin,East 6th / 7th,,,78702,zip_majority,MB105925877|1
MB105926991,4,17420888228,KERBEY LANE CAFE,2606 GUADALUPE ST,AUSTIN,78705,227,722511,casual_full_service,-97.741259,30.290813,off_ut,,,UT,5.33,78705,,MB105926991|4
MB105927761,2,32055354594,HIGH 5 ANDERSON LANES,2700 W ANDERSON LN,AUSTIN,78757,227,722511,casual_full_service,-97.735458,30.358308,off_allandale,,,Allandale,9.96,78757,,MB105927761|2
MB105928953,1,32067137185,MOONSHINE,10525 W PARMER LN,AUSTIN,78717,246,722511,casual_full_service,-97.775395,30.49774,,,,Austin: Northwest,19.44,78717,,MB105928953|1
MB105960613,1,32057776802,VIGILANTE GAMING BAR,7010 EASY WIND DR UNIT 150,AUSTIN,78752,227,722511,casual_full_service,-97.718486,30.339431,off_crestview_wooten,,,Crestview/Wooten,8.94,78752,,MB105960613|1
MB105960745,1,32067463896,PINSTACK,500 CANYON RIDGE DR STE 140,AUSTIN,78753,227,,unclassified,-97.672451,30.40324,,,,Austin: North,14.04,78753,,MB105960745|1
MB105970271,1,32066621338,JACKS ROADHOUSE,1625 W HOPKINS ST,SAN MARCOS,78666,105,722410,bar,,,,,,Hays County,,78666,,MB105970271|1
MB105978329,2,32066498315,HOUNDSTOOTH COFFEE,11501 ROCK ROSE AVE STE 118,AUSTIN,78758,227,722513,fast_casual,-97.722696,30.401331,off_north_burnet_gateway,,,North Burnet/Gateway,13.02,78758,,MB105978329|2
MB105990237,1,32068137689,OILCAN'S,209 W 4TH ST,AUSTIN,78701,227,722410,bar,-97.745252,30.2667,dt_2nd_warehouse,2nd Street / Warehouse,,,3.67,78701,,MB105990237|1
MB105990865,2,32021346252,THE COUNTER CAFE,1914 E 6TH ST,AUSTIN,78702,227,722511,casual_full_service,-97.722285,30.261616,east_6th_7th,East Austin,East 6th / 7th,,4.04,78702,,MB105990865|2
MB105995748,1,32068642845,JULES DESIGN BAR,12700 HILL COUNTRY BLVD STE T-110,BEE CAVE,78738,227,,unclassified,,,,,,Westlake / Lakeway,,78738,,MB105995748|1
MB106001605,1,32067215072,HOPDODDY BURGER BAR,4625 W WILLIAM CANNON DR STE 3,AUSTIN,78749,227,722511,casual_full_service,-97.843534,30.223758,off_oak_hill,,,Oak Hill,4.7,78749,,MB106001605|1
MB106001675,19,32033248629,TORCHY'S TACOS,11521 N FM 620,AUSTIN,78726,227,722513,fast_casual,-97.826106,30.455143,,,,Austin: Northwest,16.88,78726,,MB106001675|19
MB106001882,1,32068372898,LITTLE DRINKS LOUNGE,3801 S CONGRESS AVE STE 116,AUSTIN,78704,227,722410,bar,-97.762291,30.225877,off_dawson,,,Dawson,0.67,78704,,MB106001882|1
MB106006670,1,32068552606,EL BETO'S TACOS LLC,1940 W WILLIAM CANNON DR,AUSTIN,78745,227,722511,casual_full_service,-97.80604,30.202879,off_south_austin,,,South Austin,2.61,78745,,MB106006670|1
MB106007329,1,32041886659,HILL COUNTRY RANCH DINING & TAVERN,598 E HIGHWAY 290 STE 250,DRIPPING SPRINGS,78620,105,722513,fast_casual,,,,,,Hays County,,78620,,MB106007329|1
MB106035399,2,32061048990,THE FRONT PAGE,1023 SPRINGDALE RD BLDG 1 STE F,AUSTIN,78721,227,722513,fast_casual,-97.693747,30.268414,off_east_mlk,,,East MLK,5.58,78721,,MB106035399|2
MB106037109,1,32062218618,EL TACORRIDO,5303 BURNET RD,AUSTIN,78756,227,722513,fast_casual,-97.739668,30.32654,off_allandale,,,Allandale,7.75,78756,,MB106037109|1
MB106043581,1,32063426285,BETSY'S BILLIARDS,1901 W WILLIAM CANNON DR STE 147,AUSTIN,78745,227,,unclassified,-97.804361,30.202296,off_south_austin,,,South Austin,2.53,78745,,MB106043581|1
MB106050063,1,32066847271,THE GOLDEN RULE,606 S CHURCH ST,GEORGETOWN,78626,246,722511,casual_full_service,,,,,,Round Rock / Georgetown,,78626,,MB106050063|1
MB106055092,1,32058731038,COMEDOR,501 COLORADO ST,AUSTIN,78701,227,722511,casual_full_service,-97.744443,30.267577,dt_2nd_warehouse,2nd Street / Warehouse,,,3.74,78701,,MB106055092|1
MB106066885,1,32064929329,OSEYO RESTAURANT,1628 E CESAR CHAVEZ ST,AUSTIN,78702,227,722511,casual_full_service,-97.727439,30.258105,east_holly_ecc,East Austin,Holly / East Cesar Chavez,,3.65,78702,,MB106066885|1
MB106072478,108,17519750495,"PREMIER HOSPITALITY, INC. @ DELTA SKY CLUB AUS",3600 PRESIDENTIAL BLVD STE 4708,AUSTIN,78719,227,722511,casual_full_service,-97.666989,30.202629,,,,Austin: Southeast / Del Valle,5.95,78719,,MB106072478|108
MB106073135,4,32017667521,PRIMIZIE CATERING,4601 SOUTHWEST PKWY STE 102,AUSTIN,78735,227,,unclassified,-97.832521,30.239926,off_oak_hill,,,Oak Hill,4.32,78735,,MB106073135|4
MB106079414,69,32033248629,TORCHY'S TACOS,18817 LIMESTONE COMMERCIAL DR STE 100,PFLUGERVILLE,78660,227,722513,fast_casual,,,,,,Pflugerville / Manor,,78660,,MB106079414|69
MB106079415,68,32033248629,TORCHY'S TACOS,1500 N INTERSTATE 35,ROUND ROCK,78681,246,722513,fast_casual,,,,,,Round Rock / Georgetown,,78681,,MB106079415|68
MB106097083,20,17605462294,PERRY'S STEAKHOUSE & GRILLE,11801 DOMAIN DR STE 100,AUSTIN,78758,227,722511,casual_full_service,-97.722095,30.40524,off_north_burnet_gateway,,,North Burnet/Gateway,13.29,78758,,MB106097083|20
MB106100672,2,32068965766,THE FLATS,112 E MAIN ST,ROUND ROCK,78664,246,722511,casual_full_service,,,,,,Round Rock / Georgetown,,78664,,MB106100672|2
MB106100705,1,32069206079,VERDES GRILL,16018 HAMILTON POOL RD,AUSTIN,78738,227,,unclassified,-98.007343,30.297599,,,,Westlake / Lakeway,15.49,78738,,MB106100705|1
MB106109912,1,14628416514,SOUTHWEST THEATERS LAKE CREEK 7,13729 N HIGHWAY 183 STE 1500,AUSTIN,78750,246,,unclassified,,,,,,Austin: Northwest,,78750,,MB106109912|1
MB106110441,1,32068457673,TAKARA SUSHI AND ASIAN BISTRO,1335 E WHITESTONE BLVD BLDG T140,CEDAR PARK,78613,246,722511,casual_full_service,,,,,,Cedar Park / Leander,,78613,,MB106110441|1
MB106110497,1,32069216045,407 BAR / LIBRARY,407 E 6TH ST,AUSTIN,78701,227,722410,bar,-97.739025,30.26699,dt_core,Downtown,,,3.82,78701,,MB106110497|1
MB106111831,1,32063042736,HOPS AND THYME,2125 LOHMANS CROSSING RD STE 400,LAKEWAY,78734,227,722511,casual_full_service,,,,,,Westlake / Lakeway,,78734,,MB106111831|1
MB106112274,1,32069461617,HACIENDA ARANDINA'S,9001 BRODIE LN,AUSTIN,78748,227,722511,casual_full_service,-97.842998,30.194291,,,,Austin: Far South,4.89,78748,,MB106112274|1
MB106114160,6,32015036844,FOREST CREEK GOLF CLUB,99 TWIN RIDGE PKWY,ROUND ROCK,78664,246,722410,bar,,,,,,Round Rock / Georgetown,,78664,,MB106114160|6
MB106114221,1,32067989759,SCISSORS & SCOTCH,7415 SOUTHWEST PKWY STE 200,AUSTIN,78735,227,,unclassified,-97.867882,30.256381,off_oak_hill,,,Oak Hill,6.71,78735,,MB106114221|1
MB106121787,1,32058635064,VAZQUEZ RESTAURANT,915 E BRAKER LN STE B,AUSTIN,78753,227,722513,fast_casual,-97.672706,30.375506,off_heritage_hills_windsor_hills,,,Heritage Hills Windsor Hills,12.29,78753,,MB106121787|1
MB106121881,1,32064130001,DISTRICT KITCHEN + COCKTAILS,7858 SHOAL CREEK BLVD STE B,AUSTIN,78757,227,722511,casual_full_service,-97.740951,30.360029,off_allandale,,,Allandale,10.02,78757,,MB106121881|1
MB106132748,1,32069315953,TOULOUSE,409 E 6TH ST,AUSTIN,78701,227,722410,bar,-97.738935,30.266966,dt_core,Downtown,,,3.82,78701,,MB106132748|1
MB106140969,1,32069606872,MARAVILLA AT THE DOMAIN,11001 AUSTIN LN,AUSTIN,78758,227,722511,casual_full_service,-97.725292,30.395904,off_north_burnet_gateway,,,North Burnet/Gateway,12.62,78758,,MB106140969|1
MB106142153,1,32069383142,NENA'S CAZUELAS MEXICAN RESTAURANT,111 LUTHER DR,GEORGETOWN,78628,246,722511,casual_full_service,,,,,,Round Rock / Georgetown,,78628,,MB106142153|1
MB106142177,2,32055355815,TOSS PIZZERIA AND PUB,11905 BEE CAVE RD STE 100,AUSTIN,78738,227,722511,casual_full_service,-97.923776,30.308361,,,,Westlake / Lakeway,11.39,78738,,MB106142177|2
MB106151052,1,32066872220,TEXICAN CAFE - KYLE,856 KOHLERS XING STE 300,KYLE,78640,105,722511,casual_full_service,,,,,,Hays County,,78640,,MB106151052|1
MB106162488,2,32066341929,HESTIA,607 W 3RD ST STE 105,AUSTIN,78701,227,722511,fine_dining,-97.749815,30.266932,dt_2nd_warehouse,2nd Street / Warehouse,,,3.6,78701,,MB106162488|2
MB106168240,1,32068950305,PROPER HOTEL,600 W 2ND ST,AUSTIN,78701,227,,unclassified,-97.749809,30.265892,dt_2nd_warehouse,2nd Street / Warehouse,,,3.53,78701,,MB106168240|1
MB106173656,1,32056123956,HOTEL SAN JOSE,1316 S CONGRESS AVE,AUSTIN,78704,227,,unclassified,-97.749338,30.2505,soco,South Congress,,,2.53,78704,,MB106173656|1
MB106198312,1,32068146862,SALT TRADERS COASTAL COOKING,1101 S MO PAC EXPY STE 7,AUSTIN,78746,227,722511,casual_full_service,,,,,,Westlake / Lakeway,,78746,,MB106198312|1
MB106198322,1,32069216086,THIRSTY NICKEL,325 E 6TH ST,AUSTIN,78701,227,722410,bar,-97.739454,30.267109,dt_core,Downtown,,,3.82,78701,,MB106198322|1
MB106199131,1,32068825614,NIGHT OWL BAR,1900 UNIVERSITY BLVD STE 220,ROUND ROCK,78665,246,722410,bar,,,,,,Round Rock / Georgetown,,78665,,MB106199131|1
MB106203937,1,32068072860,ARRIVE AUSTIN,1809-1817 E 6TH ST,AUSTIN,78702,227,722511,casual_full_service,,,east_6th_7th,East Austin,East 6th / 7th,,,78702,zip_majority,MB106203937|1
MB106208496,1,32068017972,ROOM 111 & PARLOR,111 W CENTER ST,KYLE,78640,105,,unclassified,,,,,,Hays County,,78640,,MB106208496|1
MB106208532,1,16115258804,TACO FLATS,1110 W LYNN ST,AUSTIN,78703,227,722511,casual_full_service,-97.759229,30.280087,off_old_west_austin,,,Old West Austin,4.4,78703,,MB106208532|1
MB106211268,42,32042288269,AMC TECH RIDGE 10,12625 N INTERSTATE 35,AUSTIN,78753,227,,unclassified,-97.675405,30.40852,,,,Austin: North,14.31,78753,,MB106211268|42
MB106211841,2,32024074281,EMERALD TAVERN GAMES & CAFE,9012 RESEARCH BLVD STE C03,AUSTIN,78758,227,,unclassified,-97.724019,30.372439,off_north_burnet_gateway,,,North Burnet/Gateway,11.05,78758,,MB106211841|2
MB106227974,1,32063814142,MAVERICK'S DANCE HALL,275 OLD SAN ANTONIO RD,BUDA,78610,105,722410,bar,,,,,,Hays County,,78610,,MB106227974|1
MB106233531,50,17522391758,ROSA'S CAFE & TORTILLA FACTORY #43,2111 E PALM VALLEY BLVD,ROUND ROCK,78665,246,722511,casual_full_service,,,,,,Round Rock / Georgetown,,78665,,MB106233531|50
MB106236234,4,17430088249,THE MARKETPLACE AT SPRINGHILL SUITES,10936 STONELAKE BLVD,AUSTIN,78759,227,722410,bar,-97.732925,30.398079,,,,Austin: Northwest,12.69,78759,,MB106236234|4
MB106256353,75,32033203616,CINEMARK SOUTHPARK MEADOWS #384,9900 S INTERSTATE 35 STE N,AUSTIN,78748,227,,unclassified,-97.790896,30.156653,,,,Austin: Far South,4.41,78748,,MB106256353|75
MB106268718,1,32065210059,GEMSTONE PALACE,1101 BUNTON CREEK RD STE 200,KYLE,78640,105,,unclassified,,,,,,Hays County,,78640,,MB106268718|1
MB106268722,1,32069667551,LOS AGAVES TACO BAR,108 N AUSTIN ST,BUDA,78610,105,722511,casual_full_service,,,,,,Hays County,,78610,,MB106268722|1
MB1062692,1,32069216060,MOOSE BAR,406 E 6TH ST,AUSTIN,78701,227,722410,bar,-97.739071,30.267002,dt_core,Downtown,,,3.82,78701,,MB1062692|1
MB106279953,1,32070693927,ROCKHOUSE BAR AND TRAILER PARK,6900 RANCH ROAD 620 N,AUSTIN,78732,227,722511,casual_full_service,,,,,,Austin: Northwest,,78732,,MB106279953|1
MB106284855,1,32067942287,RAGNAR'S ON THE COMPOUND,6900 RANCH ROAD 12 STE C,SAN MARCOS,78666,105,722410,bar,,,,,,Hays County,,78666,,MB106284855|1
MB106284862,1,32059265481,HILTON GARDEN INN-AUSTIN CEDAR PARK/LAKELINE,13501 LYNDHURST ST BLDG 1,AUSTIN,78717,246,,unclassified,-97.78531,30.475442,,,,Austin: Northwest,17.93,78717,,MB106284862|1
MB106288363,50,32033203616,CINEMARK TINSELTOWN 20 AND XD,15436 FM 1825,PFLUGERVILLE,78660,227,,unclassified,,,,,,Pflugerville / Manor,,78660,,MB106288363|50
MB106299633,75,17604854111,SALTGRASS STEAKHOUSE,1141 N INTERSTATE 35,SAN MARCOS,78666,105,722511,casual_full_service,,,,,,Hays County,,78666,,MB106299633|75
MB106301502,1,32069689399,FIRST WATCH DAYTIME CAFE,1320 E WHITESTONE BLVD STE 600,CEDAR PARK,78613,246,722511,casual_full_service,,,,,,Cedar Park / Leander,,78613,,MB106301502|1
MB106332088,21,17528655073,ONION CREEK CLUB,2510 ONION CREEK PKWY,AUSTIN,78747,227,,unclassified,-97.790099,30.136217,,,,Austin: Southeast / Del Valle,5.74,78747,,MB106332088|21
MB1063558,1,32070896223,RED ROSE,3615 S CONGRESS AVE,AUSTIN,78704,227,722410,bar,-97.761432,30.227592,off_dawson,,,Dawson,0.8,78704,,MB1063558|1
MB106373297,1,32069322611,24 DINER,3600 PRESIDENTIAL BLVD,AUSTIN,78719,227,722513,fast_casual,-97.666989,30.202629,,,,Austin: Southeast / Del Valle,5.95,78719,,MB106373297|1
MB106374234,2,32069322611,AUSTIN CITY KITCHEN,3600 PRESIDENTIAL BLVD,AUSTIN,78719,227,722513,fast_casual,-97.666989,30.202629,,,,Austin: Southeast / Del Valle,5.95,78719,,MB106374234|2
MB1063752,1,32062664787,ALOFT AUSTIN AIRPORT,8000 E BEN WHITE BLVD,AUSTIN,78741,227,,unclassified,-97.687109,30.220167,off_montopolis,,,Montopolis,4.68,78741,,MB1063752|1
MB1063755,1,32069524356,LONE STAR BAR,403 FM 685 # 100,PFLUGERVILLE,78660,227,722410,bar,,,,,,Pflugerville / Manor,,78660,,MB1063755|1
MB106385786,1,32070792042,BOULDIN ACRES,2027 S LAMAR BLVD,AUSTIN,78704,227,,unclassified,-97.768691,30.248835,slamar,South Lamar,,,2.24,78704,,MB106385786|1
MB1063920,12,32061311323,THE OLIVE GARDEN ITALIAN RESTAURANT #6432,1401 S INTERSTATE 35,GEORGETOWN,78626,246,722511,casual_full_service,,,,,,Round Rock / Georgetown,,78626,,MB1063920|12
MB1063935,1,32070042711,BRICK TOP'S,1807 W SLAUGHTER LN STE 100,AUSTIN,78748,227,722511,casual_full_service,-97.822272,30.173765,,,,Austin: Far South,4.51,78748,,MB1063935|1
MB106483941,9,32043267494,VELVET TACO 6TH & CONGRESS,522 CONGRESS AVE STE 100,AUSTIN,78701,227,722511,casual_full_service,-97.742863,30.267957,dt_core,Downtown,,,3.8,78701,,MB106483941|9
MB106490588,4,32071956521,THE ISLAND BAR AND GRILL,3404 AMERICAN DR # 2218ABC,LAGO VISTA,78645,227,722511,casual_full_service,,,,,,Cedar Park / Leander,,78645,,MB106490588|4
MB106520595,1,32071675808,THE LEAGUE,13420 GALLERIA CIR,BEE CAVE,78738,227,722511,casual_full_service,,,,,,Westlake / Lakeway,,78738,,MB106520595|1
MB1065535,1,32066072573,1618 ASIAN FUSION,1620 E RIVERSIDE DR STE 1618,AUSTIN,78741,227,722511,casual_full_service,-97.731105,30.245602,off_east_riverside_oltorf,,,East Riverside/Oltorf,2.86,78741,,MB1065535|1
MB1065871,1,32067171739,HOPDODDY BURGER BAR,200 SPRINGTOWN WAY STE 100,SAN MARCOS,78666,105,722511,casual_full_service,,,,,,Hays County,,78666,,MB1065871|1
MB1065924,23,17528655073,TWIN CREEKS COUNTRY CLUB,3201 TWIN CREEKS CLUB DR,CEDAR PARK,78613,227,,unclassified,,,,,,Cedar Park / Leander,,78613,,MB1065924|23
MB1065929,22,17528655073,RIVER PLACE COUNTRY CLUB,4207 RIVER PLACE BLVD,AUSTIN,78730,227,,unclassified,,,,,,Austin: Northwest,,78730,,MB1065929|22
MB1066530,5,32069322611,PARKSIDE,3600 PRESIDENTIAL BLVD STE 3791,AUSTIN,78719,227,722513,fast_casual,-97.666989,30.202629,,,,Austin: Southeast / Del Valle,5.95,78719,,MB1066530|5
MB1066722,2,32061020221,IN PLAIN SIGHT,612 BRAZOS ST STE C,AUSTIN,78701,227,722410,bar,-97.741219,30.268338,dt_core,Downtown,,,3.86,78701,,MB1066722|2
MB1067607,1,32067395866,CARVE AMERICAN GRILLE,7415 SOUTHWEST PKWY BLDG 1,AUSTIN,78735,227,722511,casual_full_service,-97.867882,30.256381,off_oak_hill,,,Oak Hill,6.71,78735,,MB1067607|1
MB1067722,1,32070065969,QI,835 W 6TH ST # 120,AUSTIN,78703,227,722511,casual_full_service,-97.752165,30.27083,dt_2nd_warehouse,2nd Street / Warehouse,,,3.83,78703,,MB1067722|1
MB1067740,1,32070676815,ONE TIME TAVERN,1700 S INTERSTATE 35,SAN MARCOS,78666,105,722410,bar,,,,,,Hays County,,78666,,MB1067740|1
MB1068157,1,32069500109,VIC AND AL'S,2406 MANOR RD STE D,AUSTIN,78722,227,722511,casual_full_service,-97.717062,30.284625,east_manor,East Austin,Manor Road,,5.52,78722,,MB1068157|1
MB106818739,1,32073334255,ROCKIN J PIANO BAR,601 E WHITESTONE BLVD STE 720,CEDAR PARK,78613,246,722410,bar,,,,,,Cedar Park / Leander,,78613,,MB106818739|1
MB106828288,1,32074871784,CAJUN CRABS & SHRIMP #2,2601 S INTERSTATE 35 STE B200,ROUND ROCK,78664,246,722511,casual_full_service,,,,,,Round Rock / Georgetown,,78664,,MB106828288|1
MB106835590,2,32072364113,AUSTIN PICKLE RANCH,11000 N I 35,AUSTIN,78753,227,,unclassified,-97.677571,30.374118,off_north_lamar,,,North Lamar,12.08,78753,,MB106835590|2
MB1068358,1,32038682475,PACOS TACOS,1304 E 51ST ST,AUSTIN,78723,227,722513,fast_casual,-97.706379,30.307457,off_rmma,,,RMMA,7.2,78723,,MB1068358|1
MB106845186,1,32074361190,MARISOLS MEXICAN GRILL,603 W UNIVERSITY AVE STE 110,GEORGETOWN,78626,246,722511,casual_full_service,,,,,,Round Rock / Georgetown,,78626,,MB106845186|1
MB106855066,1,32075166358,EL REY MEXICAN BAR & GRILL,2400B W HIGHWAY 290 STE B,DRIPPING SPRINGS,78620,105,,unclassified,,,,,,Hays County,,78620,,MB106855066|1
MB106857077,1,32062068344,KALAHARI RESORT,3001 KALAHARI BLVD,ROUND ROCK,78665,246,,unclassified,,,,,,Round Rock / Georgetown,,78665,,MB106857077|1
MB106862085,1,32072097382,HILTON GARDEN INN,2600 BROCKTON DR,AUSTIN,78758,227,,unclassified,-97.719862,30.392691,off_north_burnet_gateway,,,North Burnet/Gateway,12.47,78758,,MB106862085|1
MB1068710,1,32071015336,TWIN PEAKS,1207 S INTERSTATE 35,SAN MARCOS,78666,105,722511,casual_full_service,,,,,,Hays County,,78666,,MB1068710|1
MB106876171,1,32075619448,GOLFINITY,12332 RANCH ROAD 620 N BLDG B,AUSTIN,78750,246,,unclassified,,,,,,Austin: Northwest,,78750,,MB106876171|1
MB1068811,1,32071349156,TAQUERO MUCHO,508 WEST AVE,AUSTIN,78701,227,722511,casual_full_service,-97.750789,30.26978,dt_2nd_warehouse,2nd Street / Warehouse,,,3.78,78701,,MB1068811|1
MB106883141,3,32038213099,ONE TACO,2900 W ANDERSON LN STE 14,AUSTIN,78757,227,722511,casual_full_service,-97.738068,30.359579,off_allandale,,,Allandale,10.01,78757,,MB106883141|3
MB106883404,5,32038213099,ONE TACO,500 CANYON RIDGE DR STE L400,AUSTIN,78753,227,722511,casual_full_service,-97.672451,30.40324,,,,Austin: North,14.04,78753,,MB106883404|5
MB106886656,1,32074109094,TOKYO JAPANESE RESTAURANT LLC,201 SUNDANCE PKWY STE D,ROUND ROCK,78681,246,,unclassified,,,,,,Round Rock / Georgetown,,78681,,MB106886656|1
MB106892098,1,32074120083,NOVA KITCHEN,440 W 2ND ST,AUSTIN,78701,227,,unclassified,-97.748278,30.265465,dt_2nd_warehouse,2nd Street / Warehouse,,,3.53,78701,,MB106892098|1
MB106894852,1,32073086111,SWEETWATER OYSTER BAR,1500 E WHITESTONE BLVD STE 200,CEDAR PARK,78613,246,722511,casual_full_service,,,,,,Cedar Park / Leander,,78613,,MB106894852|1
MB106895408,1,32071967544,TWO HANDS,1011 S CONGRESS AVE,AUSTIN,78704,227,722511,casual_full_service,-97.74839,30.253034,soco,South Congress,,,2.72,78704,,MB106895408|1
MB106903302,2,32038213099,ONE TACO LLC,12200 RESEARCH BLVD STE 400,AUSTIN,78759,227,722511,casual_full_service,-97.752931,30.426465,,,,Austin: Northwest,14.52,78759,,MB106903302|2
MB106907129,1,32057314489,BARR MANSION,10463 SPRINKLE RD,AUSTIN,78754,227,,unclassified,-97.64716,30.352154,,,,Austin: Northeast,11.73,78754,,MB106907129|1
MB106908466,2,32058264030,JULIO'S MEXICAN RESTAURANT #2,560 HIGHWAY 79 STE A100,HUTTO,78634,246,722511,casual_full_service,,,,,,Round Rock / Georgetown,,78634,,MB106908466|2
MB106923351,1,32075801525,FAIRWAYS CANTINA LLC,3851 MANOR RD,AUSTIN,78723,227,722513,fast_casual,-97.693765,30.28999,off_rmma,,,RMMA,6.63,78723,,MB106923351|1
MB106927845,1,32076056988,WHITE TIGER,1321 S CONGRESS AVE,AUSTIN,78704,227,722511,casual_full_service,-97.749408,30.250307,soco,South Congress,,,2.52,78704,,MB106927845|1
MB106928666,1,32074790620,JULIET ITALIAN KITCHEN/BENVOLIOS,10000 RESEARCH BLVD STE C,AUSTIN,78759,227,722511,casual_full_service,-97.746603,30.392982,off_north_burnet_gateway,,,North Burnet/Gateway,12.24,78759,,MB106928666|1
MB106929030,2,32075555568,UNCLE NICKY'S,2121 S LAMAR BLVD STE 105,AUSTIN,78704,227,722513,fast_casual,-97.772024,30.247858,slamar,South Lamar,,,2.2,78704,,MB106929030|2
MB1069391,1,32069896226,SAN MARCOS CASA MARIA MEXICAN RESTAURANT,706 S GUADALUPE ST,SAN MARCOS,78666,105,722511,casual_full_service,,,,,,Hays County,,78666,,MB1069391|1
MB1069864,1,32062671980,CAPITAL EVENT CENTER,10401 OLD LOCKHART RD,AUSTIN,78747,227,722320,catering_contract,-97.7542,30.133093,,,,Austin: Southeast / Del Valle,5.8,78747,,MB1069864|1
MB1069923,1,32071600095,RAINEY TAVERN,71 RAINEY ST,AUSTIN,78701,227,722410,bar,-97.738824,30.258719,dt_rainey,Rainey Street,,,3.32,78701,,MB1069923|1
MB106994555,2,32076032971,LONESTAR SOCIAL,1525 CYPRESS CREEK RD STE L,CEDAR PARK,78613,246,,unclassified,,,,,,Cedar Park / Leander,,78613,,MB106994555|2
MB1069980,1,32066568232,HOPDODDY BURGER BAR,1320 E WHITESTONE BLVD STE 690,CEDAR PARK,78613,246,722511,casual_full_service,,,,,,Cedar Park / Leander,,78613,,MB1069980|1
MB107012199,1,32097145224,LA MAREA RESTAURANT AND SEAFOOD,116 E PARSONS ST STE A,MANOR,78653,227,722511,casual_full_service,,,,,,Pflugerville / Manor,,78653,,MB107012199|1
MB1070131,1,32070660058,GRAWLIX,332 W MERCER ST STE 5,DRIPPING SPRINGS,78620,105,722410,bar,,,,,,Hays County,,78620,,MB1070131|1
MB1070756,1,32065751292,SANGAM CHETTINAD INDIAN CUISINE,6001 W PARMER LN STE 140,AUSTIN,78727,227,722511,casual_full_service,-97.740923,30.441373,,,,Austin: North,15.6,78727,,MB1070756|1
MB1070921,1,32071704160,EL PATIO,2938 GUADALUPE ST,AUSTIN,78705,227,722511,casual_full_service,-97.741973,30.296701,off_central_austin,,,Central Austin,5.71,78705,,MB1070921|1
MB1070997,1,32071571825,HOLD OUT BAR & GRILL,10025 BURNET RD,AUSTIN,78758,227,722410,bar,-97.723988,30.383887,off_north_burnet_gateway,,,North Burnet/Gateway,11.82,78758,,MB1070997|1
MB1071164,1,32070330017,FROG & THE BULL,4300 N QUINLAN PARK RD STE 100,AUSTIN,78732,227,,unclassified,-97.884067,30.381918,,,,Austin: Northwest,13.44,78732,,MB1071164|1
MB1071268,1,32071171733,EL NARANJO RESTAURANT,2717 S LAMAR BLVD APT 1085,AUSTIN,78704,227,,unclassified,-97.781366,30.24429,slamar,South Lamar,,,2.14,78704,,MB1071268|1
MB107135109,1,32086292995,LA FRUTA FELIZ,3124 MANOR RD,AUSTIN,78723,227,722511,casual_full_service,-97.704206,30.286658,east_manor,East Austin,Manor Road,,6.06,78723,,MB107135109|1
MB1071473,1,32044361890,HAT CREEK BURGER COMPANY,5902 BEE CAVE RD,AUSTIN,78746,227,722511,casual_full_service,-97.82721,30.295437,,,,Westlake / Lakeway,6.58,78746,,MB1071473|1
MB1071481,2,32068017618,CUATRO GATO/COCONUT CLUB/NEON GROTTO,310 & 318 COLORADO ST,AUSTIN,78701,227,722410,bar,,,dt_core,Downtown,,,,78701,zip_majority,MB1071481|2
MB1071660,5,32070096261,FIRST WATCH RESTAURANTS #351,2525 W ANDERSON LN STE 140,AUSTIN,78757,227,722511,casual_full_service,-97.732492,30.356914,off_allandale,,,Allandale,9.89,78757,,MB1071660|5
MB107167771,15,32054541183,TACODELI SOUTH LAMAR,1817 S LAMAR BLVD,AUSTIN,78704,227,722513,fast_casual,-97.76667,30.249896,slamar,South Lamar,,,2.31,78704,,MB107167771|15
MB107173,1,17419705474,PALMER'S RESTAURANT & BAR,218 WEST MOORE,SAN MARCOS,78666,105,722511,casual_full_service,,,,,,Hays County,,78666,,MB107173|1
MB1071793,1,32071371374,HIGH NOON,2000 E CESAR CHAVEZ ST,AUSTIN,78702,227,722410,bar,-97.723353,30.256676,east_holly_ecc,East Austin,Holly / East Cesar Chavez,,3.74,78702,,MB1071793|1
MB1072140,6,32070096261,FIRST WATCH RESTAURANTS #362,14005 N HIGHWAY 183 STE 500,AUSTIN,78717,246,722511,casual_full_service,,,,,,Austin: Northwest,,78717,,MB1072140|6
MB107222405,2,32064488268,CISCO'S MUNY CAFE,2901 ENFIELD RD,AUSTIN,78703,227,,unclassified,-97.773726,30.291392,off_central_west_austin,,,Central West Austin,5.19,78703,,MB107222405|2
MB1072390,1,32061302199,DOS SALSAS DOMAIN,11301 BURNET RD BLDG 1,AUSTIN,78758,227,722511,casual_full_service,-97.719446,30.398001,off_north_burnet_gateway,,,North Burnet/Gateway,12.83,78758,,MB1072390|1
MB1072545,1,32067872567,THE COUNTER CAFE,603 W 29TH ST,AUSTIN,78705,227,722511,casual_full_service,-97.74299,30.295508,off_central_austin,,,Central Austin,5.62,78705,,MB1072545|1
MB1073076,21,32057413588,WILLIE'S GRILL & ICEHOUSE,1301 S INTERSTATE 35,GEORGETOWN,78626,246,722511,casual_full_service,,,,,,Round Rock / Georgetown,,78626,,MB1073076|21
MB1073112,12,32033248629,TORCHY'S TACOS,4301 W WILLIAM CANNON DR STE 400,AUSTIN,78749,227,722513,fast_casual,-97.839049,30.222415,off_oak_hill,,,Oak Hill,4.42,78749,,MB1073112|12
MB1073305,1,32069690082,MALA VIDA,708 E 6TH ST,AUSTIN,78701,227,722410,bar,-97.735773,30.266092,dt_core,Downtown,,,3.85,78701,,MB1073305|1
MB1073315,2,32040091202,GUMBY'S PIZZA & WINGS,312 W HOPKINS ST,SAN MARCOS,78666,105,722511,casual_full_service,,,,,,Hays County,,78666,,MB1073315|2
MB1073323,510,17430106587,HEB RESTAURANT AND BAR AT MUELLER (639),1801 E 51ST ST STE 100,AUSTIN,78723,227,,unclassified,-97.697618,30.30252,off_rmma,,,RMMA,7.18,78723,,MB1073323|510
MB1073463,5,32049121182,GYU-KAKU RESTAURANT,1211 E 5TH ST STE 100,AUSTIN,78702,227,722511,casual_full_service,-97.730273,30.263296,east_6th_7th,East Austin,East 6th / 7th,,3.85,78702,,MB1073463|5
MB1074124,1,32060106864,MAIN ST PIZZERIA,214 N MAIN ST,BUDA,78610,105,722511,casual_full_service,,,,,,Hays County,,78610,,MB1074124|1
MB1074270,1,32069863242,THE SILVER MEDAL,7100 E HIGHWAY 290,AUSTIN,78723,227,722511,casual_full_service,,,off_rmma,,,RMMA,,78723,zip_majority,MB1074270|1
MB1074540,1,32071184603,2020 MARKET SCRATCH KITCHEN & BAR,1500 RIVERY BLVD STE 1100,GEORGETOWN,78628,246,722410,bar,,,,,,Round Rock / Georgetown,,78628,,MB1074540|1
MB1075074,1,32072059796,THE LUCKY DUCK,1300 E 6TH ST,AUSTIN,78702,227,722410,bar,-97.729538,30.26405,east_6th_7th,East Austin,East 6th / 7th,,3.92,78702,,MB1075074|1
MB1075131,235,17429444858,CHIPOTLE MEXICAN GRILL #3328,1109 E 5TH ST STE 130,AUSTIN,78702,227,722511,casual_full_service,-97.731348,30.263647,east_holly_ecc,East Austin,Holly / East Cesar Chavez,,3.83,78702,,MB1075131|235
MB1075162,1,32067755416,SAZAN RAMEN,6929 AIRPORT BLVD STE 146,AUSTIN,78752,227,,unclassified,-97.718301,30.336605,off_brentwood_highland,,,Brentwood/Highland,8.76,78752,,MB1075162|1
MB1076153,1,32069689720,FIRST WATCH DAYTIME CAFE,10710 RESEARCH BLVD STE 110,AUSTIN,78759,227,722511,casual_full_service,-97.746492,30.398394,off_north_burnet_gateway,,,North Burnet/Gateway,12.61,78759,,MB1076153|1
MB1076989,1,32072026001,PAPERBOY,1203 E 11TH ST,AUSTIN,78702,227,722511,casual_full_service,-97.727523,30.268551,east_12th,East Austin,East 12th and north,,4.24,78702,,MB1076989|1
MB1076995,1,32053351352,THE WAYBACK CAFE AND COTTAGES,9601 FM 2244 RD,AUSTIN,78733,227,,unclassified,-97.877212,30.316409,,,,Westlake / Lakeway,9.6,78733,,MB1076995|1
MB1077136,2,32062542389,SLIM'S LAST CALL,1100 GATTIS SCHOOL RD STE 200,ROUND ROCK,78664,246,722410,bar,,,,,,Round Rock / Georgetown,,78664,,MB1077136|2
MB1077186,1,32071023702,KRAB KINGZ,20101 CRANE CREEK LOOP,PFLUGERVILLE,78660,227,722511,casual_full_service,,,,,,Pflugerville / Manor,,78660,,MB1077186|1
MB1077827,1,32066890974,FIRST WATCH DAYTIME CAFE,1225 W UNIVERSITY AVE # 135,GEORGETOWN,78628,246,722511,casual_full_service,,,,,,Round Rock / Georgetown,,78628,,MB1077827|1
MB1078092,5,32058833263,THE MILESTONE GEORGETOWN,5299 W STATE HIGHWAY 29,GEORGETOWN,78628,246,722320,catering_contract,,,,,,Round Rock / Georgetown,,78628,,MB1078092|5
MB1078100,1,32070171890,LUSTRE PEARL SOUTH,10400 MANCHACA RD,AUSTIN,78748,227,722410,bar,,,,,,Austin: Far South,,78748,,MB1078100|1
MB1078577,1,32071319928,HONEY MOON,624 W 34TH ST,AUSTIN,78705,227,722511,casual_full_service,-97.740622,30.300779,off_central_austin,,,Central Austin,6.0,78705,,MB1078577|1
MB1079816,1,32072009882,RED RIVER HOSPITALITY,711 1/2 RED RIVER ST,AUSTIN,78701,227,722410,bar,,,dt_core,Downtown,,,,78701,zip_majority,MB1079816|1
MB1080473,1,32065971833,SIMONA,2510 S CONGRESS AVE,AUSTIN,78704,227,,unclassified,-97.754859,30.237252,off_dawson,,,Dawson,1.56,78704,,MB1080473|1
MB1081069,3,32067623507,BLACKS BEVERAGE CO,150 CONCORD CIR STE 200,AUSTIN,78737,105,722511,casual_full_service,,,,,,Austin: Southwest,,78737,,MB1081069|3
MB1081555,1,32071007697,ABA AUSTIN,1011 S CONGRESS AVE STE 180,AUSTIN,78704,227,722511,casual_full_service,-97.74839,30.253034,soco,South Congress,,,2.72,78704,,MB1081555|1
MB1081607,1,32072743225,IPIC THEATERS,3225 AMY DONOVAN PLZ,AUSTIN,78758,227,,unclassified,-97.727925,30.396752,off_north_burnet_gateway,,,North Burnet/Gateway,12.65,78758,,MB1081607|1
MB1081730,1,32072515086,HOTEL MAGDALENA/EQUIPMENT ROOM,110 ACADEMY DR,AUSTIN,78704,227,,unclassified,-97.74811,30.251969,soco,South Congress,,,2.65,78704,,MB1081730|1
MB1082332,1,32072517769,COMMODORE PERRY ESTATE,4100 RED RIVER ST,AUSTIN,78751,227,,unclassified,-97.722393,30.299687,off_central_austin,,,Central Austin,6.29,78751,,MB1082332|1
MB1082782,1,32071770682,TUMBLE 22,4501 183A TOLL RD,CEDAR PARK,78613,246,722511,casual_full_service,,,,,,Cedar Park / Leander,,78613,,MB1082782|1
MB1083681,1,32073019153,CODEPENDENT,301 WEST AVE STE 110,AUSTIN,78701,227,722511,casual_full_service,-97.751576,30.267634,dt_2nd_warehouse,2nd Street / Warehouse,,,3.62,78701,,MB1083681|1
MB1083690,1,32070738870,CHEBA HUT,3016 GUADALUPE ST STE 200,AUSTIN,78705,227,722513,fast_casual,-97.741622,30.297245,off_central_austin,,,Central Austin,5.75,78705,,MB1083690|1
MB1084201,1,32072945291,LAKECLIFF GOLF CLUB,1700 KAHALA SUNSET DR,SPICEWOOD,78669,227,722410,bar,,,,,,,,78669,,MB1084201|1
MB1084887,1,32046973775,SAM'S TOWN POINT,2115 ALLRED DR,AUSTIN,78748,227,722410,bar,-97.826179,30.172728,,,,Austin: Far South,4.73,78748,,MB1084887|1
MB1085322,1,32072647707,THE GRAMERCY,1516 RANCH ROAD 620 S STE 200,LAKEWAY,78734,227,722513,fast_casual,,,,,,Westlake / Lakeway,,78734,,MB1085322|1
MB1085974,84,32033203616,CINEMARK HILL COUNTRY #377,12812 HILL COUNTRY BLVD,BEE CAVE,78738,227,,unclassified,,,,,,Westlake / Lakeway,,78738,,MB1085974|84
MB1086555,56,11342596357,CHEDDARS SCRATCH KITCHEN #2194,2540 S INTERSTATE 35,SAN MARCOS,78666,105,722511,casual_full_service,,,,,,Hays County,,78666,,MB1086555|56
MB1086590,1,32068602229,HOPDODDY BURGER BAR,1011 E 5TH ST STE 180,AUSTIN,78702,227,722511,casual_full_service,-97.732404,30.263995,east_holly_ecc,East Austin,Holly / East Cesar Chavez,,3.82,78702,,MB1086590|1
MB1086781,2,32066000020,EASY TIGER BAKE SHOP AND BEER GARDEN,3508 S LAMAR BLVD STE 300,AUSTIN,78704,227,722511,casual_full_service,-97.787368,30.23999,slamar,South Lamar,,,2.09,78704,,MB1086781|2
MB1086970,2,32072625372,THE WHISKEY GIRLS SALOON,13700 N FM 973 RD BLDG A,MANOR,78653,227,722410,bar,,,,,,Pflugerville / Manor,,78653,,MB1086970|2
MB1087618,1,32071679453,ANOTHER BROKEN EGG,8012 MESA DR,AUSTIN,78731,227,722511,casual_full_service,-97.758102,30.369942,,,,Austin: Northwest,10.61,78731,,MB1087618|1
MB1088094,2,32056234928,OASTHOUSE & KEEPERS PIER,5701 W SLAUGHTER LN BLDG D,AUSTIN,78749,227,722511,casual_full_service,-97.867013,30.20103,,,,Austin: Southwest,6.17,78749,,MB1088094|2
MB1088424,1,32066580401,ARMADILLO DEN,10106 MENCHACA RD,AUSTIN,78748,227,722410,bar,-97.825053,30.170271,,,,Austin: Far South,4.79,78748,,MB1088424|1
MB1089232,1,32072991758,KING BEE,1906 E 12TH ST,AUSTIN,78702,227,722410,bar,-97.719635,30.273828,east_12th,East Austin,East 12th and north,,4.81,78702,,MB1089232|1
MB1089245,1,32070734150,SAGEBRUSH BAR,5500 S CONGRESS AVE,AUSTIN,78745,227,722410,bar,-97.774263,30.206194,off_east_congress_sweetbriar_west_congress,,,East Congress / Sweetbriar / West Congress,0.89,78745,,MB1089245|1
MB1089430,1,32056000246,INN CAHOOTS,1221 E 6TH ST,AUSTIN,78702,227,722410,bar,-97.729538,30.26405,east_6th_7th,East Austin,East 6th / 7th,,3.92,78702,,MB1089430|1
MB1091407,1,32064117859,DE NADA CANTINA,4715 E CESAR CHAVEZ ST,AUSTIN,78702,227,722410,bar,-97.702935,30.251792,off_govalle_johnston_terrace,,,Govalle/Johnston Terrace,4.45,78702,,MB1091407|1
MB1091726,1,32062817799,CANOPY BY HILTON,604 W 6TH ST,AUSTIN,78701,227,,unclassified,-97.748651,30.269697,dt_2nd_warehouse,2nd Street / Warehouse,,,3.8,78701,,MB1091726|1
MB1091783,2,32070507028,SANTIAGO'S TEX-MEX AND CANTINA,4401 N INTERSTATE 35 STE 2002,ROUND ROCK,78664,246,722511,casual_full_service,,,,,,Round Rock / Georgetown,,78664,,MB1091783|2
MB1093567,1,32066564801,THE BOAT,10931 STONELAKE BLVD,AUSTIN,78759,227,722511,casual_full_service,-97.733331,30.398556,,,,Austin: Northwest,12.72,78759,,MB1093567|1
MB1093599,1,32074126015,TUMBLE 22,2304 LAKE AUSTIN BLVD,AUSTIN,78703,227,722511,casual_full_service,-97.771874,30.277693,off_central_west_austin,,,Central West Austin,4.24,78703,,MB1093599|1
MB1093694,1,32073700489,SKINNY BOB'S BILLIARDS,300 HESTERS CROSSING RD STE A1,ROUND ROCK,78681,246,722410,bar,,,,,,Round Rock / Georgetown,,78681,,MB1093694|1
MB1094044,1,32072349999,STILES SWITCH BBQ & BREW,800 W WHITESTONE BLVD STE A1,CEDAR PARK,78613,246,722511,casual_full_service,,,,,,Cedar Park / Leander,,78613,,MB1094044|1
MB1094844,1,32073277306,"PUEBLO VIEJO MEZCALERIA Y COMIDA, LLC",2410 E RIVERSIDE DR STE H8,AUSTIN,78741,227,722513,fast_casual,-97.724814,30.236173,off_east_riverside_oltorf,,,East Riverside/Oltorf,2.77,78741,,MB1094844|1
MB1094867,5,32049363750,EVO CINEMAS BELTERRA,166 HARGRAVES DR STE A100,AUSTIN,78737,105,,unclassified,,,,,,Austin: Southwest,,78737,,MB1094867|5
MB1095386,1,32073608880,NOCTRUNO NIGHT CLUB,7601 N LAMAR BLVD STE A,AUSTIN,78752,227,,unclassified,,,off_st_john_coronado_hills,,,St. John Coronado Hills,,78752,zip_majority,MB1095386|1
MB1095448,1,32058174858,PUTT PUB,307 S LBJ DR,SAN MARCOS,78666,105,722410,bar,,,,,,Hays County,,78666,,MB1095448|1
MB1095687,1,32071823374,HOOK & REEL,9070 RESEARCH BLVD STE 305,AUSTIN,78758,227,722511,casual_full_service,-97.727776,30.373497,off_north_shoal_creek,,,North Shoal Creek,11.07,78758,,MB1095687|1
MB1100964,2,17427330414,MONUMENT CAFE,500 S AUSTIN AVE,GEORGETOWN,78626,246,722511,casual_full_service,,,,,,Round Rock / Georgetown,,78626,,MB1100964|2
MB1101051,92,17419968528,"UNIVERSITY FOOD SERVICES, INC.",4907 RANCH ROAD 2222,AUSTIN,78731,227,722310,catering_contract,,,,,,Austin: Northwest,,78731,,MB1101051|92
MB1101471,1,32075358633,GNAR BAR,219 E 6TH ST,AUSTIN,78701,227,722410,bar,-97.740571,30.26745,dt_core,Downtown,,,3.81,78701,,MB1101471|1
MB1103311,1,32075623507,CASA MORENO'S,5001 E BEN WHITE BLVD,AUSTIN,78741,227,722511,casual_full_service,-97.728261,30.213876,off_southeast,,,Southeast,2.22,78741,,MB1103311|1
MB1103344,6,32038213099,"ONE TACO, LLC",12233 RANCH ROAD 620 N STE 500,AUSTIN,78750,246,722511,casual_full_service,,,,,,Austin: Northwest,,78750,,MB1103344|6
MB1104495,1,32050954117,TEX MEX JOES,7600 N LAMAR BLVD STE F,AUSTIN,78752,227,722511,casual_full_service,,,off_st_john_coronado_hills,,,St. John Coronado Hills,,78752,zip_majority,MB1104495|1
MB1104645,3,32053118777,K BBQ,6929 AIRPORT BLVD STE 176,AUSTIN,78752,227,722514,casual_full_service,-97.718301,30.336605,off_brentwood_highland,,,Brentwood/Highland,8.76,78752,,MB1104645|3
MB1105306,1,32075605397,OKO,1100 E 6TH ST,AUSTIN,78702,227,722511,casual_full_service,-97.731556,30.264751,east_6th_7th,East Austin,East 6th / 7th,,3.89,78702,,MB1105306|1
MB110570,3,17413136338,WESTGATE LANES,2701 W WILLIAM CANNON DR,AUSTIN,78745,227,,unclassified,-97.815398,30.207206,off_south_austin,,,South Austin,3.06,78745,,MB110570|3
MB1106889,1,32067679129,OZ. TAP HOUSE,10601 RANCH ROAD 2222 STE H,AUSTIN,78730,227,722511,casual_full_service,,,,,,Austin: Northwest,,78730,,MB1106889|1
MB1107328,2,32071956521,THE BUNKER BAR AND GRILLE,4616 RIMROCK DR,LAGO VISTA,78645,227,722511,casual_full_service,,,,,,Cedar Park / Leander,,78645,,MB1107328|2
MB1107451,1,32075475148,DIVE BAR,1701 GUADALUPE ST UNIT C,AUSTIN,78701,227,722410,bar,-97.742278,30.279794,dt_core,Downtown,,,4.58,78701,,MB1107451|1
MB1107491,1,32075860836,TUMBLE 22,2111 N INTERSTATE 35 UNIT 380,ROUND ROCK,78664,246,722511,casual_full_service,,,,,,Round Rock / Georgetown,,78664,,MB1107491|1
MB1107617,35,10435858294,LEVY AT AUSTIN FC,10414 MCKALLA PL,AUSTIN,78758,227,722511,casual_full_service,,,,,,Austin: North,,78758,,MB1107617|35
MB1107760,1,32075988405,NEPHEW'S,100 N GUADALUPE ST,SAN MARCOS,78666,105,722410,bar,,,,,,Hays County,,78666,,MB1107760|1
MB1107968,1,32075906639,LOVE SUPREME PIZZA BAR,2805 MANOR RD,AUSTIN,78722,227,722511,casual_full_service,-97.712014,30.285416,east_manor,East Austin,Manor Road,,5.72,78722,,MB1107968|1
MB1108428,1,32075787815,ZEST INDIAN KITCHEN & BAR,2011 MAIN ST STE 400,LAKEWAY,78734,227,722511,casual_full_service,,,,,,Westlake / Lakeway,,78734,,MB1108428|1
MB1108811,1,32076514770,HARD COUNT KITCHEN AND COCKTAILS,1500 RIVERY BLVD STE 100,GEORGETOWN,78628,246,722511,casual_full_service,,,,,,Round Rock / Georgetown,,78628,,MB1108811|1
MB1109143,2,32075020753,THOMPSON HOTEL,506 SAN JACINTO BLVD,AUSTIN,78701,227,722410,bar,-97.740615,30.26678,dt_core,Downtown,,,3.77,78701,,MB1109143|2
MB1109353,1,32064967048,HYATT PLACE AUSTIN LAKE TRAVIS,7300 N FM 620 RD BLDG 1,AUSTIN,78726,227,,unclassified,-97.852638,30.406325,,,,Austin: Northwest,14.11,78726,,MB1109353|1
MB1109667,1,32076268195,GOODFOLKS,119 W 7TH ST,GEORGETOWN,78626,246,722511,casual_full_service,,,,,,Round Rock / Georgetown,,78626,,MB1109667|1
MB1110188,1,32069084781,PLANK AUSTIN,11410 CENTURY OAKS TER STE 136,AUSTIN,78758,227,722511,casual_full_service,-97.726484,30.401262,off_north_burnet_gateway,,,North Burnet/Gateway,12.97,78758,,MB1110188|1
MB1110845,1,32076328999,WIMBERLEY INN,200 FM 3237,WIMBERLEY,78676,105,,unclassified,,,,,,Hays County,,78676,,MB1110845|1
MB1110916,1,32074761811,ANI'S DAY AND NIGHT,7107 E RIVERSIDE DR,AUSTIN,78741,227,,unclassified,-97.695838,30.221483,off_montopolis,,,Montopolis,4.16,78741,,MB1110916|1
MB1111369,2,12021319483,THE STEPHEN F AUSTIN ROYAL SONESTA HOTEL,701 CONGRESS AVE,AUSTIN,78701,227,,unclassified,-97.742465,30.269011,dt_core,Downtown,,,3.87,78701,,MB1111369|2
MB1111490,1,32074672463,WILD GREG'S SALOON AUSTIN LLC,302 E 6TH ST,AUSTIN,78701,227,722410,bar,-97.740309,30.267377,dt_core,Downtown,,,3.82,78701,,MB1111490|1
MB1111542,1,32069206798,SAMMIE'S ITALIAN RESTAURANT,801 W 6TH ST,AUSTIN,78703,227,722511,casual_full_service,-97.750633,30.270316,dt_2nd_warehouse,2nd Street / Warehouse,,,3.82,78703,,MB1111542|1
MB1111601,1,32076648099,SOHO HOUSE AUSTIN,1011 S CONGRESS AVE STE 100,AUSTIN,78704,227,,unclassified,-97.74839,30.253034,soco,South Congress,,,2.72,78704,,MB1111601|1
MB1111755,1,32075090905,SEAREINAS,6607 N INTERSTATE 35,AUSTIN,78752,227,722511,casual_full_service,-97.706759,30.327034,off_st_john_coronado_hills,,,St. John Coronado Hills,8.4,78752,,MB1111755|1
MB1111804,2,32059452113,7A RANCH,333 WAYSIDE DR,WIMBERLEY,78676,105,,unclassified,,,,,,Hays County,,78676,,MB1111804|2
MB1111902,1,32073068655,GANGNAM KOREAN BBQ,1100 LITTLE TEXAS LN,AUSTIN,78745,227,722511,casual_full_service,-97.765585,30.197547,off_east_congress_sweetbriar_west_congress,,,East Congress / Sweetbriar / West Congress,1.31,78745,,MB1111902|1
MB1111947,1,32076654808,GABRIELAS,9600 S INTERSTATE 35 STE 500,AUSTIN,78748,227,722511,casual_full_service,-97.788818,30.160876,,,,Austin: Far South,4.09,78748,,MB1111947|1
MB1112270,1,32037195776,FRENCH QUARTER GRILLE,13000 N INTERSTATE 35 STE 600,AUSTIN,78753,227,722511,casual_full_service,-97.672918,30.415297,,,,Austin: North,14.8,78753,,MB1112270|1
MB1112396,1,32076654758,TAQUERO MUCHO,11101 BURNET RD STE 150&A140,AUSTIN,78758,227,722511,casual_full_service,-97.720418,30.395292,off_north_burnet_gateway,,,North Burnet/Gateway,12.64,78758,,MB1112396|1
MB1112503,1,32076294225,BAR LOUIE,270 BASS PRO DR,ROUND ROCK,78665,246,722410,bar,,,,,,Round Rock / Georgetown,,78665,,MB1112503|1
MB1112605,1,32076128639,HOTEL VIATA,320 S CAPITAL OF TEXAS HWY,WEST LAKE HILLS,78746,227,,unclassified,,,,,,Westlake / Lakeway,,78746,,MB1112605|1
MB1113869,1,32070224350,THE CREEK AND THE CAVE,611 E 7TH ST,AUSTIN,78701,227,,unclassified,-97.736286,30.26726,dt_core,Downtown,,,3.91,78701,,MB1113869|1
MB111449,1,17419994086,DONN'S DEPOT,1600 W 5TH ST,AUSTIN,78703,227,722410,bar,-97.763326,30.273712,off_old_west_austin,,,Old West Austin,3.95,78703,,MB111449|1
MB1114837,1,32077393406,THE PUB,214 W 4TH ST UNIT A,AUSTIN,78701,227,,unclassified,-97.745493,30.266769,dt_2nd_warehouse,2nd Street / Warehouse,,,3.67,78701,,MB1114837|1
MB1117586,1,32075440001,CREEK HOUSE,14015 RANCH ROAD 12 STE 14,WIMBERLEY,78676,105,,unclassified,,,,,,Hays County,,78676,,MB1117586|1
MB1117674,1,32077123019,THE CARPENTER HOTEL,400 JOSEPHINE ST,AUSTIN,78704,227,,unclassified,-97.758416,30.262306,off_barton_hills_galindo_south_lamar_zilker,,,Barton Hills / Galindo / South Lamar / Zilker,3.19,78704,,MB1117674|1
MB1117909,1,32077132903,J CARVER OYSTER BAR AND CHOPHOUSE,509 RIO GRANDE ST STE 100,AUSTIN,78701,227,722511,casual_full_service,-97.749694,30.269504,dt_2nd_warehouse,2nd Street / Warehouse,,,3.78,78701,,MB1117909|1
MB1118054,1,32077578071,THE CONCOURSE,8509 BURLESON RD BLDG A,AUSTIN,78719,227,,unclassified,-97.684574,30.180136,,,,Austin: Southeast / Del Valle,5.44,78719,,MB1118054|1
MB1118229,1,32067332877,DRIPPING SPRINGS COUNTRY CLUB,3000 W HIGHWAY 290,DRIPPING SPRINGS,78620,105,,unclassified,,,,,,Hays County,,78620,,MB1118229|1
MB1118238,1,32077577073,FLORENCE BEER MARKET,212 E MAIN ST,FLORENCE,76527,246,722511,casual_full_service,,,,,,,,76527,,MB1118238|1
MB1118294,1,32064628855,SHADY LANE,1115 SHADY LN,AUSTIN,78721,227,722511,casual_full_service,-97.692645,30.260889,off_govalle_johnston_terrace,,,Govalle/Johnston Terrace,5.31,78721,,MB1118294|1
MB1119259,1,32070505030,PERKY BEANS COFFEE,2080 HIGHWAY 183 STE 210,LEANDER,78641,246,722515,cafe_bakery,,,,,,Cedar Park / Leander,,78641,,MB1119259|1
MB1119698,1,32076290371,"VF RESORT & EVENTS, LLC",101 & 111 VIA FRANCESCO,FLORENCE,76527,246,722511,casual_full_service,,,,,,,,76527,,MB1119698|1
MB1119748,1,32078195578,MARIO'S SEAFOOD,7522 N INTERSTATE 35 STE C,AUSTIN,78752,227,722511,casual_full_service,-97.702148,30.336694,off_st_john_coronado_hills,,,St. John Coronado Hills,9.12,78752,,MB1119748|1
MB1120564,1,32072056826,ANCHOR BAR,2702 PARKER DR STE B,ROUND ROCK,78681,246,722511,casual_full_service,,,,,,Round Rock / Georgetown,,78681,,MB1120564|1
MB1121420,1,32070911626,CASA MARIA MEXICAN RESTAURANT,22604 INTERSTATE 35,KYLE,78640,105,722511,casual_full_service,,,,,,Hays County,,78640,,MB1121420|1
MB1121426,2,32045082172,MAGGIE MAE'S OLD TOWN PUB,105 W WILLIS ST,LEANDER,78641,246,722511,casual_full_service,,,,,,Cedar Park / Leander,,78641,,MB1121426|2
MB1121435,3,32054541183,TACODELI GRACY FARMS,12001 N MO PAC EXPY,AUSTIN,78758,227,722513,fast_casual,,,,,,Austin: North,,78758,,MB1121435|3
MB1121443,1,32075662026,THE FIELDHOUSE,1717 SCOTTSDALE DR STE 160,CEDAR PARK,78641,246,722410,bar,,,,,,Cedar Park / Leander,,78641,,MB1121443|1
MB1121652,4,32054541183,TACODELI ROSEDALE,4200 N LAMAR BLVD,AUSTIN,78756,227,722513,fast_casual,-97.740047,30.309954,off_rosedale,,,Rosedale,6.63,78756,,MB1121652|4
MB1121718,1,32072278503,CAMBRIA HOTEL AUSTIN AIRPORT,7800 E BEN WHITE BLVD,AUSTIN,78741,227,,unclassified,-97.688706,30.219347,off_montopolis,,,Montopolis,4.58,78741,,MB1121718|1
MB1121817,1,32077944851,BELL SPRINGS ROAD CONCESSIONS,3600 BELL SPRINGS RD,DRIPPING SPRINGS,78620,105,722511,casual_full_service,,,,,,Hays County,,78620,,MB1121817|1
MB1122080,1,32066368534,SABINO'S PIZZA PUB,2082 HIGHWAY 183 STE 110,LEANDER,78641,246,722513,fast_casual,,,,,,Cedar Park / Leander,,78641,,MB1122080|1
MB1122198,1,32054541183,TACODELI 301 CONGRESS,301 CONGRESS AVE STE 100,AUSTIN,78701,227,722513,fast_casual,-97.743862,30.265282,dt_2nd_warehouse,2nd Street / Warehouse,,,3.6,78701,,MB1122198|1
MB1122259,1,32069176744,ROSATI'S PIZZA,800 W WHITESTONE BLVD BLDG B STE 1,CEDAR PARK,78613,246,722511,casual_full_service,,,,,,Cedar Park / Leander,,78613,,MB1122259|1
MB1122595,1,32077995572,MAMA BETTY'S TEX-MEX Y CANTINA,9900 W PARMER LN STE 220,AUSTIN,78717,246,722511,casual_full_service,-97.771218,30.487326,,,,Austin: Northwest,18.71,78717,,MB1122595|1
MB1122813,1,32043885857,EPICERIE CAFE AND GROCERY,2307 HANCOCK DR,AUSTIN,78756,227,722511,casual_full_service,-97.742915,30.324404,off_rosedale,,,Rosedale,7.57,78756,,MB1122813|1
MB1123268,13,32054541183,TACODELI PARKSIDE,5701 W SLAUGHTER LN BLDG B150,AUSTIN,78749,227,722513,fast_casual,-97.867013,30.20103,,,,Austin: Southwest,6.17,78749,,MB1123268|13
MB1123341,1,32073224647,TAQUERIA LAS CHIVAS,8624 N LAMAR BLVD,AUSTIN,78753,227,722511,casual_full_service,-97.703321,30.355073,off_north_austin_civic_association,,,North Austin Civic Association,10.26,78753,,MB1123341|1
MB1123920,1,32044613852,DON JUAN MEXICAN RESTAURANT,2506 E BEN WHITE BLVD,AUSTIN,78741,227,722511,casual_full_service,-97.735286,30.215672,off_east_riverside_oltorf,,,East Riverside/Oltorf,1.79,78741,,MB1123920|1
MB1124019,3,32043996050,THE PIZZA CAVE,2690 E HIGHWAY 290 STE 100,DRIPPING SPRINGS,78620,105,722511,casual_full_service,,,,,,Hays County,,78620,,MB1124019|3
MB1124050,1,32077740994,BOULDIN ACRES,1608 W BRAKER LN,AUSTIN,78758,227,,unclassified,-97.700913,30.388841,,,,Austin: North,12.51,78758,,MB1124050|1
MB1124568,2,32054541183,TACODELI SPYGLASS,1500 SPYGLASS DR,AUSTIN,78746,227,722513,fast_casual,-97.78699,30.258492,off_barton_hills_galindo_south_lamar_zilker,,,Barton Hills / Galindo / South Lamar / Zilker,3.17,78746,,MB1124568|2
MB1125001,1,32066476477,EL PITAYO MEXICAN KITCHEN,12901 N INTERSTATE 35,JARRELL,76537,246,722513,fast_casual,,,,,,,,76537,,MB1125001|1
MB1125325,1,32078955542,FAREGROUND,111 CONGRESS AVE,AUSTIN,78701,227,722513,fast_casual,-97.744412,30.2638,dt_2nd_warehouse,2nd Street / Warehouse,,,3.49,78701,,MB1125325|1
MB1126016,1,32076491862,HOLIDAY,5020 E 7TH ST,AUSTIN,78702,227,722410,bar,-97.697611,30.253377,off_govalle_johnston_terrace,,,Govalle/Johnston Terrace,4.78,78702,,MB1126016|1
MB1126587,1,32079318807,MAMA DEAREST,515 PEDERNALES ST,AUSTIN,78702,227,722410,bar,-97.714772,30.258672,east_6th_7th,East Austin,East 6th / 7th,,4.19,78702,,MB1126587|1
MB1126725,13,17420888228,KERBEY LANE CAFE,221 E SESSOM DR,SAN MARCOS,78666,105,722511,casual_full_service,,,,,,Hays County,,78666,,MB1126725|13
MB1126830,1,32067963119,THE BLIND SALAMANDER,301 N LBJ DR STE 111,SAN MARCOS,78666,105,722511,casual_full_service,,,,,,Hays County,,78666,,MB1126830|1
MB1127793,2,32062207199,COURTYARD BY MARRIOTT - AUSTIN,12833 RANCH ROAD 620 N,AUSTIN,78750,246,,unclassified,,,,,,Austin: Northwest,,78750,,MB1127793|2
MB1127819,1,32076772584,JACK ALLEN'S KITCHEN,1345 E WHITESTONE BLVD,CEDAR PARK,78613,246,722511,casual_full_service,,,,,,Cedar Park / Leander,,78613,,MB1127819|1
MB1127893,1,32078943696,ALAMO DRAFTHOUSE CINEMA,14028 N HIGHWAY 183 BLDG F,AUSTIN,78717,246,722511,casual_full_service,,,,,,Austin: Northwest,,78717,,MB1127893|1
MB1127922,1,32078590562,LUCKY RABBIT,18626 FM 1431,JONESTOWN,78645,227,722511,casual_full_service,,,,,,Cedar Park / Leander,,78645,,MB1127922|1
MB1128481,1,32078943613,ALAMO DRAFTHOUSE CINEMA,1911 ALDRICH ST STE 120,AUSTIN,78723,227,722511,casual_full_service,-97.704915,30.29838,off_rmma,,,RMMA,6.71,78723,,MB1128481|1
MB1128546,1,32044907676,WRIGHT BROTHERS BREW & BREW,500 SAN MARCOS ST STE 105,AUSTIN,78702,227,722410,bar,-97.732966,30.264183,east_holly_ecc,East Austin,Holly / East Cesar Chavez,,3.82,78702,,MB1128546|1
MB1128624,1,32072145272,SIMAR SEAFOOD COCINA,9503 RESEARCH BLVD STE 400,AUSTIN,78759,227,722511,casual_full_service,-97.742954,30.387114,off_north_burnet_gateway,,,North Burnet/Gateway,11.86,78759,,MB1128624|1
MB1128740,1,32079765742,CANJE,1914 E 6TH ST STE C,AUSTIN,78702,227,722511,upscale_casual,-97.722285,30.261616,east_6th_7th,East Austin,East 6th / 7th,,4.04,78702,,MB1128740|1
MB1128743,1,32078986190,ALAMO DRAFTHOUSE CINEMA,5701 W SLAUGHTER LN,AUSTIN,78749,227,722511,casual_full_service,-97.867013,30.20103,,,,Austin: Southwest,6.17,78749,,MB1128743|1
MB1128757,1,32078943779,ALAMO DRAFTHOUSE CINEMA,1120 S LAMAR BLVD,AUSTIN,78704,227,722511,casual_full_service,-97.762018,30.25518,slamar,South Lamar,,,2.68,78704,,MB1128757|1
MB1128824,85,32033248629,TORCHY'S TACOS,8601 S CONGRESS AVE STE 250,AUSTIN,78748,227,722513,fast_casual,-97.785646,30.171804,,,,Austin: Far South,3.32,78748,,MB1128824|85
MB1129145,1,32076579336,GRIMALDI'S COAL BRICK OVEN PIZZERIA,11700 DOMAIN BLVD STE 148,AUSTIN,78758,227,722410,bar,-97.720534,30.402716,off_north_burnet_gateway,,,North Burnet/Gateway,13.14,78758,,MB1129145|1
MB1129158,1,32076955395,MANCHACA SPORTS BAR,10402 MENCHACA RD,AUSTIN,78748,227,722410,bar,-97.827183,30.166629,,,,Austin: Far South,5.05,78748,,MB1129158|1
MB1129168,1,32077154808,LEE'S KITCHEN & COCKTAILS,701 S CAPITAL OF TEXAS HWY STE G700,WEST LAKE HILLS,78746,227,722511,casual_full_service,,,,,,Westlake / Lakeway,,78746,,MB1129168|1
MB1129169,1,32078986620,ALAMO DRAFTHOUSE CINEMA,2700 W ANDERSON LN STE 701,AUSTIN,78757,227,722511,casual_full_service,-97.735458,30.358308,off_allandale,,,Allandale,9.96,78757,,MB1129169|1
MB1129363,2,17460156726,HEADLINERS CLUB IN AUSTIN,221 W 6TH ST STE 2100,AUSTIN,78701,227,,unclassified,-97.745211,30.268722,dt_2nd_warehouse,2nd Street / Warehouse,,,3.8,78701,,MB1129363|2
MB1129426,1,32080050563,5280 BURGER BAR FAR WEST,7032 WOOD HOLLOW DR STE 101,AUSTIN,78731,227,722511,casual_full_service,-97.75337,30.353057,,,,Austin: Northwest,9.46,78731,,MB1129426|1
MB1129506,1,32076062689,FRUTTI LAB LLC,1101 BUNTON CREEK RD UNIT 320,KYLE,78640,105,722511,casual_full_service,,,,,,Hays County,,78640,,MB1129506|1
MB1129572,1,32058955538,ELEMENT AUSTIN NORTHWEST,10728 BURNET RD,AUSTIN,78758,227,,unclassified,-97.721365,30.392488,off_north_burnet_gateway,,,North Burnet/Gateway,12.44,78758,,MB1129572|1
MB1129646,1,32078428789,PROHIBITION,9112 ANDERSON MILL RD # B400,AUSTIN,78729,246,722410,bar,-97.780515,30.451833,,,,Austin: North,16.28,78729,,MB1129646|1
MB1129773,1,32078755553,PUNCH BOWL SOCIAL,522 CONGRESS AVE UNIT 110,AUSTIN,78701,227,722511,casual_full_service,-97.742863,30.267957,dt_core,Downtown,,,3.8,78701,,MB1129773|1
MB1129933,608,37217217217,UNIVERSITY HOUSING AND DINING AT TEXAS UNIONS,2301 GUADALUPE ST,AUSTIN,78713,227,722511,casual_full_service,-97.74169,30.286517,off_central_austin,,,Central Austin,5.04,78713,,MB1129933|608
MB1130098,1,32076185688,BRASAS PERUANAS,206 N MAYS ST,ROUND ROCK,78664,246,722511,casual_full_service,,,,,,Round Rock / Georgetown,,78664,,MB1130098|1
MB1130272,1,32079328202,RAILHOUSE,107 E CENTER ST,KYLE,78640,105,722410,bar,,,,,,Hays County,,78640,,MB1130272|1
MB1131038,1,32020712389,TAQUERIA ARANDAS #2,2038 W STASSNEY LN,AUSTIN,78745,227,,unclassified,-97.798904,30.216158,off_south_austin,,,South Austin,2.0,78745,,MB1131038|1
MB118263,1,17429295821,SHOWDOWN,207 E HUTCHISON ST,SAN MARCOS,78666,105,722410,bar,,,,,,Hays County,,78666,,MB118263|1
MB131041,25,17514214240,RED LOBSTER RESTAURANT #314,3815 S LAMAR BLVD,AUSTIN,78704,227,,unclassified,,,slamar,South Lamar,,,,78704,zip_majority,MB131041|25
MB155395,3,17417747114,PARAMOUNT THEATRE FOR PERFORMING ARTS,713 CONGRESS AVE,AUSTIN,78701,227,,unclassified,-97.742286,30.26948,dt_core,Downtown,,,3.91,78701,,MB155395|3
MB160996,1,17422850168,WAREHOUSE BILLIARD BAR,509 E BEN WHITE BLVD,AUSTIN,78704,227,722410,bar,-97.757689,30.220185,off_greater_south_river_city,,,Greater South River City,0.52,78704,,MB160996|1
MB161871,358,17519330587,CHILI'S GRILL & BAR,18901 LIMESTONE COMMERCIAL DR,PFLUGERVILLE,78660,227,722511,casual_full_service,,,,,,Pflugerville / Manor,,78660,,MB161871|358
MB166507,1,32007633566,BROKEN SPOKE,3201 S LAMAR BLVD,AUSTIN,78704,227,722511,casual_full_service,-97.785286,30.241461,slamar,South Lamar,,,2.09,78704,,MB166507|1
MB167577,34,17519330587,CHILI'S GRILL & BAR,9070 RESEARCH BLVD STE 301,AUSTIN,78758,227,722511,casual_full_service,-97.727776,30.373497,off_north_shoal_creek,,,North Shoal Creek,11.07,78758,,MB167577|34
MB168109,1,17422292882,MAGGIE MAE'S - A BRITISH PUB INC,323 E 6TH ST,AUSTIN,78701,227,722410,bar,-97.739529,30.267132,dt_core,Downtown,,,3.82,78701,,MB168109|1
MB175688,1,17423737596,GREAT HILLS COUNTRY CLUB,5914 LOST HORIZON DR,AUSTIN,78759,227,,unclassified,-97.767365,30.402122,,,,Austin: Northwest,12.82,78759,,MB175688|1
MB177474,1,17422324180,HYDE PARK BAR & GRILL,4206 DUVAL ST,AUSTIN,78751,227,722511,casual_full_service,-97.726574,30.303839,off_central_austin,,,Central Austin,6.46,78751,,MB177474|1
MB184068,1,17423861180,THE GRAND BILLIARDS,4631 AIRPORT BLVD,AUSTIN,78751,227,722410,bar,-97.715875,30.305527,off_north_loop,,,North Loop,6.82,78751,,MB184068|1
MB184470,6,17417128273,EGO'S,510 S CONGRESS AVE,AUSTIN,78704,227,722511,casual_full_service,-97.747166,30.256413,soco,South Congress,,,2.96,78704,,MB184470|6
MB187856,1,17424416521,SAN JACINTO BEVERAGE COMPANY LLC,98 SAN JACINTO BLVD,AUSTIN,78701,227,722511,casual_full_service,-97.742212,30.262412,dt_core,Downtown,,,3.46,78701,,MB187856|1
MB188256,4,17521332019,OLIVE GARDEN OF TEXAS #1044,8833 BURNET RD,AUSTIN,78757,227,,unclassified,-97.726901,30.371256,off_north_shoal_creek,,,North Shoal Creek,10.93,78757,,MB188256|4
MB188586,5,32011815621,CHINA-TOWN MIDTOWN CHINESE RESTAURANT,3407 GREYSTONE DR,AUSTIN,78731,227,,unclassified,-97.747202,30.356814,,,,Austin: Northwest,9.75,78731,,MB188586|5
MB189043,7,17521332019,OLIVE GARDEN OF TEXAS #1046,3940 S LAMAR BLVD,AUSTIN,78704,227,,unclassified,,,slamar,South Lamar,,,,78704,zip_majority,MB189043|7
MB192342,1,17424630089,IRON CACTUS,606 TRINITY ST,AUSTIN,78701,227,722511,casual_full_service,-97.739207,30.267405,dt_core,Downtown,,,3.84,78701,,MB192342|1
MB193328,1,17420888228,KERBEY LANE CAFE,3704 KERBEY LN # A,AUSTIN,78731,227,722511,casual_full_service,-97.750014,30.308411,off_rosedale,,,Rosedale,6.41,78731,,MB193328|1
MB194132,1,32003796755,CATS BILLIARDS,143 S LBJ DR,SAN MARCOS,78666,105,722410,bar,,,,,,Hays County,,78666,,MB194132|1
MB197474,1,17424827289,THE CONTINENTAL CLUB,1315 S CONGRESS AVE,AUSTIN,78704,227,722511,casual_full_service,-97.749324,30.250539,soco,South Congress,,,2.54,78704,,MB197474|1
MB200034476,1,32073106265,THE TAPROOM & THE PORCH,129 E HOPKINS ST STE 110&120,SAN MARCOS,78666,105,722511,casual_full_service,,,,,,Hays County,,78666,,MB200034476|1
MB200034573,1,32066083505,DOG'N'BONE,310 OLD FITZHUGH RD,DRIPPING SPRINGS,78620,105,722410,bar,,,,,,Hays County,,78620,,MB200034573|1
MB200034648,1,32080216883,SOUPLEAF HOT POT,6929 AIRPORT BLVD STE 127,AUSTIN,78752,227,722511,casual_full_service,-97.718301,30.336605,off_brentwood_highland,,,Brentwood/Highland,8.76,78752,,MB200034648|1
MB200035165,5,32069077322,FOGONERO,800 W PECAN ST,PFLUGERVILLE,78660,227,722330,food_truck,,,,,,Pflugerville / Manor,,78660,,MB200035165|5
MB200035209,1,32079067917,XIAN SUSHI AND NOODLE,3906 GATTIS SCHOOL RD STE A,ROUND ROCK,78664,246,722511,casual_full_service,,,,,,Round Rock / Georgetown,,78664,,MB200035209|1
MB200035508,2,32072996997,HABANA RESTAURANT,2728 S CONGRESS AVE,AUSTIN,78704,227,722511,casual_full_service,-97.756658,30.235136,off_dawson,,,Dawson,1.38,78704,,MB200035508|2
MB200035600,1,32077463662,BARETTO BISTRO,1206B W 38TH ST UNIT 1204,AUSTIN,78705,227,722511,casual_full_service,-97.745629,30.306377,off_rosedale,,,Rosedale,6.32,78705,,MB200035600|1
MB200035973,1,32078813618,COMEDY MOTHERSHIP,320 E 6TH ST,AUSTIN,78701,227,722513,fast_casual,-97.73964,30.267167,dt_core,Downtown,,,3.82,78701,,MB200035973|1
MB200036034,6,32054541183,TACODELI WESTLAKE,701 S CAPITAL OF TEXAS HWY STE E590,WEST LAKE HILLS,78746,227,722513,fast_casual,,,,,,Westlake / Lakeway,,78746,,MB200036034|6
MB200036179,1,32079973130,ANGELS ICEHOUSE,21815 STATE HIGHWAY 71 W,SPICEWOOD,78669,227,722511,casual_full_service,,,,,,,,78669,,MB200036179|1
MB200036464,1,32095738756,MARFA LIGHTS,718 W 6TH ST,AUSTIN,78701,227,722410,bar,-97.750487,30.270266,dt_2nd_warehouse,2nd Street / Warehouse,,,3.82,78701,,MB200036464|1
MB200036892,1,32075723018,VALENTINOS,110 N LBJ DR,SAN MARCOS,78666,105,722410,bar,,,,,,Hays County,,78666,,MB200036892|1
MB200037049,2,13000467574,LUCKY ROBOT,1303 S CONGRESS AVE,AUSTIN,78704,227,722511,casual_full_service,-97.749155,30.251005,soco,South Congress,,,2.57,78704,,MB200037049|2
MB200037424,1,32080312641,ESTE/BAR TOTI,2113 MANOR RD,AUSTIN,78722,227,722511,casual_full_service,-97.720061,30.284144,east_manor,East Austin,Manor Road,,5.4,78722,,MB200037424|1
MB200037468,1,32071877065,NORI,3208 GUADALUPE ST STE B,AUSTIN,78705,227,722511,casual_full_service,-97.74016,30.299509,off_central_austin,,,Central Austin,5.93,78705,,MB200037468|1
MB200038347,1,17427043314,PLAYLAND SKATING CENTER,8822 MCCANN DR,AUSTIN,78757,227,,unclassified,,,off_allandale,,,Allandale,,78757,zip_majority,MB200038347|1
MB200038381,1,32066461677,"MAMA MERLOT'S, LLC",1540 SATTERWHITE RD,BUDA,78610,105,,unclassified,,,,,,Hays County,,78610,,MB200038381|1
MB200039297,1,32068744906,COSMIC SALTILLO,1300 E 4TH ST,AUSTIN,78702,227,722513,fast_casual,-97.730341,30.262262,east_holly_ecc,East Austin,Holly / East Cesar Chavez,,3.79,78702,,MB200039297|1
MB200039392,1,32072548699,PFIELD DAY SOCIAL,1912 W PECAN ST,PFLUGERVILLE,78660,227,722410,bar,,,,,,Pflugerville / Manor,,78660,,MB200039392|1
MB200039532,1,17415013758,WESTMINSTER MANOR,4100 JACKSON AVE,AUSTIN,78731,227,,unclassified,-97.755196,30.314479,off_rosedale,,,Rosedale,6.79,78731,,MB200039532|1
MB200039552,1,12012034794,QUERENCIA AT BARTON CREEK,2500 BARTON CREEK BLVD,AUSTIN,78735,227,,unclassified,-97.86873,30.289207,,,,Austin: Southwest,7.96,78735,,MB200039552|1
MB200040295,1,32079564012,LA SEAREINITA,2305 BURLESON RD,AUSTIN,78741,227,722511,casual_full_service,-97.735905,30.231057,off_east_riverside_oltorf,,,East Riverside/Oltorf,2.02,78741,,MB200040295|1
MB200040669,1,32078511139,PECAN SQUARE CAFE,1200B W 6TH ST,AUSTIN,78703,227,722511,casual_full_service,-97.757533,30.27291,off_old_west_austin,,,Old West Austin,3.92,78703,,MB200040669|1
MB200040910,1,32080577185,SABOR VERACRUZ INC,12601 TECH RIDGE BLVD STE A100,AUSTIN,78753,227,722511,casual_full_service,-97.660808,30.398956,,,,Austin: North,14.06,78753,,MB200040910|1
MB200040986,1,32067073109,SO HA,911 W ANDERSON LN STE 114,AUSTIN,78757,227,722511,casual_full_service,-97.715448,30.34882,off_crestview_wooten,,,Crestview/Wooten,9.61,78757,,MB200040986|1
MB200040988,1,32077578444,EL ESTADIO,500 PARKER DR,AUSTIN,78728,227,722511,casual_full_service,-97.680296,30.478653,,,,Austin: North,18.81,78728,,MB200040988|1
MB200041057,1,32077474180,J PRIME STEAKHOUSE,301 BRAZOS ST STE 150,AUSTIN,78701,227,722511,casual_full_service,-97.742492,30.264939,dt_core,Downtown,,,3.61,78701,,MB200041057|1
MB200041363,2,30114280909,"GEORGETOWN PALACE THEATRE, INC.",810 S AUSTIN AVE,GEORGETOWN,78626,246,,unclassified,,,,,,Round Rock / Georgetown,,78626,,MB200041363|2
MB200041432,1,32060793877,WISH WELL HOUSE,511 S MAIN ST,GEORGETOWN,78626,246,,unclassified,,,,,,Round Rock / Georgetown,,78626,,MB200041432|1
MB200041806,3,32052734947,EL NUEVO MEXICO,1013 W UNIVERSITY AVE STE 155,GEORGETOWN,78628,246,722511,casual_full_service,,,,,,Round Rock / Georgetown,,78628,,MB200041806|3
MB200041993,1,32058431191,COURTYARD BY MARRIOTT,1002 ROB SHELTON BLVD,DRIPPING SPRINGS,78620,105,722511,casual_full_service,,,,,,Hays County,,78620,,MB200041993|1
MB200042463,1,32077714619,SALSA LIMON LUPITA,3001 GUADALUPE ST,AUSTIN,78705,227,722513,fast_casual,-97.741951,30.296735,off_central_austin,,,Central Austin,5.71,78705,,MB200042463|1
MB200042530,1,32078168732,HAPPYRITO SEAFOOD,11066 PECAN PARK BLVD STE 540,CEDAR PARK,78613,246,722511,casual_full_service,,,,,,Cedar Park / Leander,,78613,,MB200042530|1
MB200043139,1,32073097282,HOUSE OF THREE GORGES,8557 RESEARCH BLVD STE 144,AUSTIN,78758,227,722511,casual_full_service,-97.717041,30.360885,off_crestview_wooten,,,Crestview/Wooten,10.38,78758,,MB200043139|1
MB200043520,1,32099353073,ILARIO'S ITALIAN CUISINE,5401 FM 1626 STE 810,KYLE,78640,105,722511,casual_full_service,,,,,,Hays County,,78640,,MB200043520|1
MB200043649,1,32079396613,VAQUEROS CAFE AND CANTINA,3810 N QUINLAN PARK RD STE 240,AUSTIN,78732,227,722511,casual_full_service,-97.884743,30.375805,,,,Austin: Northwest,13.11,78732,,MB200043649|1
MB200043808,19,32043244923,54TH STREET RESTAURANT & DRAFT,19109 LIMESTONE COMMERCIAL DR,PFLUGERVILLE,78660,227,722511,casual_full_service,,,,,,Pflugerville / Manor,,78660,,MB200043808|19
MB200043975,1,32076665309,LING WU ASIAN RESTAURANT,7415 SOUTHWEST PKWY STE 400,AUSTIN,78735,227,722511,casual_full_service,-97.867882,30.256381,off_oak_hill,,,Oak Hill,6.71,78735,,MB200043975|1
MB200044091,1,32078629444,BULEVAR,9400 ARBORETUM BLVD STE A,AUSTIN,78759,227,722511,casual_full_service,-97.751764,30.389243,,,,Austin: Northwest,11.96,78759,,MB200044091|1
MB200044206,1,32081725320,"EL OCEANO SPORTS BAR AND MARISCOS, LLC",9515 N LAMAR BLVD STE 102,AUSTIN,78753,227,722511,casual_full_service,-97.696004,30.364876,off_north_austin_civic_association,,,North Austin Civic Association,11.05,78753,,MB200044206|1
MB200044300,1,32080148060,TOWNPLACE SUITES AUSTIN,2237 W BRAKER LN,AUSTIN,78758,227,,unclassified,-97.712848,30.391972,off_north_burnet_gateway,,,North Burnet/Gateway,12.52,78758,,MB200044300|1
MB200044539,1,32081493655,HOTEL ELLA GOODALL'S KITCHEN & BAR,1900 RIO GRANDE ST STE B,AUSTIN,78705,227,722511,casual_full_service,-97.745183,30.282668,off_central_austin,,,Central Austin,4.72,78705,,MB200044539|1
MB200044740,3,32081058136,THE VIDERE ESTATE,725 BURNETT RANCH RD,WIMBERLEY,78676,105,722320,catering_contract,,,,,,Hays County,,78676,,MB200044740|3
MB200045991,1,32079653906,TONY AND LUIGI'S MEDITERRANEAN,1201 S CHURCH ST,GEORGETOWN,78626,246,722511,casual_full_service,,,,,,Round Rock / Georgetown,,78626,,MB200045991|1
MB200046120,1,32078812677,FOGO DE CHAO,200 CONGRESS AVE UNIT 2A,AUSTIN,78701,227,722511,casual_full_service,-97.744204,30.264325,dt_core,Downtown,,,3.53,78701,,MB200046120|1
MB200046185,2,32081595400,TWEEDY'S,2908 FRUTH ST,AUSTIN,78705,227,722410,bar,-97.741587,30.295369,off_central_austin,,,Central Austin,5.63,78705,,MB200046185|2
MB200046471,1,32076734121,PROUD MARY COFFEE,2043 S LAMAR BLVD BLDG 1,AUSTIN,78704,227,722511,casual_full_service,-97.769184,30.248671,slamar,South Lamar,,,2.23,78704,,MB200046471|1
MB200046553,2,32072304457,"VERACRUZ, BAR A FONDA, BAR B LA MEZCA",1905 ALDRICH ST # 125,AUSTIN,78723,227,722513,fast_casual,-97.705272,30.298298,off_rmma,,,RMMA,6.69,78723,,MB200046553|2
MB200046685,1,32079813047,BLUEFIN SUSHI BAR AND RAMEN,5400 BRODIE LN STE 1200,SUNSET VALLEY,78745,227,722511,casual_full_service,,,,,,Westlake / Lakeway,,78745,,MB200046685|1
MB200046770,2,32060325530,ALOFT AUSTIN SOUTHWEST,6731 LEGADO LN,AUSTIN,78749,227,,unclassified,-97.832956,30.221072,off_oak_hill,,,Oak Hill,4.05,78749,,MB200046770|2
MB200047130,2,32080664686,BESOS COCINA & CANTINA,3107 S INTERSTATE 35 STE 820,ROUND ROCK,78664,227,722511,casual_full_service,,,,,,Round Rock / Georgetown,,78664,,MB200047130|2
MB200047783,11,32055836954,MORGAN CREEK BARN DRIPPING SPRINGS,700 FARRELL RD,DRIPPING SPRINGS,78620,105,722513,fast_casual,,,,,,Hays County,,78620,,MB200047783|11
MB200048021,1,32040588421,HOPFIELDS,3110 GUADALUPE ST STE 400A,AUSTIN,78705,227,722513,fast_casual,-97.740871,30.2984,off_central_austin,,,Central Austin,5.84,78705,,MB200048021|1
MB200048099,1,32078440354,HOWARD'S / ROSIE'S,1130 W 6TH ST,AUSTIN,78703,227,722511,casual_full_service,-97.75713,30.272755,off_old_west_austin,,,Old West Austin,3.91,78703,,MB200048099|1
MB200048242,1,32082261937,313 MIDNIGHT LP,313 E 6TH ST,AUSTIN,78701,227,722410,bar,-97.7399,30.267249,dt_core,Downtown,,,3.82,78701,,MB200048242|1
MB200048710,1,32078854000,BBQ CHICKEN,11301 LAKELINE BLVD STE 110,AUSTIN,78717,246,722511,casual_full_service,-97.800484,30.480148,,,,Austin: Northwest,18.33,78717,,MB200048710|1
MB200048893,5,32043033698,VIA 313,1335 W WHITESTONE BLVD STE AC200,CEDAR PARK,78613,246,722511,casual_full_service,,,,,,Cedar Park / Leander,,78613,,MB200048893|5
MB200048894,6,32043033698,VIA 313,2111 N INTERSTATE 35 STE 2000,ROUND ROCK,78664,246,722511,casual_full_service,,,,,,Round Rock / Georgetown,,78664,,MB200048894|6
MB200048938,1,32082231476,PATRIZI'S OTHER PLACE,1705 N CUERNAVACA DR,AUSTIN,78733,227,722511,casual_full_service,-97.863434,30.340332,,,,Westlake / Lakeway,10.36,78733,,MB200048938|1
MB200048998,1,32061118876,HAMPTON INN & SUITES BY HILTON CEDAR PARK NORTH AU,700 CENTRAL PARK DR,CEDAR PARK,78613,246,,unclassified,,,,,,Cedar Park / Leander,,78613,,MB200048998|1
MB200049206,1,32077775172,KINGDOM NIGHTCLUB,505 E 7TH ST,AUSTIN,78701,227,722410,bar,-97.737636,30.267627,dt_core,Downtown,,,3.9,78701,,MB200049206|1
MB200049252,1,32081458294,CAPTAIN PETE'S,18200 LAKEPOINT CV,LAGO VISTA,78645,227,722511,casual_full_service,,,,,,Cedar Park / Leander,,78645,,MB200049252|1
MB200049273,1,32071960937,DAY DREAMER,1708 E 6TH ST,AUSTIN,78702,227,722513,fast_casual,-97.724348,30.262325,east_6th_7th,East Austin,East 6th / 7th,,4.0,78702,,MB200049273|1
MB200050007,2,32049969689,MOODY AMPHITHEATER AT WATERLOO GREENWAY,1401 TRINITY ST,AUSTIN,78701,227,722410,bar,-97.736357,30.275041,dt_core,Downtown,,,4.4,78701,,MB200050007|2
MB200050098,1,32082456503,PASTA BAR,1017 E 6TH ST,AUSTIN,78702,227,722511,casual_full_service,-97.731925,30.264877,east_6th_7th,East Austin,East 6th / 7th,,3.89,78702,,MB200050098|1
MB200050179,9,12084013908,DOUBLETREE AUSTIN HOTEL,6505 N INTERSTATE 35,AUSTIN,78752,227,,unclassified,-97.706952,30.326052,off_st_john_coronado_hills,,,St. John Coronado Hills,8.33,78752,,MB200050179|9
MB200050263,1,32078563429,TACO PALENQUE,130 LOUIS HENNA BLVD,ROUND ROCK,78664,246,722514,casual_full_service,,,,,,Round Rock / Georgetown,,78664,,MB200050263|1
MB200050796,1,32082374763,TACO FLATS - LAKEWAY,900 RANCH ROAD 620 S STE C104,LAKEWAY,78734,227,722511,casual_full_service,,,,,,Westlake / Lakeway,,78734,,MB200050796|1
MB200051220,1,32080548178,EAST STREET PIZZERIA,113 EAST ST,HUTTO,78634,246,722511,casual_full_service,,,,,,Round Rock / Georgetown,,78634,,MB200051220|1
MB200051379,2,32079170489,ES USA CONCESSIONS LLC,91 RED RIVER ST APT 102,AUSTIN,78701,227,722511,casual_full_service,-97.739042,30.261122,dt_rainey,Rainey Street,,,3.46,78701,,MB200051379|2
MB200051438,1,32078245647,THE LET GO,13904 RANCH ROAD 12 STE 1,WIMBERLEY,78676,105,722511,casual_full_service,,,,,,Hays County,,78676,,MB200051438|1
MB200051795,1,32060924209,"ROGELIO'S RESTAURANT, INC.",625 S LBJ DR,SAN MARCOS,78666,105,722511,casual_full_service,,,,,,Hays County,,78666,,MB200051795|1
MB200052045,1,32082559223,CHUPITOS,311 E 6TH ST,AUSTIN,78701,227,722410,bar,-97.739974,30.267272,dt_core,Downtown,,,3.82,78701,,MB200052045|1
MB200052795,1,32069813049,ROOT CELLAR CAFE,215 N LBJ DR,SAN MARCOS,78666,105,722511,casual_full_service,,,,,,Hays County,,78666,,MB200052795|1
MB200052936,15,12083213087,MOODY CENTER AT UNIVERSITY OF TEXAS,2001 ROBERT DEDMAN DR,AUSTIN,78712,227,722310,catering_contract,-97.731854,30.281054,off_ut,,,UT,4.88,78712,,MB200052936|15
MB200052940,1,32082915714,BAJO LA LUNA TEX-MEX LLC,18608 FM 1431,JONESTOWN,78645,227,722511,casual_full_service,,,,,,Cedar Park / Leander,,78645,,MB200052940|1
MB200053806,1,32082941280,PEAK BEVERAGE TEXAS LLC,252 FROG POND LN UNIT A,DRIPPING SPRINGS,78620,105,722320,catering_contract,,,,,,Hays County,,78620,,MB200053806|1
MB200054001,1,32082928840,WHISKEY CAKE KITCHEN + BAR,2600 N INTERSTATE 35,ROUND ROCK,78681,246,722511,casual_full_service,,,,,,Round Rock / Georgetown,,78681,,MB200054001|1
MB200054035,1,32074708317,DIZZY ROOSTER,306 E 6TH ST,AUSTIN,78701,227,722410,bar,-97.74016,30.26733,dt_core,Downtown,,,3.82,78701,,MB200054035|1
MB200054184,1,32064783098,HIWINGS,2525 W ANDERSON LN STE 135,AUSTIN,78757,227,722511,casual_full_service,-97.732492,30.356914,off_allandale,,,Allandale,9.89,78757,,MB200054184|1
MB200054729,1,32081670666,NOMADIC OUTPOST,3505 COUNTRY WHITE LN,AUSTIN,78749,227,722410,bar,-97.825863,30.221341,,,,Austin: Southwest,3.63,78749,,MB200054729|1
MB200055034,2,32051089434,HYDRATE,711 S MAIN ST,GEORGETOWN,78626,246,722511,casual_full_service,,,,,,Round Rock / Georgetown,,78626,,MB200055034|2
MB200055354,3,15209651262,RIVERSOUTH LOUNGE,401 S 1ST ST,AUSTIN,78704,227,,unclassified,-97.622456,30.437451,slamar,South Lamar,,,17.48,78704,zip_majority,MB200055354|3
MB200055485,2,17428766269,CAPTAIN QUACKENBUSH'S COFFEEHOUSE,5326 MANCHACA RD,AUSTIN,78745,227,,unclassified,,,,,,Austin: Far South,,78745,,MB200055485|2
MB200056259,1,32068934549,PLOWMAN'S KITCHEN,305 W 9TH ST,TAYLOR,76574,246,722511,casual_full_service,,,,,,Round Rock / Georgetown,,76574,,MB200056259|1
MB200056549,1,32081865399,LING KITCHEN LLC,8423 RESEARCH BLVD,AUSTIN,78758,227,722511,casual_full_service,-97.715751,30.357927,off_north_austin_civic_association,,,North Austin Civic Association,10.21,78758,,MB200056549|1
MB200057345,2,32054485688,"NASHA RESTAURANT, INC.",8900 S CONGRESS AVE STE B-75,AUSTIN,78745,227,722511,casual_full_service,-97.788406,30.168695,,,,Austin: Far South,3.58,78745,,MB200057345|2
MB200057637,1,32082694467,KOBE JAPANESE STEAKHOUSE,13492 N HIGHWAY 183 STE 380,AUSTIN,78750,246,722511,casual_full_service,,,,,,Austin: Northwest,,78750,,MB200057637|1
MB200057973,1,32083698954,RIVERSIDE GOLF COURSE,1020 GROVE BLVD,AUSTIN,78741,227,722511,casual_full_service,-97.703886,30.235805,off_montopolis,,,Montopolis,3.9,78741,,MB200057973|1
MB200058235,1,32057274360,CRAFTHOUSE KITCHEN & TAP,242 N LBJ DR,SAN MARCOS,78666,105,,unclassified,,,,,,Hays County,,78666,,MB200058235|1
MB200058443,1,32004635473,TEXAS CHILI PARLOR,1409 LAVACA ST,AUSTIN,78701,227,722511,casual_full_service,-97.742131,30.277072,dt_core,Downtown,,,4.4,78701,,MB200058443|1
MB200058529,1,32083673833,PHOEBE'S DINER,12001 N MOPAC EXPY STE D,AUSTIN,78758,227,722511,casual_full_service,-97.716058,30.409072,,,,Austin: North,13.62,78758,,MB200058529|1
MB200058768,2,32067755416,NIKU 29,609 W 29TH ST,AUSTIN,78705,227,,unclassified,-97.74332,30.295656,off_central_austin,,,Central Austin,5.62,78705,,MB200058768|2
MB200059106,1,32043906349,HILLSIDE FARMACY,1209 E 11TH ST,AUSTIN,78702,227,722511,casual_full_service,-97.727215,30.26846,east_12th,East Austin,East 12th and north,,4.25,78702,,MB200059106|1
MB200059194,1,32067355431,OVENBIRD,6501 S CONGRESS AVE STE 211,AUSTIN,78745,227,722511,casual_full_service,-97.77771,30.195703,off_east_congress_sweetbriar_west_congress,,,East Congress / Sweetbriar / West Congress,1.62,78745,,MB200059194|1
MB200059260,1,32083157779,HYATT HOUSE HOTEL AUSTIN DOWNTOWN,901 NECHES ST,AUSTIN,78701,227,,unclassified,-97.737192,30.269657,dt_core,Downtown,,,4.04,78701,,MB200059260|1
MB200059371,2,32055230158,LONG PLAY LOUNGE,704 W SAINT JOHNS AVE,AUSTIN,78752,227,722511,casual_full_service,,,off_st_john_coronado_hills,,,St. John Coronado Hills,,78752,zip_majority,MB200059371|2
MB200059469,1,32071420775,HYATT CENTRIC AUSTIN,721 CONGRESS AVE,AUSTIN,78701,227,,unclassified,-97.742166,30.269793,dt_core,Downtown,,,3.93,78701,,MB200059469|1
MB200059549,2,32052513143,GARCIAS MEXICAN FOOD RESTAURANT,1917 DUTTON DR STE 200,SAN MARCOS,78666,105,722511,casual_full_service,,,,,,Hays County,,78666,,MB200059549|2
MB200059593,1,32083470099,KELLYS IRISH PUB LLC,519 W OLTORF ST,AUSTIN,78704,227,722511,casual_full_service,-97.758746,30.241705,slamar,South Lamar,,,1.78,78704,,MB200059593|1
MB200060276,6,32044361890,HAT CREEK BURGER COMPANY,3210 ESPERANZA XING STE 100,AUSTIN,78758,227,722511,casual_full_service,-97.724021,30.399852,off_north_burnet_gateway,,,North Burnet/Gateway,12.9,78758,,MB200060276|6
MB200060928,1,32078819714,INDUSTRY,1211 E 5TH ST STE 150,AUSTIN,78702,227,722511,casual_full_service,-97.730273,30.263296,east_6th_7th,East Austin,East 6th / 7th,,3.85,78702,,MB200060928|1
MB200061117,1,32080027264,SKI SHORES,2905 PEARCE RD,AUSTIN,78730,227,722511,casual_full_service,-97.823804,30.33391,,,,Austin: Northwest,8.83,78730,,MB200061117|1
MB200061267,1,32084035248,SHOKUNIN,11704 CRUMLEY RANCH RD,AUSTIN,78738,105,722511,casual_full_service,-98.028575,30.24621,,,,Westlake / Lakeway,15.85,78738,,MB200061267|1
MB200061348,1,32043495624,CASITA GUANAJUATO INC.,1519 W ANDERSON LN,AUSTIN,78757,227,722511,casual_full_service,-97.722457,30.35214,off_crestview_wooten,,,Crestview/Wooten,9.71,78757,,MB200061348|1
MB200061378,2,32075600372,MONARCAS MEXICAN RESTAURANT,202 W LAKE DR,TAYLOR,76574,246,722511,casual_full_service,,,,,,Round Rock / Georgetown,,76574,,MB200061378|2
MB200061402,1,32067665805,THE WIGGLE ROOM,612 NUECES ST,AUSTIN,78701,227,722410,bar,-97.748216,30.270202,dt_core,Downtown,,,3.84,78701,,MB200061402|1
MB200061935,5,32054541183,TACODELI CRESTVIEW,7301 BURNET RD STE 100,AUSTIN,78757,227,722513,fast_casual,-97.735143,30.349213,off_crestview_wooten,,,Crestview/Wooten,9.34,78757,,MB200061935|5
MB200061941,12,32054541183,TACODELI R&D KITCHEN,509 HEARN ST,AUSTIN,78703,227,722513,fast_casual,-97.772861,30.279008,off_central_west_austin,,,Central West Austin,4.34,78703,,MB200061941|12
MB200061976,2,32070911626,CASA MARIA MEXICAN RESTAURANT KYLE TX INC.,4327 S 1ST ST STE 102,AUSTIN,78745,227,722511,casual_full_service,-97.772808,30.221171,off_east_congress_sweetbriar_west_congress,,,East Congress / Sweetbriar / West Congress,0.55,78745,,MB200061976|2
MB200062017,2,32065077755,GIOVANNI'S TABLE,11701 FM 2244 RD STE 105,BEE CAVE,78738,227,722511,casual_full_service,,,,,,Westlake / Lakeway,,78738,,MB200062017|2
MB200062093,1,32083807647,TACO FLATS-RIATA,12221 RIATA TRACE PKWY STE 100,AUSTIN,78727,227,722511,casual_full_service,-97.749989,30.429099,,,,Austin: North,14.71,78727,,MB200062093|1
MB200062099,1,32067746811,HILTON GARDEN INN,860 E ANDERSON LN,AUSTIN,78752,227,,unclassified,-97.715031,30.348623,off_crestview_wooten,,,Crestview/Wooten,9.61,78752,,MB200062099|1
MB200062111,1,32076706921,THE DIRDIE BIRDIE,10910 DOMAIN DR STE 120,AUSTIN,78758,227,722511,casual_full_service,-97.726641,30.395385,off_north_burnet_gateway,,,North Burnet/Gateway,12.57,78758,,MB200062111|1
MB200062209,1,32084131922,LHR ONE LLC,3000 RANCH ROAD 1869,LIBERTY HILL,78642,246,722511,casual_full_service,,,,,,Cedar Park / Leander,,78642,,MB200062209|1
MB200062321,1,32063324159,JALISCO'S RESTAURANT & BAR,370 OLD SAN ANTONIO RD,BUDA,78610,105,722511,casual_full_service,,,,,,Hays County,,78610,,MB200062321|1
MB200062647,1,32059854581,LA BONITA MEXICAN RESTAURANT,10050 US HIGHWAY 183 S STE D,AUSTIN,78747,227,722511,casual_full_service,,,,,,Austin: Southeast / Del Valle,,78747,,MB200062647|1
MB200062705,1,32059013477,SPICY BITE,101 HALL PROFESSIONAL CTR STE A,KYLE,78640,105,722511,casual_full_service,,,,,,Hays County,,78640,,MB200062705|1
MB200062715,2,32045494955,ROSE GOSE,5201 AIRPORT BLVD,AUSTIN,78751,227,722511,casual_full_service,-97.715246,30.313123,off_north_loop,,,North Loop,7.31,78751,,MB200062715|2
MB200062871,1,32082974182,EDDIE'S TAVERN,100 PARKER DR,AUSTIN,78728,227,722410,bar,-97.672612,30.474296,,,,Austin: North,18.65,78728,,MB200062871|1
MB200063578,1,32082974752,LITTLE WOODROW'S,5425 BURNET RD,AUSTIN,78756,227,722410,bar,-97.739808,30.329066,off_allandale,,,Allandale,7.92,78756,,MB200063578|1
MB200063600,1,32083103260,LITTLE WOODROW'S,9500 S INTERSTATE 35 STE L100,AUSTIN,78748,227,722410,bar,-97.789093,30.162186,,,,Austin: Far South,4.02,78748,,MB200063600|1
MB200063636,1,32083100944,LULU'S,10402 MENCHACA RD UNIT 3,AUSTIN,78748,227,,unclassified,-97.827183,30.166629,,,,Austin: Far South,5.05,78748,,MB200063636|1
MB200063661,1,32080000949,MERIDIAN,200 N MAIN ST,BUDA,78610,105,,unclassified,,,,,,Hays County,,78610,,MB200063661|1
MB200063763,2,32059915812,HI SIGN BREWING,730 SHADY LN,AUSTIN,78702,227,312120,brewery_winery_distillery,-97.696699,30.254745,off_govalle_johnston_terrace,,,Govalle/Johnston Terrace,4.87,78702,,MB200063763|2
MB200063837,1,32082974372,LITTLE WOODROW'S,12601 TECH RIDGE BLVD STE 700,AUSTIN,78753,227,722410,bar,-97.660808,30.398956,,,,Austin: North,14.06,78753,,MB200063837|1
MB200063847,1,32082974950,FAST EDDIE'S,13945 N HIGHWAY 183 # 122,AUSTIN,78717,246,722410,bar,,,,,,Austin: Northwest,,78717,,MB200063847|1
MB200063869,2,32082952378,YAMAS,5308 BALCONES DR,AUSTIN,78731,227,722511,casual_full_service,-97.758858,30.335302,,,,Austin: Northwest,8.21,78731,,MB200063869|2
MB200064171,1,32068164444,SUGAR PINE,8578 RESEARCH BLVD # A,AUSTIN,78758,227,722511,casual_full_service,-97.717236,30.361504,off_crestview_wooten,,,Crestview/Wooten,10.42,78758,,MB200064171|1
MB200064396,1,32048807534,HOLIDAY INN,6711 E BEN WHITE,AUSTIN,78741,227,,unclassified,-97.705415,30.213279,off_southeast,,,Southeast,3.58,78741,,MB200064396|1
MB200064450,530,17430106587,HEB FOOD STORE #768 (BBQ),2652 LAKE AUSTIN BLVD,AUSTIN,78703,227,,unclassified,-97.776564,30.282894,off_central_west_austin,,,Central West Austin,4.63,78703,,MB200064450|530
MB200064752,1,32073149331,MARUFUKU RAMEN AUSTIN,1900 ALDRICH ST STE 180,AUSTIN,78723,227,722511,casual_full_service,-97.705685,30.298244,off_rmma,,,RMMA,6.67,78723,,MB200064752|1
MB200064802,1,32083020753,TADASHI,12820 HILL COUNTRY BLVD STE E-105,BEE CAVE,78738,227,722511,casual_full_service,,,,,,Westlake / Lakeway,,78738,,MB200064802|1
MB200065416,1,32084901795,PIZZA LEON,147 ELMHURST STE 100,KYLE,78640,105,,unclassified,,,,,,Hays County,,78640,,MB200065416|1
MB200065728,3,17427513654,WORLD OF TENNIS LODGE,1 WORLD OF TENNIS SQ,LAKEWAY,78738,227,,unclassified,,,,,,Westlake / Lakeway,,78738,,MB200065728|3
MB200065782,1,32080446373,EMBER,800 W CESAR CHAVEZ ST # PP110,AUSTIN,78701,227,722511,casual_full_service,-97.752362,30.265643,dt_2nd_warehouse,2nd Street / Warehouse,,,3.48,78701,,MB200065782|1
MB200066418,3,32046139187,SUPER SAP'S FINE THAI CUISINE,12160 W PARMER LN STE 190,CEDAR PARK,78613,246,722511,casual_full_service,,,,,,Cedar Park / Leander,,78613,,MB200066418|3
MB200066763,1,32082974299,LITTLE WOODROW'S,12801 SHOPS PKWY STE 100,BEE CAVE,78738,227,722410,bar,,,,,,Westlake / Lakeway,,78738,,MB200066763|1
MB200067123,3,32076777930,"DRIFTWOOD FOOD & BEVERAGE, LLC",17900 FM 1826,DRIFTWOOD,78619,105,,unclassified,,,,,,Hays County,,78619,zip_majority,MB200067123|3
MB200067136,2,32051844242,CUVEE COFFEE,48 EAST AVE,AUSTIN,78701,227,722513,fast_casual,-97.738596,30.256304,dt_rainey,Rainey Street,,,3.18,78701,,MB200067136|2
MB200067231,1,32084641797,CABANA CLUB,5012 E 7TH ST,AUSTIN,78702,227,,unclassified,-97.697688,30.253428,off_govalle_johnston_terrace,,,Govalle/Johnston Terrace,4.77,78702,,MB200067231|1
MB200067866,1,32084292708,SIGN BAR,9909 FM 969 RD_BLDG 3,AUSTIN,78724,227,722410,bar,,,,,,Austin: Far East,,78724,,MB200067866|1
MB200068137,6,32055813086,ALOFT ROUND ROCK,2951 JAZZ ST,ROUND ROCK,78664,246,722410,bar,,,,,,Round Rock / Georgetown,,78664,,MB200068137|6
MB200068343,1,32083628514,LITTLE WOODROW'S,520 W 6TH ST,AUSTIN,78701,227,722410,bar,-97.748431,30.269634,dt_2nd_warehouse,2nd Street / Warehouse,,,3.8,78701,,MB200068343|1
MB200068508,1,32081544416,AKB,3121 PALM WAY,AUSTIN,78758,227,722410,bar,-97.721253,30.402553,off_north_burnet_gateway,,,North Burnet/Gateway,13.12,78758,,MB200068508|1
MB200069246,1,32083628555,LITTLE WOODROW'S,6301 W PARMER LN STE 501,AUSTIN,78729,227,722511,casual_full_service,-97.743946,30.446506,,,,Austin: North,15.94,78729,,MB200069246|1
MB200069272,1,32077960147,BLUEFIN SUSHI & RAMEN,2422 RANCH ROAD 620 S STE A100,AUSTIN,78738,227,722511,casual_full_service,,,,,,Westlake / Lakeway,,78738,,MB200069272|1
MB200069385,9,12047667790,FAIRFIELD INN & SUITES,76 EAST AVE,AUSTIN,78701,227,722410,bar,,,dt_core,Downtown,,,,78701,zip_majority,MB200069385|9
MB200069633,1,32083350283,WINGATE BY WYNDHAM ROUND ROCK,1209 N INTERSTATE 35,ROUND ROCK,78664,246,,unclassified,,,,,,Round Rock / Georgetown,,78664,,MB200069633|1
MB200069969,1,32071810793,"SPARE BIRDIE, LLC",1400 DISCOVERY BLVD,CEDAR PARK,78613,246,722511,casual_full_service,,,,,,Cedar Park / Leander,,78613,,MB200069969|1
MB200070323,24,32057413588,WILLIE'S GRILL & ICEHOUSE,19200 COLORADO SAND DR,PFLUGERVILLE,78660,227,722511,casual_full_service,,,,,,Pflugerville / Manor,,78660,,MB200070323|24
MB200070332,2,32056900759,DRINK SLINGERS,8906 WALL ST STE 809-10,AUSTIN,78754,227,722320,catering_contract,-97.670913,30.341364,,,,Austin: Northeast,10.3,78754,,MB200070332|2
MB200070497,1,32077809419,JUICY CLAWS,13729 N HIGHWAY 183 STE 800,AUSTIN,78750,246,722511,casual_full_service,,,,,,Austin: Northwest,,78750,,MB200070497|1
MB200070563,1,32085250291,HIGBIES,720 BRAZOS ST STE B-710,AUSTIN,78701,227,722410,bar,-97.740788,30.269537,dt_core,Downtown,,,3.94,78701,,MB200070563|1
MB200071248,1,32082508659,CAMPUS HOOKAH LOUNGE & BAR,2714 GUADALUPE ST,AUSTIN,78705,227,722511,casual_full_service,-97.741485,30.29277,off_central_austin,,,Central Austin,5.45,78705,,MB200071248|1
MB200071272,5,32048807534,CAMBRIA/EVEN HOTEL,13205 BURNET RD BLDG 1&2,AUSTIN,78727,227,,unclassified,-97.700277,30.430656,,,,Austin: North,15.29,78727,,MB200071272|5
MB200071303,1,32080888384,ORIGIN STUDIO HOUSE,2925 E 12TH ST,AUSTIN,78702,227,,unclassified,-97.705825,30.276011,east_12th,East Austin,East 12th and north,,5.43,78702,,MB200071303|1
MB200071406,1,32073889266,THE VICTORY TAP,111 E MAIN ST,PFLUGERVILLE,78660,227,722511,casual_full_service,,,,,,Pflugerville / Manor,,78660,,MB200071406|1
MB200071490,1,32084493561,BARRETTS COFFEE / VEGAN NOM,103 E NORTH LOOP BLVD,AUSTIN,78751,227,722511,casual_full_service,,,off_north_loop,,,North Loop,,78751,zip_majority,MB200071490|1
MB200071876,1,32085685181,HOTEL VAN ZANDT,605 DAVIS ST,AUSTIN,78701,227,,unclassified,-97.738952,30.260327,dt_rainey,Rainey Street,,,3.41,78701,,MB200071876|1
MB200072175,2,32067395866,CARVE AMERICAN GRILLE,2613 PERSERVERANCE DR,AUSTIN,78731,227,722511,casual_full_service,,,,,,Austin: Northwest,,78731,,MB200072175|2
MB200072316,1,32068527053,RAINEY STREET BREW PUB,73 RAINEY ST,AUSTIN,78701,227,722410,bar,-97.738765,30.258875,dt_rainey,Rainey Street,,,3.33,78701,,MB200072316|1
MB200072772,1,32075133762,TEJAS MEAT SUPPLY,101 E 7TH ST,GEORGETOWN,78626,246,,unclassified,,,,,,Round Rock / Georgetown,,78626,,MB200072772|1
MB200072796,1,32068771487,FAIRFIELD INN & SUITES,930 W UNIVERSITY AVE,GEORGETOWN,78626,246,,unclassified,,,,,,Round Rock / Georgetown,,78626,,MB200072796|1
MB200073177,1,32086045005,AUSTINDIA BAR & RESTAURANT,300 HESTERS CROSSING RD STE A6,ROUND ROCK,78681,246,,unclassified,,,,,,Round Rock / Georgetown,,78681,,MB200073177|1
MB200073483,1,32084950339,SUSHI ROKU,405 COLORADO ST STE 100,AUSTIN,78701,227,722511,casual_full_service,-97.744729,30.266813,dt_2nd_warehouse,2nd Street / Warehouse,,,3.68,78701,,MB200073483|1
MB200073901,1,32065210935,UPTOWN SPORTS CLUB,1200 E 6TH ST,AUSTIN,78702,227,722511,casual_full_service,-97.730536,30.264409,east_6th_7th,East Austin,East 6th / 7th,,3.9,78702,,MB200073901|1
MB200074154,1,32082995674,THE MARC,120 E SAN ANTONIO ST,SAN MARCOS,78666,105,722410,bar,,,,,,Hays County,,78666,,MB200074154|1
MB200074302,13,32033248629,TORCHY'S TACOS,4211 SPICEWOOD SPRINGS RD,AUSTIN,78759,227,722513,fast_casual,-97.756456,30.371149,,,,Austin: Northwest,10.69,78759,,MB200074302|13
MB200074364,1,32081449202,VERDAD TRUE MODERN MEXICAN,2701 PERSEVERANCE DR,AUSTIN,78731,227,722511,casual_full_service,-97.753295,30.318375,off_rosedale,,,Rosedale,7.07,78731,,MB200074364|1
MB200074409,1,32083436470,MANCHACA SPRINGS SALOON,737 W FM 1626,MANCHACA,78652,227,722410,bar,,,,,,,,78652,,MB200074409|1
MB200075044,1,32080781936,"CATRINA'S TACOS & MARGARITAS, LLC",6507 JESTER BLVD STE 105,AUSTIN,78750,227,722511,casual_full_service,-97.801867,30.369501,,,,Austin: Northwest,10.79,78750,,MB200075044|1
MB200076197,1,32083144843,EMBASSY SUITES AUSTIN CENTRAL,5901 N INTERSTATE 35,AUSTIN,78723,227,722511,casual_full_service,-97.706669,30.320142,off_university_hills_and_windsor_park,,,University Hills And Windsor Park,7.97,78723,,MB200076197|1
MB200077157,2,32072193793,HONEY PIG-AUSTIN,11301 LAKELINE BLVD,AUSTIN,78717,246,722511,casual_full_service,-97.800484,30.480148,,,,Austin: Northwest,18.33,78717,,MB200077157|2
MB200077246,1,32086759852,LA QUINTA INN & SUITES BY WYNDHAM,3900 E PALM VALLEY BLVD,ROUND ROCK,78665,246,,unclassified,,,,,,Round Rock / Georgetown,,78665,,MB200077246|1
MB200077686,1,32084443731,ARENA VALLECITO LLC,16523 MANDA CARLSON RD,MANOR,78653,227,722410,bar,,,,,,Pflugerville / Manor,,78653,,MB200077686|1
MB200077805,2,32071679453,ANOTHER BROKEN EGG,6406 N INTERSTATE 35 STE 1600,AUSTIN,78752,227,722511,casual_full_service,-97.705551,30.325827,off_st_john_coronado_hills,,,St. John Coronado Hills,8.35,78752,,MB200077805|2
MB200078483,1,32070791119,PHOEBE'S DINER,408 W 11TH ST FL 100,AUSTIN,78701,227,722511,casual_full_service,-97.745072,30.273852,dt_core,Downtown,,,4.14,78701,,MB200078483|1
MB200078727,1,32085851775,COTTON COUNTRY CLUB,212 E DAVILLA ST,GRANGER,76530,246,722511,casual_full_service,,,,,,,,76530,,MB200078727|1
MB200078783,1,32086608588,LA VOLTA,900 W 10TH ST,AUSTIN,78703,227,722511,casual_full_service,-97.751736,30.274823,dt_core,Downtown,,,4.11,78703,,MB200078783|1
MB200078801,1,32042882475,3TEN THEATER & ACL LIVE AT MOODY THEATER,310 W 2ND ST,AUSTIN,78701,227,,unclassified,-97.747028,30.265119,dt_2nd_warehouse,2nd Street / Warehouse,,,3.53,78701,,MB200078801|1
MB200079284,1,32086174334,BOA STEAKHOUSE,300 W 6TH ST STE 100,AUSTIN,78701,227,722511,casual_full_service,-97.745211,30.268722,dt_2nd_warehouse,2nd Street / Warehouse,,,3.8,78701,,MB200079284|1
MB200079320,1,32085097379,ATWELL SUITES AUSTIN AIRPORT,7601 E BEN WHITE BLVD,AUSTIN,78741,227,722410,bar,-97.691623,30.218124,off_montopolis,,,Montopolis,4.4,78741,,MB200079320|1
MB200079836,1,32069238445,CELEBRINO EVENT CENTER LLC,51 COUNTY ROAD 107,GEORGETOWN,78626,246,,unclassified,,,,,,Round Rock / Georgetown,,78626,,MB200079836|1
MB200080727,1,32080027249,LOU'S BARTON SPRINGS,1608 BARTON SPRINGS RD,AUSTIN,78704,227,722511,casual_full_service,-97.76153,30.262103,off_barton_hills_galindo_south_lamar_zilker,,,Barton Hills / Galindo / South Lamar / Zilker,3.16,78704,,MB200080727|1
MB200080753,1,32086949818,LAKE AUSTIN SPA RESORT,1705 S QUINLAN PARK RD,AUSTIN,78732,227,,unclassified,-97.926887,30.327618,,,,Austin: Northwest,12.32,78732,,MB200080753|1
MB200081230,1,32066733877,PLAZA DE TOROS R3,7704 S FM 973,AUSTIN,78719,227,,unclassified,-97.673409,30.14537,,,,Austin: Southeast / Del Valle,7.37,78719,,MB200081230|1
MB200081250,536,17430106587,HEB FOOD STORE #781,1010 W UNIVERSITY AVE,GEORGETOWN,78628,246,,unclassified,,,,,,Round Rock / Georgetown,,78628,,MB200081250|536
MB200081285,1,32086196915,DOUBLE J RANCH GOLF CLUB,1 PRO LN,WIMBERLEY,78676,105,722410,bar,,,,,,Hays County,,78676,,MB200081285|1
MB200081339,1,32086954339,XIAN SUSHI AND NOODLE,311 UNIVERSITY BLVD STE 500,ROUND ROCK,78665,246,722511,casual_full_service,,,,,,Round Rock / Georgetown,,78665,,MB200081339|1
MB200081542,1,32087319169,COURTYARD BISTRO,5660 N INTERSTATE 35,AUSTIN,78751,227,722511,casual_full_service,-97.707691,30.316825,off_north_loop,,,North Loop,7.73,78751,,MB200081542|1
MB200081629,3,32072856498,"512 BOUTIQUE EVENTS, LLC",3504 E 4TH ST UNIT A,AUSTIN,78702,227,722320,catering_contract,-97.703736,30.253027,off_govalle_johnston_terrace,,,Govalle/Johnston Terrace,4.46,78702,,MB200081629|3
MB200081845,1,32084094336,BAZAAR,202 N LBJ DR STE 101,SAN MARCOS,78666,105,722511,casual_full_service,,,,,,Hays County,,78666,,MB200081845|1
MB200081985,1,32084690844,AUSTIN EAGLE,8201 CROSS PARK DR STE B2,AUSTIN,78754,227,,unclassified,-97.66729,30.329992,,,,Austin: Northeast,9.78,78754,,MB200081985|1
MB200082181,1,32087421866,DRIFTWOOD SPORTS BAR LLC,18992 FM 150 W STE 201,DRIFTWOOD,78619,105,722410,bar,,,,,,Hays County,,78619,zip_majority,MB200082181|1
MB200082450,3,17415013758,WESTMINSTER MANOR,4300 BULL CREEK RD,AUSTIN,78731,227,,unclassified,-97.755154,30.31751,off_rosedale,,,Rosedale,7.0,78731,,MB200082450|3
MB200082455,1,32088844843,ORIGIN AUSTIN,1825 MCBEE ST,AUSTIN,78723,227,,unclassified,,,off_rmma,,,RMMA,,78723,zip_majority,MB200082455|1
MB200082593,1,32081890884,SHAN CHINA BISTRO & BAR,1700 RANCH ROAD 620 N STE 110,LAKEWAY,78734,227,722511,casual_full_service,,,,,,Westlake / Lakeway,,78734,,MB200082593|1
MB200082594,1,32086650440,"CASA DO BRASIL (AUSTIN), LLC",10515 N MOPAC EXPY STE O,AUSTIN,78759,227,722511,casual_full_service,-97.733995,30.394151,off_north_burnet_gateway,,,North Burnet/Gateway,12.41,78759,,MB200082594|1
MB200082645,3,32055937729,LA POPULAR CDMX,7415 SOUTHWEST PKWY BUILDING 5 STE 100,AUSTIN,78735,227,722511,casual_full_service,-97.867882,30.256381,off_oak_hill,,,Oak Hill,6.71,78735,,MB200082645|3
MB200082685,2,17428933034,THE DRAUGHT HOUSE PUB,4112 MEDICAL PKWY,AUSTIN,78756,227,722410,bar,-97.742611,30.310552,off_rosedale,,,Rosedale,6.63,78756,,MB200082685|2
MB200082700,1,32086017129,NOMADE,1506 S 1ST ST,AUSTIN,78704,227,722511,casual_full_service,-97.754972,30.249889,slamar,South Lamar,,,2.38,78704,,MB200082700|1
MB200082791,1,32086487330,QUINCE LAKEHOUSE,3825 LAKE AUSTIN BLVD # 201,AUSTIN,78703,227,722511,casual_full_service,-97.783808,30.296051,off_central_west_austin,,,Central West Austin,5.6,78703,,MB200082791|1
MB200083206,1,32082541098,MARLOW,700 E 6TH ST,AUSTIN,78701,227,722410,bar,-97.736134,30.266181,dt_core,Downtown,,,3.85,78701,,MB200083206|1
MB200083367,1,32080692505,BILL'S OYSTER,205 W 3RD ST,AUSTIN,78701,227,722511,casual_full_service,-97.745257,30.265635,dt_2nd_warehouse,2nd Street / Warehouse,,,3.6,78701,,MB200083367|1
MB200083853,1,32084216061,NATKHAT FLAVORS,333 E HIGHWAY 290 STE 437,DRIPPING SPRINGS,78620,105,722511,casual_full_service,,,,,,Hays County,,78620,,MB200083853|1
MB200083900,11,32084475220,SONGWRITERS TEXAS LLC - SPEAKEASY LOUNGE,1310 RANCH ROAD 620 S STE A12,LAKEWAY,78734,227,722410,bar,,,,,,Westlake / Lakeway,,78734,,MB200083900|11
MB200083927,1,32080683504,"FRESA'S THREE, LLC",3600 N CAPITAL OF TEXAS HWY STE 110,AUSTIN,78746,227,722511,casual_full_service,,,,,,Westlake / Lakeway,,78746,,MB200083927|1
MB200083952,1,32080149985,AVIATOR PIZZA & DRAFTHOUSE - MUELLER,1905 ALDRICH ST STE 115,AUSTIN,78723,227,722513,fast_casual,-97.705272,30.298298,off_rmma,,,RMMA,6.69,78723,,MB200083952|1
MB200083972,1,32064404455,RADIO EAST,3504 MONTOPOLIS DR,AUSTIN,78744,227,722513,fast_casual,-97.71552,30.207334,off_southeast,,,Southeast,3.04,78744,,MB200083972|1
MB200084106,2,32084997553,RESET,10402 MENCHACA RD STE 2,AUSTIN,78748,227,722410,bar,-97.827183,30.166629,,,,Austin: Far South,5.05,78748,,MB200084106|2
MB200084117,1,32087462225,LOVEBIRDS,2337 E CESAR CHAVEZ ST,AUSTIN,78702,227,722410,bar,-97.717707,30.254711,east_holly_ecc,East Austin,Holly / East Cesar Chavez,,3.88,78702,,MB200084117|1
MB200085078,2,32083689896,WHISKEY RIDGE,8750 FM 150 W STE 300,DRIFTWOOD,78619,105,,unclassified,,,,,,Hays County,,78619,zip_majority,MB200085078|2
MB200085318,1,32072423356,THE RESERVE AT LAKE AUSTIN,6401 RANCH ROAD 2222,AUSTIN,78730,227,,unclassified,,,,,,Austin: Northwest,,78730,,MB200085318|1
MB200085439,1,32085397928,SEVEN,120 E 7TH ST,AUSTIN,78701,227,722410,bar,-97.741182,30.268626,dt_core,Downtown,,,3.88,78701,,MB200085439|1
MB200085472,1,32087676683,PROGRESS COFFEE + BEER,750 FM 2001,BUDA,78610,105,,unclassified,,,,,,Hays County,,78610,,MB200085472|1
MB200085562,1,32087093681,EZOV,2708 E CESAR CHAVEZ ST,AUSTIN,78702,227,722511,upscale_casual,-97.7138,30.253332,east_holly_ecc,East Austin,Holly / East Cesar Chavez,,3.99,78702,,MB200085562|1
MB200086370,1,32087643642,RABBIT HOLE LEANDER,2082 HIGHWAY 183 STE 145,LEANDER,78641,246,722410,bar,,,,,,Cedar Park / Leander,,78641,,MB200086370|1
MB200086394,1,32085767013,FAIRLANE,29035 RANCH ROAD 12,DRIPPING SPRINGS,78620,105,722410,bar,,,,,,Hays County,,78620,,MB200086394|1
MB200086508,2,17605858533,TRULUCK'S SEAFOOD STEAK AND CRAB HOUSE,300 COLORADO ST UNIT 100,AUSTIN,78701,227,722511,casual_full_service,-97.745165,30.265607,dt_2nd_warehouse,2nd Street / Warehouse,,,3.6,78701,,MB200086508|2
MB200086786,2,32037612200,ONCE OVER COFFEE BAR,2009 S 1ST ST,AUSTIN,78704,227,722515,cafe_bakery,-97.757016,30.24554,slamar,South Lamar,,,2.06,78704,,MB200086786|2
MB200087261,1,32078279620,THE BETTY-AUSTIN,510 RIO GRANDE ST,AUSTIN,78701,227,722410,bar,-97.749674,30.26956,dt_2nd_warehouse,2nd Street / Warehouse,,,3.78,78701,,MB200087261|1
MB200087341,1,32071566049,BBQ CHICKEN,6929 AIRPORT BLVD STE 158,AUSTIN,78752,227,722511,casual_full_service,-97.718301,30.336605,off_brentwood_highland,,,Brentwood/Highland,8.76,78752,,MB200087341|1
MB200087385,1,32083561202,BACKPORCH SOCIAL,309 W LIBERTY AVE,ROUND ROCK,78664,246,722511,casual_full_service,,,,,,Round Rock / Georgetown,,78664,,MB200087385|1
MB200087480,2,32065861760,ROOT CELLAR CATERING CO,103 W CENTER ST,KYLE,78640,105,722320,catering_contract,,,,,,Hays County,,78640,,MB200087480|2
MB200087838,1,32085080466,SPACE COWBOY,1917 E 7TH ST,AUSTIN,78702,227,722511,casual_full_service,-97.721831,30.262511,east_6th_7th,East Austin,East 6th / 7th,,4.1,78702,,MB200087838|1
MB200087956,1,32087854884,GRILL-ON TEX MEX RESTAURANT,107 RANCH ROAD 620 S STE 107,LAKEWAY,78734,227,722511,casual_full_service,,,,,,Westlake / Lakeway,,78734,,MB200087956|1
MB200087971,9,32043033698,"VIA 313, LLC - PIZZA",3944 RANCH ROAD 620 S STE 3-100,BEE CAVE,78738,227,722511,casual_full_service,,,,,,Westlake / Lakeway,,78738,,MB200087971|9
MB200088269,1,32082249510,K-POT KOREAN BBQ & HOT POT,5200 BRODIE LN,SUNSET VALLY,78745,227,722511,casual_full_service,,,,,,Austin: Far South,,78745,,MB200088269|1
MB200088781,1,32086026096,MURRAYS TAVERN,2316 WEBBERVILLE RD,AUSTIN,78702,227,722511,casual_full_service,-97.715396,30.262426,east_6th_7th,East Austin,East 6th / 7th,,4.35,78702,,MB200088781|1
MB200089352,1,32078471383,UCHIBA AUSTIN,601 W 2ND ST,AUSTIN,78701,227,722511,casual_full_service,-97.749873,30.26591,dt_2nd_warehouse,2nd Street / Warehouse,,,3.53,78701,,MB200089352|1
MB200089589,1,32082616130,VICTORNIA'S HOUSE,9306 N LAMAR BLVD STE E1,AUSTIN,78753,227,722511,casual_full_service,-97.697225,30.362772,off_north_austin_civic_association,,,North Austin Civic Association,10.89,78753,,MB200089589|1
MB200089611,1,32087990498,POCHA IS BACK,6808 N LAMAR BLVD STE B110,AUSTIN,78752,227,722511,casual_full_service,-97.720016,30.335951,off_brentwood_highland,,,Brentwood/Highland,8.68,78752,,MB200089611|1
MB200089642,1,32051732058,THE LITTLE LONGHORN SALOON,5434A BURNET RD,AUSTIN,78756,227,722410,bar,-97.739837,30.329391,off_allandale,,,Allandale,7.94,78756,,MB200089642|1
MB200089677,2,32088112951,SECOND STREET STATION,201 N MAIN ST,TAYLOR,76574,246,722511,casual_full_service,,,,,,Round Rock / Georgetown,,76574,,MB200089677|2
MB200089678,98,32033248629,TORCHY'S TACOS,19100 INTERSTATE 35,KYLE,78640,105,722513,fast_casual,,,,,,Hays County,,78640,,MB200089678|98
MB200089798,3,32078998054,EL RAVAL,1500 S LAMAR BLVD,AUSTIN,78704,227,722511,casual_full_service,-97.764396,30.252067,slamar,South Lamar,,,2.45,78704,,MB200089798|3
MB200089858,1,32083012818,TAYLOR SEOUL FOOD,407 W 9TH,TAYLOR,76574,246,,unclassified,,,,,,Round Rock / Georgetown,,76574,,MB200089858|1
MB200090051,4,17429512928,TAQUERIA LA TAPATIA MEXICAN RESTAURANT & BAR,2132 N MAYS ST STE 950,ROUND ROCK,78664,246,722511,casual_full_service,,,,,,Round Rock / Georgetown,,78664,,MB200090051|4
MB200090649,1,32086359141,LA RIV RESTAURANT,200 E 8TH ST STE 101,GEORGETOWN,78626,246,722511,casual_full_service,,,,,,Round Rock / Georgetown,,78626,,MB200090649|1
MB200090756,1,32088433555,THE HAPPY JUNCTION,4850 W STATE HIGHWAY 29 STE 200,GEORGETOWN,78628,246,722410,bar,,,,,,Round Rock / Georgetown,,78628,,MB200090756|1
MB200090927,1,32085923525,DAHLIA CAFE,2450 RANCH ROAD 1869,LIBERTY HILL,78642,246,722511,casual_full_service,,,,,,Cedar Park / Leander,,78642,,MB200090927|1
MB200090960,1,32086298182,DOVETAIL PIZZA,1816 S 1ST ST,AUSTIN,78704,227,722511,casual_full_service,-97.756316,30.246621,slamar,South Lamar,,,2.15,78704,,MB200090960|1
MB200091279,2,12033444766,PHOEBE'S DINER,533 W OLTORF ST,AUSTIN,78704,227,722511,casual_full_service,-97.759309,30.241967,slamar,South Lamar,,,1.79,78704,,MB200091279|2
MB200091394,1,32086505545,BITELO CHURRASCARIA BRAZILIAN STEAKHOUSE,1850 S LAKELINE BLVD # 200,CEDAR PARK,78613,246,722511,casual_full_service,,,,,,Cedar Park / Leander,,78613,,MB200091394|1
MB200091435,1,32079735349,NIGHT OWL BAR,203 N BRUSHY ST,LEANDER,78641,246,722410,bar,,,,,,Cedar Park / Leander,,78641,,MB200091435|1
MB200091733,2,32064837985,GOLDEN HORN,5420 AIRPORT BLVD,AUSTIN,78751,227,722410,bar,-97.713704,30.316919,off_north_loop,,,North Loop,7.59,78751,,MB200091733|2
MB200091828,1,32078998773,CASE JALISCO,125 CO OP BLVD,HUTTO,78634,246,722511,casual_full_service,,,,,,Round Rock / Georgetown,,78634,,MB200091828|1
MB200091839,1,32085558644,"BRAZOS RESTAURANT, LLC",200 E 6TH ST STE 110,AUSTIN,78701,227,722511,casual_full_service,-97.741462,30.267689,dt_core,Downtown,,,3.81,78701,,MB200091839|1
MB200092232,1,32086743617,MAIN STREET BAR,101 E MAIN ST,ROUND ROCK,78664,246,722410,bar,,,,,,Round Rock / Georgetown,,78664,,MB200092232|1
MB200092352,11,32043033698,"VIA 313, LLC",19230 INTERSTATE 35 STE 300,KYLE,78640,105,722511,casual_full_service,,,,,,Hays County,,78640,,MB200092352|11
MB200092670,29,32043267494,VELVET TACO ROUND ROCK,2131 N INTERSTATE 35,ROUND ROCK,78664,246,722511,casual_full_service,,,,,,Round Rock / Georgetown,,78664,,MB200092670|29
MB200092721,1,32088387694,EURASIA SUSHI BAR & SEAFOOD,7101 W HIGHWAY 71 STE C13,AUSTIN,78735,227,722511,casual_full_service,,,,,,Austin: Southwest,,78735,,MB200092721|1
MB200093073,1,32088663847,LIL' EASY,5000 E CESAR CHAVEZ ST,AUSTIN,78702,227,722511,casual_full_service,-97.700456,30.251558,off_govalle_johnston_terrace,,,Govalle/Johnston Terrace,4.57,78702,,MB200093073|1
MB200093309,12,17427309731,SWOOP EVENTS,3012 GONZALES ST,AUSTIN,78702,227,722310,catering_contract,-97.707264,30.259489,off_govalle_johnston_terrace,,,Govalle/Johnston Terrace,4.56,78702,,MB200093309|12
MB200093497,5,32059758279,GEORGETOWN FILM ALLEY,420 WOLF RANCH RD,GEORGETOWN,78628,246,,unclassified,,,,,,Round Rock / Georgetown,,78628,,MB200093497|5
MB200093556,1,32083634751,REGAL ROOMS,1204 REGAL ROW,AUSTIN,78748,227,722410,bar,-97.832783,30.147014,,,,Austin: Far South,6.27,78748,,MB200093556|1
MB200093718,1,32081545918,DRINKS BACKYARD,6328 US HIGHWAY 183 S,AUSTIN,78744,227,722410,bar,,,,,,Austin: Southeast / Del Valle,,78744,,MB200093718|1
MB200094449,4,32038213099,"ONE TACO, LLC",402 BRAZOS ST,AUSTIN,78701,227,722511,casual_full_service,-97.742121,30.265949,dt_core,Downtown,,,3.68,78701,,MB200094449|4
MB200094481,1,32089152584,HOLEY MOLEY,807 E 4TH ST,AUSTIN,78702,227,,unclassified,-97.734675,30.263747,east_holly_ecc,East Austin,Holly / East Cesar Chavez,,3.74,78702,,MB200094481|1
MB200094883,1,32089254323,LING WU GROVE LLC,2625 PERSEVERANCE DR,AUSTIN,78731,227,722511,casual_full_service,-97.753249,30.318365,off_rosedale,,,Rosedale,7.07,78731,,MB200094883|1
MB200094907,1,32088301901,YUP LOUNGE,607 SAN JACINTO BLVD STE B,AUSTIN,78701,227,722410,bar,-97.740244,30.267771,dt_core,Downtown,,,3.84,78701,,MB200094907|1
MB200095444,1,32089629920,THE OSCAR AT GEORGETOWN,3810 WILLIAMS DR,GEORGETOWN,78628,246,722511,casual_full_service,,,,,,Round Rock / Georgetown,,78628,,MB200095444|1
MB200095515,1,32085153131,MANNY'S/POWDER ROOM ATX,301 W 5TH ST,AUSTIN,78701,227,722511,casual_full_service,-97.745617,30.267819,dt_2nd_warehouse,2nd Street / Warehouse,,,3.73,78701,,MB200095515|1
MB200095522,1,32085888660,BLISS NAIL BAR,3107 S INTERSTATE 35 STE 790,ROUND ROCK,78664,227,,unclassified,,,,,,Round Rock / Georgetown,,78664,,MB200095522|1
MB200095550,1,32087788413,CHEBA HUT,11620 HERO WAY W STE 160,LEANDER,78641,246,722513,fast_casual,,,,,,Cedar Park / Leander,,78641,,MB200095550|1
MB200096132,1,32076010621,JALISCOS,6203 N CAPITAL OF TEXAS HWY STE 100,AUSTIN,78731,227,722511,casual_full_service,,,,,,Austin: Northwest,,78731,,MB200096132|1
MB200096150,1,32089095049,"OCEAN BLUE THAI CUISINE, OYSTER BAR & SEAFOOD",4211 S LAMAR BLVD STE C1,AUSTIN,78704,227,722511,casual_full_service,,,slamar,South Lamar,,,,78704,zip_majority,MB200096150|1
MB200096855,1,32088678233,FIREWATER SPORTS BAR CAFE,13010 W PARMER LN STE 300,CEDAR PARK,78613,246,722511,casual_full_service,,,,,,Cedar Park / Leander,,78613,,MB200096855|1
MB200097019,12,32084475220,SONGWRITERS OF TEXAS LLC- THE WHISKEY ROOM,113 E PECAN ST,PFLUGERVILLE,78660,227,722410,bar,,,,,,Pflugerville / Manor,,78660,,MB200097019|12
MB200097024,1,32089820578,BBGS / HAPPY CHICKS / EDEN COCKTAIL ROOM,214 E 6TH ST STE A&B,AUSTIN,78701,227,722511,casual_full_service,-97.740805,30.267513,dt_core,Downtown,,,3.81,78701,,MB200097024|1
MB200097229,2,32072924148,THE PATIO,5973 HILINE RD BLDG 6,AUSTIN,78734,227,722511,casual_full_service,,,,,,Westlake / Lakeway,,78734,,MB200097229|2
MB200097471,1,32089955770,MALA FAMA,422 E 6TH ST,AUSTIN,78701,227,722410,bar,-97.738345,30.266811,dt_core,Downtown,,,3.83,78701,,MB200097471|1
MB200098049,1,32084512238,DISH SOCIETY,1900 ALDRICH ST,AUSTIN,78723,227,722511,casual_full_service,-97.705685,30.298244,off_rmma,,,RMMA,6.67,78723,,MB200098049|1
MB200098166,6,32071140944,QUE DIVIO COCINA,3435 GREYSTONE DR STE 112,AUSTIN,78731,227,722310,catering_contract,-97.748138,30.357466,,,,Austin: Northwest,9.79,78731,,MB200098166|6
MB200099162,1,32081923347,617 COLORADO STREET OPCO LLC,617 COLORADO ST,AUSTIN,78701,227,,unclassified,-97.743818,30.269255,dt_core,Downtown,,,3.86,78701,,MB200099162|1
MB200100616,1,32089119039,80 PROOF LLC,9201 CIRCUIT OF THE AMERICAS BLVD,DEL VALLE,78617,227,722310,catering_contract,,,,,,Austin: Southeast / Del Valle,,78617,,MB200100616|1
MB200100711,1,32070883114,POSEY MEADOWS,1500 QUAIL RUN,SAN MARCOS,78666,105,722310,catering_contract,,,,,,Hays County,,78666,,MB200100711|1
MB200101057,2,32084833519,CHEERZ,14001 SHADOWGLEN BLVD STE F,MANOR,78653,227,722410,bar,,,,,,Pflugerville / Manor,,78653,,MB200101057|2
MB200101768,1,32090447445,NADC,1007 E 6TH ST,AUSTIN,78702,227,722511,casual_full_service,-97.732294,30.265003,east_6th_7th,East Austin,East 6th / 7th,,3.89,78702,,MB200101768|1
MB200101820,1,32088964187,LITTLE WOODROW'S,11420 ROCK ROSE AVE STE 130,AUSTIN,78758,227,722511,casual_full_service,-97.723055,30.400404,off_north_burnet_gateway,,,North Burnet/Gateway,12.95,78758,,MB200101820|1
MB200101962,1,32089975539,MAMA BRO'S,801 W WELLS BRANCH PKWY BLDG 2,PFLUGERVILLE,78660,227,722513,fast_casual,,,,,,Pflugerville / Manor,,78660,,MB200101962|1
MB200102066,1,32087877919,BUSTY'S BAR AND JUKEBOX,6214 CAMERON RD,AUSTIN,78723,227,722511,casual_full_service,-97.696776,30.319891,off_university_hills_and_windsor_park,,,University Hills And Windsor Park,8.23,78723,,MB200102066|1
MB200102170,1,32083683352,CASA GARCIA'S,15803 WINDERMERE DR STE 604,PFLUGERVILLE,78660,227,722511,casual_full_service,,,,,,Pflugerville / Manor,,78660,,MB200102170|1
MB200102219,1,32087164342,CASA GARCIA'S MEXICAN RESTAURANT,19380 RONALD W REAGAN BLVD STE 420,GEORGETOWN,78628,246,722511,casual_full_service,,,,,,Round Rock / Georgetown,,78628,,MB200102219|1
MB200102315,1,32084147217,TACO PALENQUE OF CEDAR PARK LLC,1535 CYPRESS CREEK RD,CEDAR PARK,78613,246,722511,casual_full_service,,,,,,Cedar Park / Leander,,78613,,MB200102315|1
MB200102397,2,32088098366,REINA,309 E 3RD ST,AUSTIN,78701,227,722410,bar,-97.741411,30.264552,dt_core,Downtown,,,3.61,78701,,MB200102397|2
MB200102528,1,32088399061,WORD OF MOUTH CATERING,5002 BURLESON RD,AUSTIN,78744,227,722320,catering_contract,-97.728793,30.211367,off_southeast,,,Southeast,2.21,78744,,MB200102528|1
MB200103038,1,32089887189,WILLOW LAKE,110 OLD KYLE RD,WIMBERLEY,78676,105,722511,casual_full_service,,,,,,Hays County,,78676,,MB200103038|1
MB200103526,100,32033248629,TORCHY'S TACOS,19392 RONALD W REAGAN BLVD STE 530,GEORGETOWN,78628,246,722513,fast_casual,,,,,,Round Rock / Georgetown,,78628,,MB200103526|100
MB200103680,1,32089922101,JULIET SOCIAL,701 S MAIN ST,GEORGETOWN,78626,246,722511,casual_full_service,,,,,,Round Rock / Georgetown,,78626,,MB200103680|1
MB200103977,2,32100093478,THE WISHING WELL,4700 WELETKA DR,AUSTIN,78734,227,722410,bar,-97.924809,30.407791,,,,Westlake / Lakeway,16.28,78734,,MB200103977|2
MB200104035,1,32086309104,CHALMERS,1700 E CESAR CHAVEZ ST,AUSTIN,78702,227,722511,casual_full_service,-97.726645,30.257836,east_holly_ecc,East Austin,Holly / East Cesar Chavez,,3.67,78702,,MB200104035|1
MB200104118,4,12618026202,STAR CAFE,1800 CONGRESS AVE,AUSTIN,78701,227,722320,catering_contract,,,dt_core,Downtown,,,,78701,zip_majority,MB200104118|4
MB200104630,1,32086684837,PIXEL PALACE ARCADE AND BAR,2471 S A W GRIMES BLVD,ROUND ROCK,78664,246,722410,bar,,,,,,Round Rock / Georgetown,,78664,,MB200104630|1
MB200105112,2,32078997460,TARE AUSTIN,12414 ALDERBROOK DR STE 201,AUSTIN,78758,227,722511,casual_full_service,-97.698144,30.414929,,,,Austin: North,14.28,78758,,MB200105112|2
MB200105163,1,32090222863,DOS HERMANOS CAFE & TEX MEX,1201 N LAKELINE BLVD STE 900,CEDAR PARK,78613,246,722511,casual_full_service,,,,,,Cedar Park / Leander,,78613,,MB200105163|1
MB200105286,1,32090968606,NAMELESS SALOON,23296 NAMELESS RD,LEANDER,78641,227,722410,bar,,,,,,Cedar Park / Leander,,78641,,MB200105286|1
MB200105574,1,32087520337,"THE KITCHEN AUSTIN, LLC",400 W 6TH ST STE R-100,AUSTIN,78701,227,722511,casual_full_service,-97.746268,30.269029,dt_2nd_warehouse,2nd Street / Warehouse,,,3.8,78701,,MB200105574|1
MB200105656,2,32085040791,PEPITA'S CAFE & BAR,2712 BEE CAVES RD STE 106,ROLLINGWOOD,78746,227,722511,casual_full_service,,,,,,Westlake / Lakeway,,78746,,MB200105656|2
MB200105992,2,32021412187,THE LEANING PEAR,111 RIVER RD UNIT 110,WIMBERLEY,78676,105,722513,fast_casual,,,,,,Hays County,,78676,,MB200105992|2
MB200106580,11,32080827234,HILTON GARDEN INN AUSTIN UNIVERSITY CAPITOL DISTRI,301 W 17TH ST,AUSTIN,78701,227,722410,bar,-97.741273,30.27949,dt_core,Downtown,,,4.58,78701,,MB200106580|11
MB200106663,1,32090685176,TOASTY BADGER,2206 S CONGRESS AVE,AUSTIN,78704,227,722511,casual_full_service,-97.752614,30.241374,soco,South Congress,,,1.88,78704,,MB200106663|1
MB200106878,1,32089717600,MEZCAL & SALT GRILL & BAR,3004 MONTOPOLIS DR,AUSTIN,78741,227,722511,casual_full_service,-97.711236,30.213851,off_east_riverside_oltorf,,,East Riverside/Oltorf,3.24,78741,,MB200106878|1
MB200107091,1,32090077556,OBSIDIAN BREWERY,11880 HERO WAY W STE 207-208,LEANDER,78641,246,722511,casual_full_service,,,,,,Cedar Park / Leander,,78641,,MB200107091|1
MB200107933,1,32089133634,TRONA - EAST COCKTAIL CLUB,1812 E 12TH ST,AUSTIN,78702,227,722410,bar,-97.720274,30.273743,east_12th,East Austin,East 12th and north,,4.78,78702,,MB200107933|1
MB200108312,1,32091399918,OAK HILL SOCIAL,8600 HIGHWAY 290 W,AUSTIN,78736,227,722410,bar,,,,,,Austin: Southwest,,78736,,MB200108312|1
MB200108346,1,32083202005,LA CASITA MEXICAN RESTAURANT,800 W PECAN ST,PFLUGERVILLE,78660,227,722511,casual_full_service,,,,,,Pflugerville / Manor,,78660,,MB200108346|1
MB200108407,2,32073867718,THE GOAT,18612 PFLUGER FARM LN,PFLUGERVILLE,78660,227,722511,casual_full_service,,,,,,Pflugerville / Manor,,78660,,MB200108407|2
MB200108629,2,32087641448,AXE ESCAPE,6406 N INTERSTATE 35 STE 2760,AUSTIN,78752,227,,unclassified,-97.705551,30.325827,off_st_john_coronado_hills,,,St. John Coronado Hills,8.35,78752,,MB200108629|2
MB200108864,1,32089555869,PEOPLE'S CHOICE,7408 CAMERON RD STE E,AUSTIN,78752,227,722511,casual_full_service,-97.69041,30.329184,off_st_john_coronado_hills,,,St. John Coronado Hills,8.97,78752,,MB200108864|1
MB200109185,1,32091520489,BAMBINO,979 SPRINGDALE RD STE 153,AUSTIN,78702,227,722511,casual_full_service,-97.69583,30.265167,off_govalle_johnston_terrace,,,Govalle/Johnston Terrace,5.34,78702,,MB200109185|1
MB200109795,2,32083659097,THE VENUE TAYLOR,115 W 2ND ST,TAYLOR,76574,246,,unclassified,,,,,,Round Rock / Georgetown,,76574,,MB200109795|2
MB200109886,1,32088964179,WOODY'S,715 W 6TH ST,AUSTIN,78701,227,722410,bar,-97.750328,30.270214,dt_2nd_warehouse,2nd Street / Warehouse,,,3.81,78701,,MB200109886|1
MB200109964,4,32018501323,TACO MORE L.L.C.,2015 E RIVERSIDE DR STE 1A,AUSTIN,78741,227,722513,fast_casual,-97.727649,30.240862,off_east_riverside_oltorf,,,East Riverside/Oltorf,2.81,78741,,MB200109964|4
MB200110126,1,32089356920,ARIS,1111 W 6TH ST STE 150,AUSTIN,78703,227,722511,casual_full_service,-97.755995,30.272326,off_old_west_austin,,,Old West Austin,3.89,78703,,MB200110126|1
MB200110357,1,32091557192,REMEDY AUSTIN,360 NUECES ST STE 30,AUSTIN,78701,227,722511,casual_full_service,-97.749168,30.267712,dt_2nd_warehouse,2nd Street / Warehouse,,,3.66,78701,,MB200110357|1
MB200110780,3,32051844242,CUVEE COFFEE,2323 S LAMAR BLVD,AUSTIN,78704,227,722513,fast_casual,-97.776014,30.24717,slamar,South Lamar,,,2.21,78704,,MB200110780|3
MB200110943,48,12057184488,CHUY'S #6100,2027 ALDRICH ST,AUSTIN,78723,227,722511,casual_full_service,-97.70376,30.300184,off_rmma,,,RMMA,6.85,78723,,MB200110943|48
MB200111043,26,17526178011,"DANB TEXAS, INC.",9500 S INTERSTATE 35,AUSTIN,78748,227,722511,casual_full_service,-97.789093,30.162186,,,,Austin: Far South,4.02,78748,,MB200111043|26
MB200112128,1,32084919102,TANDOORI LOUNGE,3601 W WILLIAM CANNON DR STE 450,AUSTIN,78749,227,722511,casual_full_service,-97.831887,30.214441,,,,Austin: Southwest,3.98,78749,,MB200112128|1
MB200112235,1,32090134308,FOGONERO RESTAURANT,202 WALTON WAY STE 132,CEDAR PARK,78613,246,722511,casual_full_service,,,,,,Cedar Park / Leander,,78613,,MB200112235|1
MB200112419,2,32061984517,TEXAS CARD HOUSE,13530 N HIGHWAY 183 STE 100,AUSTIN,78750,246,,unclassified,,,,,,Austin: Northwest,,78750,,MB200112419|2
MB200112627,1,32090194559,LA GORDIBUENA TAQUERIA/RESTAURANT LLC,113 RANCH ROAD 620 N,LAKEWAY,78734,227,722511,casual_full_service,,,,,,Westlake / Lakeway,,78734,,MB200112627|1
MB200112641,1,32090148647,"EL ALMA SOUTH, LLC",4521B W GATE BLVD,AUSTIN,78745,227,722511,casual_full_service,-97.800549,30.23156,off_south_austin,,,South Austin,2.34,78745,,MB200112641|1
MB200113385,1,32088426518,ST JOHN'S SOCIAL CLUB,711 W SAINT JOHNS AVE,AUSTIN,78752,227,722511,casual_full_service,,,off_st_john_coronado_hills,,,St. John Coronado Hills,,78752,zip_majority,MB200113385|1
MB200113745,2,32075942782,IKE N AVES,900 E BRAKER LN STE 105,AUSTIN,78753,227,722330,food_truck,-97.673001,30.375664,off_heritage_hills_windsor_hills,,,Heritage Hills Windsor Hills,12.3,78753,,MB200113745|2
MB200113789,1,32058614390,BARLEY BEAN CAFE & MARKET,3600 S LAMAR BLVD,AUSTIN,78704,227,722511,casual_full_service,-97.787969,30.239569,slamar,South Lamar,,,2.09,78704,,MB200113789|1
MB200113811,1,32090499917,MACHI SUSHI,2200 S I-35 FRONTAGE RD,AUSTIN,78704,227,722511,casual_full_service,,,slamar,South Lamar,,,,78704,zip_majority,MB200113811|1
MB200113824,1,32086983809,BELLISSIMA,8300 N FM 620 RD STE 200,AUSTIN,78726,227,722511,casual_full_service,-97.84524,30.421315,,,,Austin: Northwest,14.93,78726,,MB200113824|1
MB200113836,1,32091463276,MEXTA,106 E 6TH ST STE 110,AUSTIN,78701,227,722511,casual_full_service,-97.742432,30.267962,dt_core,Downtown,,,3.81,78701,,MB200113836|1
MB200113968,2,32089774320,JORGE'S MEXICAN RESTAURANT,2550 HUNTER RD STE 1106,SAN MARCOS,78666,105,722511,casual_full_service,,,,,,Hays County,,78666,,MB200113968|2
MB200114075,3,32072780938,VESTALS CATERING,630 RALPH ABLANEDO DR STE 2,AUSTIN,78748,227,722320,catering_contract,-97.797444,30.17414,,,,Austin: Far South,3.5,78748,,MB200114075|3
MB200114476,1,18106135868,SHADOWGLEN GOLD CLUB,12801 LEXINGTON ST,MANOR,78653,227,722511,casual_full_service,,,,,,Pflugerville / Manor,,78653,,MB200114476|1
MB200114485,2,32090525703,RABBIT HOLE,13920 RONALD W REAGAN BLVD STE 202,CEDAR PARK,78641,246,722410,bar,,,,,,Cedar Park / Leander,,78641,,MB200114485|2
MB200114740,1,32055545258,FOUR POINTS BY SHERATON AT AUSTIN AIRPORT,7800 E RIVERSIDE DR,AUSTIN,78744,227,,unclassified,-97.689081,30.216108,off_southeast,,,Southeast,4.55,78744,,MB200114740|1
MB200115319,1,32080038907,CULTURE CLUB AUSTIN LLC,12000 MENCHACA RD 2 STE A,AUSTIN,78748,227,722511,casual_full_service,,,,,,Austin: Far South,,78748,,MB200115319|1
MB200115542,1,32088345528,UMI SUSHI & SEAFOOD BUFFET,2000 S INTERSTATE 35 STE D1,ROUND ROCK,78681,246,722511,casual_full_service,,,,,,Round Rock / Georgetown,,78681,,MB200115542|1
MB200115820,1,32092086498,THE GRILL-ERIA,2309 W PARMER LN,AUSTIN,78727,227,722511,casual_full_service,-97.699894,30.417909,,,,Austin: North,14.45,78727,,MB200115820|1
MB200115901,24,32058434427,SNOOZE,5140 S FM 1626 STE 120,KYLE,78640,105,722511,casual_full_service,,,,,,Hays County,,78640,,MB200115901|24
MB200115910,25,32058434427,SNOOZE,1915 E WHITESTONE BLVD STE 101,CEDAR PARK,78613,246,722511,casual_full_service,,,,,,Cedar Park / Leander,,78613,,MB200115910|25
MB200115944,2,32092010225,HAPPY HOUR,719 HIGHWAY 183 STE C-320,LIBERTY HILL,78642,246,722410,bar,,,,,,Cedar Park / Leander,,78642,,MB200115944|2
MB200116030,1,32092209298,DAM-A,713 E HUNTLAND DR,AUSTIN,78752,227,722511,casual_full_service,-97.706404,30.330153,off_st_john_coronado_hills,,,St. John Coronado Hills,8.6,78752,,MB200116030|1
MB200116173,1,32064480372,JAIPUR PALACE,9900 S INTERSTATE 35 STE P900,AUSTIN,78748,227,722511,casual_full_service,-97.790896,30.156653,,,,Austin: Far South,4.41,78748,,MB200116173|1
MB200116302,1,32092449357,STATESMAN ATHLETIC CLUB,710B W 6TH ST,AUSTIN,78701,227,722410,bar,-97.750063,30.270126,dt_2nd_warehouse,2nd Street / Warehouse,,,3.81,78701,,MB200116302|1
MB200116330,1,32090454920,BARK HOUSE SOCIAL,5022 E CESAR CHAVEZ ST,AUSTIN,78702,227,722511,casual_full_service,-97.698927,30.251426,off_govalle_johnston_terrace,,,Govalle/Johnston Terrace,4.64,78702,,MB200116330|1
MB200116435,1,32091283443,POUR CHOICES,401 E 6TH ST,AUSTIN,78701,227,,unclassified,-97.739298,30.267062,dt_core,Downtown,,,3.82,78701,,MB200116435|1
MB200116450,2,32091571292,NASHA,3944 RANCH ROAD 620 S STE 110,BEE CAVE,78738,227,722511,casual_full_service,,,,,,Westlake / Lakeway,,78738,,MB200116450|2
MB200116789,1,32089576964,BLUE CORN HARVEST BAR & GRILL,2980 JOE DIMAGGIO BLVD # 150,ROUND ROCK,78665,246,722511,casual_full_service,,,,,,Round Rock / Georgetown,,78665,,MB200116789|1
MB200116821,1,32088930618,PZ FOODS LLC,12901 N INTERSTATE 35 STE 1830,AUSTIN,78753,227,722511,casual_full_service,-97.673121,30.414109,,,,Austin: North,14.72,78753,,MB200116821|1
MB200116976,1,32091398795,"VIOLET CROWN PARTNERS, LLC",434 W 2ND ST,AUSTIN,78701,227,,unclassified,-97.748188,30.265439,dt_2nd_warehouse,2nd Street / Warehouse,,,3.53,78701,,MB200116976|1
MB200117167,1,32092338618,THE GUEST HOUSE,110 SAN ANTONIO ST,AUSTIN,78701,227,722511,casual_full_service,-97.842075,30.084831,dt_core,Downtown,,,10.19,78701,zip_majority,MB200117167|1
MB200117292,1,32084785834,FRESH BOWL,1021 E PARMER LN,AUSTIN,78753,227,722511,casual_full_service,-97.654859,30.398897,,,,Austin: North,14.22,78753,,MB200117292|1
MB200117429,2,32087280015,THE CEDARS RANCH,506 BURNETT RANCH RD,WIMBERLEY,78676,105,,unclassified,,,,,,Hays County,,78676,,MB200117429|2
MB200117508,1,32091236565,MARIACHIS DE JALISCO MEXICAN RESTAURANT & BAR,3100 N MAIN ST STE A4ANDA5,TAYLOR,76574,246,722511,casual_full_service,,,,,,Round Rock / Georgetown,,76574,,MB200117508|1
MB200117560,1,32091262371,KYOKA SUSHI & BAR,661 LOUIS HENNA BLVD STE 300,ROUND ROCK,78664,246,722511,casual_full_service,,,,,,Round Rock / Georgetown,,78664,,MB200117560|1
MB200117811,1,32092133514,CASA BIANCA,1510 E CESAR CHAVEZ ST,AUSTIN,78702,227,722511,casual_full_service,-97.728815,30.258573,east_holly_ecc,East Austin,Holly / East Cesar Chavez,,3.63,78702,,MB200117811|1
MB200118266,1,32092081234,DAINTY DILLO,3201 E CESAR CHAVEZ ST,AUSTIN,78702,227,722511,casual_full_service,-97.70872,30.251691,off_govalle_johnston_terrace,,,Govalle/Johnston Terrace,4.16,78702,,MB200118266|1
MB200118372,148,17419968528,"UNIVERSITY FOOD SERVICES, INC.",3600 PRESIDENTIAL BLVD STE 4302,AUSTIN,78719,227,722310,catering_contract,-97.666989,30.202629,,,,Austin: Southeast / Del Valle,5.95,78719,,MB200118372|148
MB200118379,1,32092519654,THE LONG GOODBYE,2808 MANOR RD,AUSTIN,78722,227,722511,casual_full_service,-97.711755,30.285455,east_manor,East Austin,Manor Road,,5.73,78722,,MB200118379|1
MB200120370,1,32092062952,GOLD BURGER DINER,109 W 7TH ST STE 110,GEORGETOWN,78626,246,722511,casual_full_service,,,,,,Round Rock / Georgetown,,78626,,MB200120370|1
MB200120457,2,32037112771,CAMP BRITESIDE,8701 RANCH ROAD 2338,GEORGETOWN,78633,246,722511,casual_full_service,,,,,,Round Rock / Georgetown,,78633,,MB200120457|2
MB200121006,1,32073457429,KESOS TACOS,3901C SPICEWOOD SPRINGS RD,AUSTIN,78759,227,722513,fast_casual,,,,,,Austin: Northwest,,78759,,MB200121006|1
MB200121453,1,32088594992,LALA'S SOUTH POLE,3008 DAVIS LN STE 200,AUSTIN,78745,227,722410,bar,-97.832417,30.190456,,,,Austin: Far South,4.39,78745,,MB200121453|1
MB200121468,1,32060353367,LOU'S BODEGA,1900 E CESAR CHAVEZ ST,AUSTIN,78702,227,722511,casual_full_service,-97.724617,30.257137,east_holly_ecc,East Austin,Holly / East Cesar Chavez,,3.71,78702,,MB200121468|1
MB200121470,1,32093117144,SAN GINES,2072 S LAMAR BLVD,AUSTIN,78704,227,722511,casual_full_service,-97.770657,30.248244,slamar,South Lamar,,,2.21,78704,,MB200121470|1
MB200121516,1,32068553471,HUAHUASCO GRILL MEXICAN CUISINE LLC,100 12TH ST STE 102,PFLUGERVILLE,78660,227,722511,casual_full_service,,,,,,Pflugerville / Manor,,78660,,MB200121516|1
MB200121549,1,32093259441,PICKLELAND,21427 MARTIN LN,PFLUGERVILLE,78660,227,,unclassified,,,,,,Pflugerville / Manor,,78660,,MB200121549|1
MB200121681,4,32053929660,CHODANG TOFU HOUSE KOREAN BBQ,1200 W HOWARD LN STE B,AUSTIN,78753,227,722513,fast_casual,-97.670996,30.424243,,,,Austin: North,15.41,78753,,MB200121681|4
MB200122023,1,32092908956,JADE RESTAURANT,3801 N CAPITAL OF TEXAS HWY STE C200,AUSTIN,78746,227,722511,casual_full_service,,,,,,Westlake / Lakeway,,78746,,MB200122023|1
MB200122214,1,32084292484,OLD GREGG BREWING COMPANY,1900 E HOWARD LN BLDG H,PFLUGERVILLE,78660,227,722410,bar,,,,,,Pflugerville / Manor,,78660,,MB200122214|1
MB200122616,1,32092008997,CASA MORE MEXICAN CUISINE,301 W PALM VALLEY BLVD,ROUND ROCK,78664,246,722511,casual_full_service,,,,,,Round Rock / Georgetown,,78664,,MB200122616|1
MB200122618,1,32089239167,LA CATARINA RESTAURANT #3,2901 MANOR RD STE 100,AUSTIN,78722,227,722511,casual_full_service,-97.710162,30.28568,east_manor,East Austin,Manor Road,,5.8,78722,,MB200122618|1
MB200122882,1,32073098991,DAY MAKER HALF DAY CAFE,1101 S MOPAC EXPY # 6,AUSTIN,78746,227,722511,casual_full_service,-97.782312,30.265329,off_barton_hills_galindo_south_lamar_zilker,,,Barton Hills / Galindo / South Lamar / Zilker,3.52,78746,,MB200122882|1
MB200122904,5,32069433095,FREEBIRD,11410 CENTURY OAKS TER,AUSTIN,78758,227,,unclassified,-97.726484,30.401262,off_north_burnet_gateway,,,North Burnet/Gateway,12.97,78758,,MB200122904|5
MB200122991,1,32085606245,THE DEAD RABBIT,204 E 6TH ST,AUSTIN,78701,227,722410,bar,-97.741274,30.267638,dt_core,Downtown,,,3.81,78701,,MB200122991|1
MB200123220,1,32091788425,BEBO'S,9112 ANDERSON MILL RD # A-200,AUSTIN,78729,246,722410,bar,-97.780515,30.451833,,,,Austin: North,16.28,78729,,MB200123220|1
MB200123441,4,32085281239,NANDO'S PERI-PERI,1825 MC BEE ST STE 110,AUSTIN,78723,227,722511,casual_full_service,-97.704529,30.298141,off_rmma,,,RMMA,6.7,78723,,MB200123441|4
MB200123594,1,32066855506,THE METEOR,2110 S CONGRESS AVE STE A,AUSTIN,78704,227,722513,fast_casual,-97.752196,30.242868,soco,South Congress,,,1.98,78704,,MB200123594|1
MB200123705,15,32058833263,THE TERRACE AT HIGHLAND LAKES,20552 HIGHLAND LAKE DR,LAGO VISTA,78645,227,722310,catering_contract,,,,,,Cedar Park / Leander,,78645,,MB200123705|15
MB200124176,1,32089975877,AUSTIN OAKS GROVE,7719 WOOD HOLLOW DR STE 100,AUSTIN,78731,227,722511,casual_full_service,-97.747783,30.360905,,,,Austin: Northwest,10.03,78731,,MB200124176|1
MB200124201,1,32093236894,HOLLY WU ASIAN KITCHEN,13521 RONALD W REAGAN BLVD,CEDAR PARK,78613,246,722511,casual_full_service,,,,,,Cedar Park / Leander,,78613,,MB200124201|1
MB200124450,1,32089152113,HYPE B AR AND GRILL,821 W NEW HOPE DR STE 212,CEDAR PARK,78613,246,,unclassified,,,,,,Cedar Park / Leander,,78613,,MB200124450|1
MB200124470,1,32091774748,BETO'S RESTAURANT,3306 OAK SPRINGS DR,AUSTIN,78721,227,722511,casual_full_service,-97.697827,30.27358,off_east_mlk,,,East MLK,5.64,78721,,MB200124470|1
MB200124633,2,32069799180,EL PERRITO ATX,730 W STASSNEY LN STE 165,AUSTIN,78745,227,722330,food_truck,-97.78378,30.208992,off_south_austin,,,South Austin,1.22,78745,,MB200124633|2
MB200124718,26,32067315443,OJOS LOCOS SPORTS CANTINA,901 LITTLE TEXAS LN STE C,AUSTIN,78745,227,722511,casual_full_service,-97.767728,30.198141,off_east_congress_sweetbriar_west_congress,,,East Congress / Sweetbriar / West Congress,1.28,78745,,MB200124718|26
MB200124980,1,32080471140,NADA MUCHO,13710 RANCH ROAD 12,WIMBERLEY,78676,105,722511,casual_full_service,,,,,,Hays County,,78676,,MB200124980|1
MB200125169,7,32067623507,BLACKS BEVERAGE CO,700 DAWSON RD,AUSTIN,78704,227,722511,casual_full_service,-97.756258,30.258586,off_bouldin_creek,,,Bouldin Creek,2.95,78704,,MB200125169|7
MB200125299,2,32074602080,FIG ITALIAN KITCHEN & BAR,3403 S LAMAR BLVD,AUSTIN,78704,227,722511,casual_full_service,-97.786682,30.240471,slamar,South Lamar,,,2.09,78704,,MB200125299|2
MB200125386,1,32019005407,CATFISH PARLOUR GEORGETOWN,4159 WILLIAMS DR,GEORGETOWN,78628,246,722511,casual_full_service,,,,,,Round Rock / Georgetown,,78628,,MB200125386|1
MB200125485,1,32093633629,ALLDAY PIZZA,4300 SPEEDWAY STE 103,AUSTIN,78751,227,722513,fast_casual,-97.729821,30.306466,off_hyde_park,,,Hyde Park,6.56,78751,,MB200125485|1
MB200125501,2,32093867292,VAZQUEZ #3,13729 N HIGHWAY 183 STE 860,AUSTIN,78750,246,722511,casual_full_service,,,,,,Austin: Northwest,,78750,,MB200125501|2
MB200125683,133,17419968528,"UNIVERSITY FOOD SERVICES, INC.",2309 GRACY FARMS LN,AUSTIN,78758,227,722310,catering_contract,-97.708612,30.402168,off_north_burnet_gateway,,,North Burnet/Gateway,13.26,78758,,MB200125683|133
MB200125849,1,32087946904,PROSPECT HOUSE,12745 SILVER CREEK RD,DRIPPING SPRINGS,78620,105,722320,catering_contract,,,,,,Hays County,,78620,,MB200125849|1
MB200125927,2,32076290371,"VF RESORT & EVENTS, LLC",8709 W FM 487,FLORENCE,76527,246,722410,bar,,,,,,,,76527,,MB200125927|2
MB200126137,1,32093959255,MEAT & DRINK,13904 RANCH ROAD 12 STE 4,WIMBERLEY,78676,105,722513,fast_casual,,,,,,Hays County,,78676,,MB200126137|1
MB200126415,2,32074777270,SUSHI HI,8557 RESEARCH BLVD STE 146,AUSTIN,78758,227,722511,casual_full_service,-97.717041,30.360885,off_crestview_wooten,,,Crestview/Wooten,10.38,78758,,MB200126415|2
MB200126902,1,32091906845,THE FLOWER SHOP ATX,1300 E 7TH ST,AUSTIN,78702,227,722511,casual_full_service,-97.728889,30.26495,east_6th_7th,East Austin,East 6th / 7th,,3.99,78702,,MB200126902|1
MB200127080,1,32091849953,LA PERLA,1512 E 6TH ST,AUSTIN,78702,227,722410,bar,-97.726745,30.263138,east_6th_7th,East Austin,East 6th / 7th,,3.96,78702,,MB200127080|1
MB200127100,1,32039934271,TEDDY'S,2200 MANOR RD,AUSTIN,78722,227,722515,cafe_bakery,-97.719181,30.284276,east_manor,East Austin,Manor Road,,5.43,78722,,MB200127100|1
MB200127115,1,32087755230,FORTUNE TELLER,5604 S CONGRESS AVE,AUSTIN,78745,227,722511,casual_full_service,-97.774873,30.204764,off_east_congress_sweetbriar_west_congress,,,East Congress / Sweetbriar / West Congress,0.99,78745,,MB200127115|1
MB200127119,1,32079215441,THE LONE STAR BAR LLC,18655 FM 1431,JONESTOWN,78645,227,722410,bar,,,,,,Cedar Park / Leander,,78645,,MB200127119|1
MB200127541,1,32093648726,GARDEN BAR & GRILL,2310 N INTERSTATE 35,ROUND ROCK,78681,246,722511,casual_full_service,,,,,,Round Rock / Georgetown,,78681,,MB200127541|1
MB200127550,1,32094045690,THE WHEEL TOO,3116 S CONGRESS AVE,AUSTIN,78704,227,722410,bar,-97.759277,30.231181,off_dawson,,,Dawson,1.07,78704,,MB200127550|1
MB200127594,1,32092293896,AZURE LOUNGE,12530 RESEARCH BLVD,AUSTIN,78759,227,722410,bar,-97.760043,30.429954,,,,Austin: Northwest,14.75,78759,,MB200127594|1
MB200127774,2,32051969445,PERSHING EAST,2501 E 5TH ST,AUSTIN,78702,227,722511,casual_full_service,-97.715031,30.257978,east_holly_ecc,East Austin,Holly / East Cesar Chavez,,4.15,78702,,MB200127774|2
MB200128177,1,32093760620,TORRESBEE,1901 TOWN CENTRE DR STE 150,ROUND ROCK,78664,246,722511,casual_full_service,,,,,,Round Rock / Georgetown,,78664,,MB200128177|1
MB200128311,1,32093929175,"LA BABY SOCIAL, LLC",2429 HIGHWAY 71 E,DEL VALLE,78617,227,722410,bar,,,,,,Austin: Southeast / Del Valle,,78617,,MB200128311|1
MB200128346,1,32085961772,WILD HARE BAR AND GRILL,7301 MARITIME PASS,JONESTOWN,78645,227,722511,casual_full_service,,,,,,Cedar Park / Leander,,78645,,MB200128346|1
MB200128431,1,32088308930,MIYO,8701 W PARMER LN APT 2128,AUSTIN,78729,246,722511,casual_full_service,-97.761324,30.467941,,,,Austin: North,17.37,78729,,MB200128431|1
MB200128904,1,32081458971,CHURCHROW TEJAS BBQ,1521 W ANDERSON LN,AUSTIN,78757,227,722511,casual_full_service,-97.722527,30.352169,off_crestview_wooten,,,Crestview/Wooten,9.71,78757,,MB200128904|1
MB200129213,1,32075165673,LA TAQUERIA,1809 MANOR RD,AUSTIN,78722,227,722511,casual_full_service,-97.722725,30.283711,east_manor,East Austin,Manor Road,,5.29,78722,,MB200129213|1
MB200129278,1,32089782174,LA TRAVIATA,7415 SOUTHWEST PKWY STE 100,AUSTIN,78735,227,722511,casual_full_service,-97.867882,30.256381,off_oak_hill,,,Oak Hill,6.71,78735,,MB200129278|1
MB200129628,1,32091442783,FIRST WATCH DAYTIME CAFE SAN MARCOS,1506 N INTERSTATE 35 STE 101,SAN MARCOS,78666,105,722511,casual_full_service,,,,,,Hays County,,78666,,MB200129628|1
MB200130045,1,32083967235,JUPITER SUPPER CLUB,718 CONGRESS AVE,AUSTIN,78701,227,722511,casual_full_service,-97.742211,30.269676,dt_core,Downtown,,,3.92,78701,,MB200130045|1
MB200130587,7,32038213099,ONE TACO,3944 RANCH ROAD 620 S STE 130,BEE CAVE,78738,227,722511,casual_full_service,,,,,,Westlake / Lakeway,,78738,,MB200130587|7
MB200130793,1,32098955498,COTTONWOOD CREEK BREWERY & SMOKEHOUSE,610 HIGHWAY 79,HUTTO,78634,246,722511,casual_full_service,,,,,,Round Rock / Georgetown,,78634,,MB200130793|1
MB200130811,1,32078836775,SHOGUN JAPANESE GRILL & SUSHI BAR,11023 PECAN PARK BLVD,CEDAR PARK,78613,246,722511,casual_full_service,,,,,,Cedar Park / Leander,,78613,,MB200130811|1
MB200130846,1,32094019505,4TH QUARTER BAR & GRILL INC,300 VENTURE BLVD N STE 130,LAGO VISTA,78645,227,722511,casual_full_service,,,,,,Cedar Park / Leander,,78645,,MB200130846|1
MB200130892,1,32090310924,SEA BARRA,420 UNIVERSITY DR,SAN MARCOS,78666,105,722511,casual_full_service,,,,,,Hays County,,78666,,MB200130892|1
MB200131112,111,32062485571,MARRIOTT NORTH AUSTIN ROUND ROCK,2600 LA FRONTERA BLVD,ROUND ROCK,78681,246,722410,bar,,,,,,Round Rock / Georgetown,,78681,,MB200131112|111
MB200131172,1,32084407215,POSTINO WINE BAR,1301 S LAMAR BLVD STE 102,AUSTIN,78704,227,722511,casual_full_service,-97.763038,30.253568,slamar,South Lamar,,,2.56,78704,,MB200131172|1
MB200131274,1,32093383365,GEN KOREAN BBQ HOUSE,18900 LIMESTONE COMMERCIAL DR STE 100,PFLUGERVILLE,78660,227,722511,casual_full_service,,,,,,Pflugerville / Manor,,78660,,MB200131274|1
MB200131896,1,32088698611,LOUDMOUTH PIZZA,1209 ROSEWOOD AVE,AUSTIN,78702,227,722513,fast_casual,-97.726554,30.268476,east_12th,East Austin,East 12th and north,,4.27,78702,,MB200131896|1
MB200132018,3,32074129779,ATLASSIAN,1401 E 6TH ST BLDG 2 STE 100,AUSTIN,78702,227,722310,catering_contract,-97.728461,30.263702,east_6th_7th,East Austin,East 6th / 7th,,3.93,78702,,MB200132018|3
MB200132556,1,32094830281,ESTANCIA BRAZILIAN STEAKHOUSE,2132 RAIDER WAY,LEANDER,78641,246,722511,casual_full_service,,,,,,Cedar Park / Leander,,78641,,MB200132556|1
MB200132853,1,32092202145,PLUTTO'S TAVERN,101 LIMMER LOOP STE 600,ROUND ROCK,78665,246,722410,bar,,,,,,Round Rock / Georgetown,,78665,,MB200132853|1
MB200132988,3,32071008950,ALEIDAS LATIN FOOD,2005 LITTLE ELM TRL STE 300,CEDAR PARK,78613,246,722330,food_truck,,,,,,Cedar Park / Leander,,78613,,MB200132988|3
MB200133340,1,32088967503,THE GREEK BAR,534 E OLTORF ST,AUSTIN,78704,227,722511,casual_full_service,-97.750047,30.236927,off_greater_south_river_city,,,Greater South River City,1.68,78704,,MB200133340|1
MB200133555,9,11615633655,BRAZOS CONCESSIONS CO/SALT LICK JOINT VENTURE,3600 PRESIDENTIAL BLVD STE 8,AUSTIN,78719,227,722511,casual_full_service,-97.666989,30.202629,,,,Austin: Southeast / Del Valle,5.95,78719,,MB200133555|9
MB200133566,1,32091964984,THE BAYOU SHACK,2250 E PALM VALLEY BLVD STE 215,ROUND ROCK,78665,246,722511,casual_full_service,,,,,,Round Rock / Georgetown,,78665,,MB200133566|1
MB200133583,1,32092656167,FUEGO TORTILLA GRILL,913 N INTERSTATE 35,SAN MARCOS,78666,105,722513,fast_casual,,,,,,Hays County,,78666,,MB200133583|1
MB200133666,1,32053284991,GARCIA'S MEXICAN RESTAURANT,104 MAIN ST,BUDA,78610,105,722511,casual_full_service,,,,,,Hays County,,78610,,MB200133666|1
MB200133869,1,32087420793,HAYWIRE,11501 ROCK ROSE AVE STE 100,AUSTIN,78758,227,722511,casual_full_service,-97.722696,30.401331,off_north_burnet_gateway,,,North Burnet/Gateway,13.02,78758,,MB200133869|1
MB200134203,1,32094990598,RENAISSANCE AUSTIN DOWNTOWN,701 E 11TH ST,AUSTIN,78701,227,,unclassified,-97.734305,30.27085,dt_core,Downtown,,,4.18,78701,,MB200134203|1
MB200134231,1,32061565035,BLUE DAHLIA BISTRO,107 E HOPKINS ST,SAN MARCOS,78666,105,722511,casual_full_service,,,,,,Hays County,,78666,,MB200134231|1
MB200134278,1,32073041637,SIXTY VINES,3401 ESPERANZA XING STE 100,AUSTIN,78758,227,722511,casual_full_service,-97.726798,30.400571,off_north_burnet_gateway,,,North Burnet/Gateway,12.92,78758,,MB200134278|1
MB200134386,1,32095155977,"SUSHI JAPON & HIBACHI GRILL, LLC",4815 W BRAKER LN STE 580,AUSTIN,78759,227,722511,casual_full_service,-97.747618,30.400723,,,,Austin: Northwest,12.77,78759,,MB200134386|1
MB200135475,1,32094972455,RADIO ROSEWOOD,1115 E 11TH ST,AUSTIN,78702,227,722511,casual_full_service,-97.728437,30.268907,east_12th,East Austin,East 12th and north,,4.23,78702,,MB200135475|1
MB200135588,1,32067553811,FREDDO ATX,2336 S CONGRESS AVE,AUSTIN,78704,227,722511,casual_full_service,-97.753507,30.238793,soco,South Congress,,,1.69,78704,,MB200135588|1
MB200135606,1,32095190891,WHISKEY TANGO FOXTROT,1501 E 7TH ST,AUSTIN,78702,227,722410,bar,-97.727054,30.264314,east_6th_7th,East Austin,East 6th / 7th,,4.01,78702,,MB200135606|1
MB200135625,1,32080244695,AN NYEONG K-TOFU & BBQ,5011 BURNET RD STE 150,AUSTIN,78756,227,722511,casual_full_service,-97.739331,30.321807,off_rosedale,,,Rosedale,7.44,78756,,MB200135625|1
MB200135831,1,32090089817,TEXAS LAND & CATTLE,5510 S INTERSTATE 35 STE C,AUSTIN,78745,227,722511,casual_full_service,-97.762781,30.200668,off_east_congress_sweetbriar_west_congress,,,East Congress / Sweetbriar / West Congress,1.11,78745,,MB200135831|1
MB200135915,21,32043244923,FIVE FOUR RESTAURANT & DRAFTHOUSE,1320 E NEW HOPE DR,CEDAR PARK,78613,246,722511,casual_full_service,,,,,,Cedar Park / Leander,,78613,,MB200135915|21
MB200136032,1,32088219418,"LONESTAR LIBATIONS, LLC",9515 HERGOTZ LN UNIT B,AUSTIN,78742,227,722410,bar,-97.652398,30.236477,,,,,6.88,78742,,MB200136032|1
MB200136069,1,32092724858,TU PEPITO,13343 N HIGHWAY 183 STE 270,AUSTIN,78750,246,722513,fast_casual,,,,,,Austin: Northwest,,78750,,MB200136069|1
MB200136627,1,32094536839,EL MARIACHIS MEXICAN RESTAURANT & BAR,14801 W STATE HIGHWAY 29,LIBERTY HILL,78642,246,722511,casual_full_service,,,,,,Cedar Park / Leander,,78642,,MB200136627|1
MB200136636,1,32086683771,MEAN EYED CAT DRIFTWOOD,8750 W RANCH ROAD 150,DRIPPING SPRINGS,78619,105,722410,bar,,,,,,Hays County,,78619,,MB200136636|1
MB200136832,1,32091969884,MOTHER'S RUIN,1401 E 6TH ST UNIT 204,AUSTIN,78702,227,722511,casual_full_service,-97.728461,30.263702,east_6th_7th,East Austin,East 6th / 7th,,3.93,78702,,MB200136832|1
MB200137036,2,32093793860,HIGH ROAD,915 W MARY ST,AUSTIN,78704,227,722513,fast_casual,-97.761649,30.248202,off_bouldin_creek,,,Bouldin Creek,2.2,78704,,MB200137036|2
MB200137075,1,32092598435,CAFE LARGESSE,2800 BARTON CREEK BLVD STE 104,AUSTIN,78735,227,,unclassified,-97.873332,30.288277,,,,Austin: Southwest,8.13,78735,,MB200137075|1
MB200137315,4,17420173118,POK-E-JO'S SMOKEHOUSE INC,1150 N INTERSTATE 35 STE 700,ROUND ROCK,78681,246,722513,fast_casual,,,,,,Round Rock / Georgetown,,78681,,MB200137315|4
MB200137391,1,32094452359,SUSHI NINI,117 LOUIS HENNA BLVD STE 160,ROUND ROCK,78664,246,722511,casual_full_service,,,,,,Round Rock / Georgetown,,78664,,MB200137391|1
MB200137451,1,32094610485,THE BACKWOOD BAR,12010 MANCHACA RD,AUSTIN,78748,227,722410,bar,-97.833045,30.144194,,,,Austin: Far South,6.43,78748,,MB200137451|1
MB200137630,1,32044991662,ODAKU,2501 W PARMER LN STE 500,AUSTIN,78727,227,722511,casual_full_service,-97.702213,30.41902,,,,Austin: North,14.49,78727,,MB200137630|1
MB200137962,1,32080662524,TOSHOKAN,807 E 4TH ST UNIT 4,AUSTIN,78702,227,722513,fast_casual,-97.734675,30.263747,east_holly_ecc,East Austin,Holly / East Cesar Chavez,,3.74,78702,,MB200137962|1
MB200138124,1,32093225343,LA DOSIS,300 W WHITESTONE BLVD,CEDAR PARK,78613,246,722511,casual_full_service,,,,,,Cedar Park / Leander,,78613,,MB200138124|1
MB200138131,1,32094695148,ALOFT/ELEMENT AUSTIN DT,109 E 7TH ST,AUSTIN,78701,227,722410,bar,-97.741896,30.268816,dt_core,Downtown,,,3.87,78701,,MB200138131|1
MB200138251,1,32094747261,CANYON GRILLE,103 YACHT CLUB CV,LAKEWAY,78734,227,722511,casual_full_service,,,,,,Westlake / Lakeway,,78734,,MB200138251|1
MB200138259,1,32092002495,REVENGE BAR,507 WEST AVE,AUSTIN,78701,227,722410,bar,-97.75081,30.269722,dt_2nd_warehouse,2nd Street / Warehouse,,,3.77,78701,,MB200138259|1
MB200138453,2,32079728559,PAPERCUT,908 E 5TH ST STE 106-107,AUSTIN,78702,227,722410,bar,-97.733607,30.264399,east_6th_7th,East Austin,East 6th / 7th,,3.81,78702,,MB200138453|2
MB200138606,1,32095433457,SATELLITE BISTRO,5900 W SLAUGHTER LN STE 400C,AUSTIN,78749,227,722511,casual_full_service,-97.87843,30.200604,,,,Austin: Southwest,6.84,78749,,MB200138606|1
MB200138720,1,32072864989,THE RAINEY HOUSE,76 RAINEY ST,AUSTIN,78701,227,722410,bar,-97.738677,30.259108,dt_rainey,Rainey Street,,,3.34,78701,,MB200138720|1
MB200138738,1,32091253206,LEONA BOTANICAL CAFE AND BAR,6405 BRODIE LN,SUNSET VALLEY,78745,227,722511,casual_full_service,,,,,,Westlake / Lakeway,,78745,,MB200138738|1
MB200138804,1,32086795088,OAKWOOD SODA SHOP AND BAR,2500 BEVERLY DR STE 102-105,DRIPPING SPRINGS,78620,105,722511,casual_full_service,,,,,,Hays County,,78620,,MB200138804|1
MB200138850,1,32095789130,WILD WEST CEDAR PARK,401 E WHITESTONE BLVD,CEDAR PARK,78613,246,722410,bar,,,,,,Cedar Park / Leander,,78613,,MB200138850|1
MB200139033,1,32090525612,SUSHI BAR,419 W 2ND ST,AUSTIN,78701,227,722511,casual_full_service,-97.747964,30.265374,dt_2nd_warehouse,2nd Street / Warehouse,,,3.53,78701,,MB200139033|1
MB200139103,1,32095010222,CAPITOL CAFE,1836 SAN JACINTO BLVD,AUSTIN,78701,227,722513,fast_casual,-97.735789,30.279784,dt_core,Downtown,,,4.71,78701,,MB200139103|1
MB200139435,1,32103986827,PADEL39,2510 RUTLAND DR,AUSTIN,78758,227,,unclassified,-97.723779,30.383331,off_north_burnet_gateway,,,North Burnet/Gateway,11.79,78758,,MB200139435|1
MB200139615,1,32084400541,SLEAMOND'S ICE LLC,1401 S INTERSTATE 35 STE 130,ROUND ROCK,78664,246,722410,bar,,,,,,Round Rock / Georgetown,,78664,,MB200139615|1
MB200139866,2,32095107838,NEON ARMADILLO WTX LLC,9595 RANCH ROAD 12 STE 11,WIMBERLEY,78676,105,722511,casual_full_service,,,,,,Hays County,,78676,,MB200139866|2
MB200140088,1,32068824203,NEW SITARA INDIAN CUISINE,1779 WELLS BRANCH PKWY STE 102,AUSTIN,78728,227,722511,casual_full_service,-97.674437,30.436135,,,,Austin: North,16.11,78728,,MB200140088|1
MB200140227,1,32094321638,ELEMENT NORTH AUSTIN/TECH RIDGE,900 E PARMER LN,AUSTIN,78753,227,,unclassified,-97.655319,30.400165,,,,Austin: North,14.28,78753,,MB200140227|1
MB200140360,2,32077728130,THE BYGONE,10600 RANCH ROAD 12,WIMBERLEY,78676,105,,unclassified,,,,,,Hays County,,78676,,MB200140360|2
MB200140496,1,32090352066,CAFE JAVA ROUND ROCK,2051 GATTIS SCHOOL RD,ROUND ROCK,78664,246,722511,casual_full_service,,,,,,Round Rock / Georgetown,,78664,,MB200140496|1
MB200140735,1,32092530305,ANOTHER BROKEN EGG CAFE,9600 S INTERSTATE 35 STE C100,AUSTIN,78748,227,722511,casual_full_service,-97.788818,30.160876,,,,Austin: Far South,4.09,78748,,MB200140735|1
MB200140890,1,32095968734,JUNIPER COCKTAILS & KITCHEN,200 W 6TH ST STE 100,GEORGETOWN,78626,246,722513,fast_casual,,,,,,Round Rock / Georgetown,,78626,,MB200140890|1
MB200141015,1,32095961408,VICTORY LAP,504 W 24TH ST STE B,AUSTIN,78705,227,722410,bar,-97.742768,30.287787,off_central_austin,,,Central Austin,5.1,78705,,MB200141015|1
MB200141019,2,32066023634,CRAWFISH ATX,9600 S INTERSTATE 35 STE D300,AUSTIN,78748,227,722511,casual_full_service,-97.788818,30.160876,,,,Austin: Far South,4.09,78748,,MB200141019|2
MB200141185,3,32076290744,LORO ASIAN SMOKEHOUSE - AUSTIN DOMAIN,11601 DOMAIN DR STE 200,AUSTIN,78758,227,722513,fast_casual,-97.723991,30.402926,off_north_burnet_gateway,,,North Burnet/Gateway,13.11,78758,,MB200141185|3
MB200141187,1,32038256833,UCHIKO,4200 N LAMAR BLVD STE 140,AUSTIN,78756,227,722511,casual_full_service,-97.740047,30.309954,off_rosedale,,,Rosedale,6.63,78756,,MB200141187|1
MB200141225,2,32086966119,GHAMA ZONE KOREAN FOOD,118 E MAIN ST,ROUND ROCK,78664,246,722511,casual_full_service,,,,,,Round Rock / Georgetown,,78664,,MB200141225|2
MB200141755,2,32095579119,OAK HILL LOUNGE,6705 W HIGHWAY 290 STE 107,AUSTIN,78735,227,,unclassified,,,,,,Austin: Southwest,,78735,,MB200141755|2
MB200141881,5,32034833387,TAQUERIA LOS ALTOS,6700 MIDDLE FISKVILLE RD STE 404-405,AUSTIN,78752,227,722511,casual_full_service,-97.706541,30.32914,off_st_john_coronado_hills,,,St. John Coronado Hills,8.53,78752,,MB200141881|5
MB200141917,1,32077947441,SAN PEDRO LIMON MEXICAN FOOD,905 N AUSTIN AVE,GEORGETOWN,78626,246,722513,fast_casual,,,,,,Round Rock / Georgetown,,78626,,MB200141917|1
MB200141937,1,32092761504,HISSY FIT,9761 GREAT HILLS TRL,AUSTIN,78759,227,722511,casual_full_service,-97.750194,30.394285,,,,Austin: Northwest,12.31,78759,,MB200141937|1
MB200142069,2,32093557711,BANJOO,5222 BURNET RD STE 500,AUSTIN,78756,227,722511,casual_full_service,-97.739527,30.324538,off_allandale,,,Allandale,7.62,78756,,MB200142069|2
MB200142245,1,32092297814,GEN AUSTIN LP,6406 N INTERSTATE 35 STE 1400,AUSTIN,78752,227,722511,casual_full_service,-97.705551,30.325827,off_st_john_coronado_hills,,,St. John Coronado Hills,8.35,78752,,MB200142245|1
MB200142310,1,32095570902,MAIKO SUSHI LOUNGE,207 SAN JACINTO BLVD STE 202,AUSTIN,78701,227,722511,casual_full_service,-97.741657,30.264025,dt_core,Downtown,,,3.57,78701,,MB200142310|1
MB200142719,1,32073190459,RESIDENCE INN GEORGETOWN,934 W UNIVERSITY AVE,GEORGETOWN,78626,246,,unclassified,,,,,,Round Rock / Georgetown,,78626,,MB200142719|1
MB200142891,1,32085788480,LOS PINOS,11715 FM 2244,BEE CAVE,78738,227,722511,casual_full_service,,,,,,Westlake / Lakeway,,78738,,MB200142891|1
MB200144261,3,32086861724,TAQUERIA CHAPALA #6,16649 INTERSTATE 35 STE 101,BUDA,78610,105,722511,casual_full_service,,,,,,Hays County,,78610,,MB200144261|3
MB200144275,1,32090397855,TAPVILLE SOCIAL EATERY & SELF-POUR,1836 SAN JACINTO BLVD,AUSTIN,78701,227,722511,casual_full_service,-97.735789,30.279784,dt_core,Downtown,,,4.71,78701,,MB200144275|1
MB200145294,1,32050964678,CEDRO,14028 N HIGHWAY 183 STE 210,AUSTIN,78717,246,722511,casual_full_service,,,,,,Austin: Northwest,,78717,,MB200145294|1
MB200145397,2,32094102533,700 RIVER BAR,700 RIVER ST,AUSTIN,78701,227,722410,bar,-97.739146,30.257864,dt_rainey,Rainey Street,,,3.25,78701,,MB200145397|2
MB200145568,1,32037434126,EL MESON TEQUILERIA,2038 S LAMAR BLVD,AUSTIN,78704,227,722511,casual_full_service,-97.76903,30.248721,slamar,South Lamar,,,2.23,78704,,MB200145568|1
MB200145654,6,32085095894,TIKKA HOUSE,2026 S LAMAR BLVD,AUSTIN,78704,227,722511,casual_full_service,-97.768661,30.248847,slamar,South Lamar,,,2.24,78704,,MB200145654|6
MB200145874,2,32096458339,THE PEACHED TORTILLA,1915 E WHITESTONE BLVD,CEDAR PARK,78613,246,722511,casual_full_service,,,,,,Cedar Park / Leander,,78613,,MB200145874|2
MB200146047,2,32065751292,NANH KITCHEN LLC,2800 E PALM VALLEY BLVD UNIT 180,ROUND ROCK,78665,246,722511,casual_full_service,,,,,,Round Rock / Georgetown,,78665,,MB200146047|2
MB200146140,3,32096458339,PEACHED TORTILLA,5520 BURNET RD,AUSTIN,78756,227,722511,casual_full_service,-97.739926,30.330464,off_allandale,,,Allandale,8.02,78756,,MB200146140|3
MB200146286,1,32096042901,"OCEAN BLUE THAI CUISINE, OYSTER BAR & SEAFOOD",5695 KYLE PKWY STE 100,KYLE,78640,105,722511,casual_full_service,,,,,,Hays County,,78640,,MB200146286|1
MB200146368,1,32093114000,KANJI RAMEN,12636 RESEARCH BLVD STE C101,AUSTIN,78759,227,722511,casual_full_service,-97.764814,30.431467,,,,Austin: Northwest,14.85,78759,,MB200146368|1
MB200146710,3,32061207554,HAO HAO,19392 RONALD W REAGAN BLVD STE 500,GEORGETOWN,78628,246,722511,casual_full_service,,,,,,Round Rock / Georgetown,,78628,,MB200146710|3
MB200146721,1,32093982935,X-GOLF,12301 W PARMER LN STE 105,CEDAR PARK,78613,246,,unclassified,,,,,,Cedar Park / Leander,,78613,,MB200146721|1
MB200146897,1,32086748822,ELECTRIC GRAVY,1050 E 11TH ST STE 100,AUSTIN,78702,227,722511,casual_full_service,-97.729191,30.269175,east_12th,East Austin,East 12th and north,,4.23,78702,,MB200146897|1
MB200146934,1,32096910842,SIP & SMASH LLC,19903 FM 685 # B,PFLUGERVILLE,78660,227,722511,casual_full_service,,,,,,Pflugerville / Manor,,78660,,MB200146934|1
MB200147004,2,32078231290,HOTEL INDIGO AUSTIN DOWNTOWN,810 RED RIVER ST,AUSTIN,78701,227,722410,bar,-97.736299,30.268905,dt_core,Downtown,,,4.01,78701,,MB200147004|2
MB200147305,1,32096485654,SAMMATARO SPORTS & REC.,519 W 37TH ST,AUSTIN,78705,227,722511,casual_full_service,-97.738595,30.301971,off_central_austin,,,Central Austin,6.11,78705,,MB200147305|1
MB200147669,2,32089304748,MATAS RESTAURANT & FRUTERIA,1350 S OLD BASTROP HWY STE 101,SAN MARCOS,78666,105,722511,casual_full_service,,,,,,Hays County,,78666,,MB200147669|2
MB200147928,1,32091164585,THE KIMBERLY,200 W 6TH ST STE 100,AUSTIN,78701,227,722511,casual_full_service,-97.744136,30.268422,dt_2nd_warehouse,2nd Street / Warehouse,,,3.8,78701,,MB200147928|1
MB200147961,1,32096405181,JW MARRIOTT AUSTIN,110 E 2ND ST,AUSTIN,78701,227,722410,bar,-97.743569,30.264148,dt_core,Downtown,,,3.54,78701,,MB200147961|1
MB200147987,1,32096719227,THE OTIS/AC HOTEL AUSTIN DT/UT,1901 SAN ANTONIO ST,AUSTIN,78705,227,722410,bar,-97.743222,30.282118,dt_core,Downtown,,,4.72,78705,,MB200147987|1
MB200148204,1,32088611762,PAPERBOY,1401 S LAMAR BLVD UNIT 1102,AUSTIN,78704,227,722511,casual_full_service,-97.763701,30.252797,slamar,South Lamar,,,2.51,78704,,MB200148204|1
MB200148284,1,32096970671,CR@ZY CONCHAZ,87 RAINEY ST,AUSTIN,78701,227,722511,casual_full_service,-97.738355,30.259963,dt_rainey,Rainey Street,,,3.4,78701,,MB200148284|1
MB200148393,2,32053310887,THE BON AIRE,9070 RESEARCH BLVD STE 101,AUSTIN,78758,227,722511,casual_full_service,-97.727776,30.373497,off_north_shoal_creek,,,North Shoal Creek,11.07,78758,,MB200148393|2
MB200148815,1,32092054561,TUMBLE 22,1104 THORPE LN STE D,SAN MARCOS,78666,105,722511,casual_full_service,,,,,,Hays County,,78666,,MB200148815|1
MB200148831,1,32089804994,KOCHU,8820 BURNET RD STE 502,AUSTIN,78757,227,722513,fast_casual,-97.72694,30.371087,off_north_shoal_creek,,,North Shoal Creek,10.92,78757,,MB200148831|1
MB200148947,1,32096238087,FARMAND'S,5145 RANCH ROAD 620 N STE C,AUSTIN,78732,227,722511,casual_full_service,,,,,,Austin: Northwest,,78732,,MB200148947|1
MB200149032,2,32047240257,THE AUSTIN BEER GARDEN BREWING CO,1305 W OLTORF ST STE 200,AUSTIN,78704,227,722511,casual_full_service,-97.769177,30.246339,slamar,South Lamar,,,2.07,78704,,MB200149032|2
MB200149267,1,32095805779,GRANNY'S TACO CAFE,1401 E 7TH ST,AUSTIN,78702,227,722515,cafe_bakery,-97.727942,30.264641,east_6th_7th,East Austin,East 6th / 7th,,4.0,78702,,MB200149267|1
MB200149479,1,32081085626,PLUCKERS WING BAR,9600 S INTERSTATE 35 BLDG A,AUSTIN,78748,227,722511,casual_full_service,-97.788818,30.160876,,,,Austin: Far South,4.09,78748,,MB200149479|1
MB200149746,2,32096930543,WU CHOW,500 W 5TH ST STE 168,AUSTIN,78701,227,722511,casual_full_service,-97.747714,30.268387,dt_2nd_warehouse,2nd Street / Warehouse,,,3.73,78701,,MB200149746|2
MB200149749,1,32096930543,SWIFT'S ATTIC,315 CONGRESS AVE STE 200,AUSTIN,78701,227,722511,casual_full_service,-97.743669,30.265784,dt_2nd_warehouse,2nd Street / Warehouse,,,3.64,78701,,MB200149749|1
MB200149896,1,32097264082,COURTYARD CLUB,5608 COURTYARD DR,AUSTIN,78731,227,722511,casual_full_service,-97.790614,30.353436,,,,Austin: Northwest,9.58,78731,,MB200149896|1
MB200150205,51,12057184488,CHUY'S #6102,724 HIGHWAY 79,HUTTO,78634,246,722511,casual_full_service,,,,,,Round Rock / Georgetown,,78634,,MB200150205|51
MB200150251,4,32091164833,GRAPES AND RYE,3333 COUNTY ROAD 119 STE 28-29,HUTTO,78634,246,722515,cafe_bakery,,,,,,Round Rock / Georgetown,,78634,,MB200150251|4
MB200150264,86,17527408888,TEXAS ROADHOUSE,19073 INTERSTATE 35,KYLE,78640,105,722511,casual_full_service,,,,,,Hays County,,78640,,MB200150264|86
MB200150368,2,32061668920,PIG PEN BBQ,301 W HIGHWAY 290,DRIPPING SPRINGS,78620,105,722513,fast_casual,,,,,,Hays County,,78620,,MB200150368|2
MB200150375,1,32096959567,THE LOREN AT LADY BIRD LAKE,1211 W RIVERSIDE DR,AUSTIN,78704,227,,unclassified,-97.756858,30.264377,off_barton_hills_galindo_south_lamar_zilker,,,Barton Hills / Galindo / South Lamar / Zilker,3.34,78704,,MB200150375|1
MB200150403,1,32097275047,SAMI SUMELI,401 E WHITESTONE BLVD STE A101,CEDAR PARK,78613,246,722511,casual_full_service,,,,,,Cedar Park / Leander,,78613,,MB200150403|1
MB200150448,1,32096527315,THE ALL GOOD,601 E WHITESTONE BLVD STE 500,CEDAR PARK,78613,246,722410,bar,,,,,,Cedar Park / Leander,,78613,,MB200150448|1
MB200150566,2,32089970928,SALERNO CUCINA ITALIANA,1310 CYPRESS CREEK RD STE 120,CEDAR PARK,78613,246,722511,casual_full_service,,,,,,Cedar Park / Leander,,78613,,MB200150566|2
MB200150669,1,32064863940,NECTARINE,2001 W HIGHWAY 290 STE 116,DRIPPING SPRINGS,78620,105,722511,casual_full_service,,,,,,Hays County,,78620,,MB200150669|1
MB200150989,1,32090502678,BUFFALO WILD WINGS,1400 AQUARENA SPRINGS DR,SAN MARCOS,78666,105,722511,casual_full_service,,,,,,Hays County,,78666,,MB200150989|1
MB200151623,1,32043611659,MORT SUBITE,308 CONGRESS AVE,AUSTIN,78701,227,722410,bar,-97.743765,30.265533,dt_2nd_warehouse,2nd Street / Warehouse,,,3.62,78701,,MB200151623|1
MB200151668,1,32096421972,OZ. TAP HOUSE,12432 FM 2244 RD,BEE CAVE,78738,227,722513,fast_casual,,,,,,Westlake / Lakeway,,78738,,MB200151668|1
MB200151709,1,32068754764,SABOR COLOMBIA,1318 ROUND ROCK AVE,ROUND ROCK,78681,246,722511,casual_full_service,,,,,,Round Rock / Georgetown,,78681,,MB200151709|1
MB200152015,1,32093853979,SHORT MAMA'S BISTRO,101 S COLLEGE ST,DRIPPING SPRINGS,78620,105,722511,casual_full_service,,,,,,Hays County,,78620,,MB200152015|1
MB200152423,1,32096006179,SAND & SIP SOCIAL LLC,5350 COUNTY ROAD 100,HUTTO,78634,246,722511,casual_full_service,,,,,,Round Rock / Georgetown,,78634,,MB200152423|1
MB200152433,2,32087373869,TIAN TIAN GOLDEN PALACE SEAFOOD AND DIM SUM,10901 N LAMAR BLVD STE A1,AUSTIN,78753,227,722511,casual_full_service,-97.688289,30.378497,off_north_lamar,,,North Lamar,12.1,78753,,MB200152433|2
MB200152455,2,32097404977,1872 GOLF CLUB,5373 WILLIAMS DR STE 100,GEORGETOWN,78633,246,722410,bar,,,,,,Round Rock / Georgetown,,78633,,MB200152455|2
MB200152561,2,32097703931,BUNZ N CHIX,5401 S FM 1626 STE 305,KYLE,78640,105,722511,casual_full_service,,,,,,Hays County,,78640,,MB200152561|2
MB200152859,1,32034554140,TAQUERIA CHAPALA #4,717 E BEN WHITE BLVD,AUSTIN,78704,227,722511,casual_full_service,-97.756036,30.218393,off_east_congress_sweetbriar_west_congress,,,East Congress / Sweetbriar / West Congress,0.57,78704,,MB200152859|1
MB200152863,1,32067337082,LOS ENCINOS FOOD & REFRESHMENTS,3540 COUNTY ROAD 100,HUTTO,78634,246,722513,fast_casual,,,,,,Round Rock / Georgetown,,78634,,MB200152863|1
MB200152901,2,32091138266,GEORGIE'S,209 W 8TH ST,GEORGETOWN,78626,246,722410,bar,,,,,,Round Rock / Georgetown,,78626,,MB200152901|2
MB200153035,1,32094280123,THATS MY JAM,12815 SHOPS PKWY STE 100,BEE CAVE,78738,227,722511,casual_full_service,,,,,,Westlake / Lakeway,,78738,,MB200153035|1
MB200153183,1,32096754505,DISH SOCIETY,1600 S 1ST ST STE 110,AUSTIN,78704,227,722511,casual_full_service,-97.755174,30.24939,slamar,South Lamar,,,2.35,78704,,MB200153183|1
MB200153290,3,32092570228,ROUND ROCK WINE & SPIRITS,3701 GATTIS SCHOOL RD STE 600,ROUND ROCK,78664,246,722410,bar,,,,,,Round Rock / Georgetown,,78664,,MB200153290|3
MB200153341,1,32097545258,OUMI SUSHI,13945 N HIGHWAY 183 STE D180,AUSTIN,78717,246,722511,casual_full_service,,,,,,Austin: Northwest,,78717,,MB200153341|1
MB200153353,1,32092394272,MAJOR'S BURGERS & BAR,15399 W STATE HIGHWAY 29 STE 106,LIBERTY HILL,78642,246,722511,casual_full_service,,,,,,Cedar Park / Leander,,78642,,MB200153353|1
MB200153486,1,32095804442,VERENA AT LEANDER,11350 HERO WAY W,LEANDER,78641,246,,unclassified,,,,,,Cedar Park / Leander,,78641,,MB200153486|1
MB200153501,9,32044361890,HAT CREEK BURGER COMPANY,371 OLD SAN ANTONIO RD,BUDA,78610,105,722511,casual_full_service,,,,,,Hays County,,78610,,MB200153501|9
MB200153574,1,32097836889,MASFAJITAS RESTAURANT,15119 N INTERSTATE 35 STE B,PFLUGERVILLE,78660,227,722511,casual_full_service,,,,,,Pflugerville / Manor,,78660,,MB200153574|1
MB200153806,2,32079356807,LE CALAMAR,1600 S 1ST ST STE 100,AUSTIN,78704,227,722511,upscale_casual,-97.755174,30.24939,slamar,South Lamar,,,2.35,78704,,MB200153806|2
MB200153874,1,32084123267,TINY GROCER,4300 SPEEDWAY STE 101,AUSTIN,78751,227,,unclassified,-97.729821,30.306466,off_hyde_park,,,Hyde Park,6.56,78751,,MB200153874|1
MB200154008,1,32088757524,PINS MECHANICAL CO. AUSTIN LLC,4323 S CONGRESS AVE,AUSTIN,78745,227,722410,bar,-97.766544,30.218752,off_east_congress_sweetbriar_west_congress,,,East Congress / Sweetbriar / West Congress,0.17,78745,,MB200154008|1
MB200154084,1,32095690387,CAMBRIA HOTEL AUSTIN DOWNTOWN,68 EAST AVE,AUSTIN,78701,227,,unclassified,-97.737906,30.258185,dt_rainey,Rainey Street,,,3.31,78701,,MB200154084|1
MB200154101,52,12057184488,CHUY'S #6104,126 RALPH ABLANEDO DR,AUSTIN,78748,227,722511,casual_full_service,-97.787232,30.173677,,,,Austin: Far South,3.24,78748,,MB200154101|52
MB200154181,2,32056010658,HOUSE WINE,1711 S 1ST ST,AUSTIN,78704,227,722410,bar,-97.755778,30.247613,slamar,South Lamar,,,2.22,78704,,MB200154181|2
MB200154258,1,32081161096,LOGIES ON THE SQUARE,150 S LBJ DR,SAN MARCOS,78666,105,722410,bar,,,,,,Hays County,,78666,,MB200154258|1
MB200154380,1,32085905993,ROXIE'S,308 S MAIN ST STE 101,BUDA,78610,105,722511,casual_full_service,,,,,,Hays County,,78610,,MB200154380|1
MB200154432,1,32086757138,JACK ALLEN'S KITCHEN,211 CO OP BLVD,HUTTO,78634,246,722511,casual_full_service,,,,,,Round Rock / Georgetown,,78634,,MB200154432|1
MB200154532,1,32096395788,FISH SHOP,1401 E 6TH ST,AUSTIN,78702,227,722511,upscale_casual,-97.728461,30.263702,east_6th_7th,East Austin,East 6th / 7th,,3.93,78702,,MB200154532|1
MB200154634,1,32096101830,CONEJOS TEX MEX CANTINA,2082 HIGHWAY 183 STE 150,LEANDER,78641,246,722511,casual_full_service,,,,,,Cedar Park / Leander,,78641,,MB200154634|1
MB200154656,1,32096829885,THE BUTCHER'S DAUGHTER,1600 S CONGRESS AVE,AUSTIN,78704,227,722511,casual_full_service,-97.750278,30.247951,soco,South Congress,,,2.35,78704,,MB200154656|1
MB200154702,2,17427882232,AUSTIN CATERING CO,834 KRAMER LN,AUSTIN,78758,227,722511,casual_full_service,-97.688486,30.379933,off_north_austin_civic_association,,,North Austin Civic Association,12.18,78758,,MB200154702|2
MB200154782,2,32097521499,LAS 7 CAZUELAS,2700 W PECAN ST STE 900,PFLUGERVILLE,78660,227,722511,casual_full_service,,,,,,Pflugerville / Manor,,78660,,MB200154782|2
MB200154863,1,32098240404,LIBERTY HILL BEER MARKET,13851 W STATE HIGHWAY 29,LIBERTY HILL,78642,246,722511,casual_full_service,,,,,,Cedar Park / Leander,,78642,,MB200154863|1
MB200155291,1,32098302394,QUATTRO GATTI RISTORANTE E PIZZERIA,908 CONGRESS AVE,AUSTIN,78701,227,722511,casual_full_service,-97.741663,30.271162,dt_core,Downtown,,,4.03,78701,,MB200155291|1
MB200155597,1,32097480720,OTSU ASIAN BISTRO & SUSHI BAR,407 S STAGECOACH TRL STE 101,SAN MARCOS,78666,105,722511,casual_full_service,,,,,,Hays County,,78666,,MB200155597|1
MB200155885,1,32096801686,SAN JUANITA'S TACOS,4619 S CONGRESS AVE STE E,AUSTIN,78745,227,722511,casual_full_service,-97.768781,30.215163,off_east_congress_sweetbriar_west_congress,,,East Congress / Sweetbriar / West Congress,0.23,78745,,MB200155885|1
MB200156082,2,32096947919,CITIZEN AND THE EGG,4818 BURNET RD STE 600,AUSTIN,78756,227,722511,casual_full_service,-97.739161,30.319467,off_brentwood_highland,,,Brentwood/Highland,7.28,78756,,MB200156082|2
MB200156235,1,32097706082,KEITHS PLACE,12261 W FM 487,FLORENCE,76527,246,722410,bar,,,,,,,,76527,,MB200156235|1
MB200156381,2,32072990511,ALOFT AUSTIN,4108 S INTERSTATE 35,AUSTIN,78745,227,,unclassified,-97.751678,30.214845,off_southeast,,,Southeast,0.82,78745,,MB200156381|2
MB200156538,5,30006198110,VFW POST #10427,8760 FM 2243,LEANDER,78641,246,,unclassified,,,,,,Cedar Park / Leander,,78641,,MB200156538|5
MB200156541,1,32098155669,JALISCO'S RESTAURANT & BAR,6601 S CONGRESS AVE,AUSTIN,78745,227,722511,casual_full_service,-97.778285,30.194388,off_east_congress_sweetbriar_west_congress,,,East Congress / Sweetbriar / West Congress,1.72,78745,,MB200156541|1
MB200156691,2,32097239514,HILTON GARDEN INN AUSTIN NORTH,12400 N INTERSTATE 35 STE C,AUSTIN,78753,227,,unclassified,-97.6754,30.403888,,,,Austin: North,14.01,78753,,MB200156691|2
MB200156704,1,32098335568,WAHOO'S FISH TACOS,3509 RANCH ROAD 620 N,AUSTIN,78734,227,722511,casual_full_service,,,,,,Westlake / Lakeway,,78734,,MB200156704|1
MB200156715,1,32075863558,ASADAS GRILL & COCKTAILS,501 CANYON RIDGE DR,AUSTIN,78753,227,722511,casual_full_service,-97.672463,30.403244,,,,Austin: North,14.04,78753,,MB200156715|1
MB200156786,1,32097915881,EAST PECAN LOUNGE AND CIGARS,701 W PECAN ST,PFLUGERVILLE,78660,227,,unclassified,,,,,,Pflugerville / Manor,,78660,,MB200156786|1
MB200156901,1,32093743048,1972 WOMEN'S SPORTS PUB,2530 GUADALUPE ST,AUSTIN,78705,227,,unclassified,-97.741342,30.289991,off_ut,,,UT,5.27,78705,,MB200156901|1
MB200157035,1,32098567616,WISH KITCHEN & BAR,1004 MAIN ST,LIBERTY HILL,78642,246,722511,casual_full_service,,,,,,Cedar Park / Leander,,78642,,MB200157035|1
MB200157056,1,32096124659,GROUP THERAPY,400 LAVACA ST,AUSTIN,78701,227,722410,bar,-97.745878,30.266881,dt_2nd_warehouse,2nd Street / Warehouse,,,3.67,78701,,MB200157056|1
MB200157157,1,32097068632,VESPA ROSSA,3799 E HIGHWAY 290,DRIPPING SPRINGS,78620,105,722511,casual_full_service,,,,,,Hays County,,78620,,MB200157157|1
MB200157202,163,17419968528,"UNIVERSITY FOOD SERVICES, INC.",2300 ORACLE WAY,AUSTIN,78741,227,722310,catering_contract,-97.722718,30.243309,off_east_riverside_oltorf,,,East Riverside/Oltorf,3.14,78741,,MB200157202|163
MB200157225,2,32097980141,BITES & BASIL,150 ALLIANCE BLVD STE 240,HUTTO,78634,246,722511,casual_full_service,,,,,,Round Rock / Georgetown,,78634,,MB200157225|2
MB200157364,1,32091169170,SOLSTICE,18637 FM 1431,JONESTOWN,78645,227,722410,bar,,,,,,Cedar Park / Leander,,78645,,MB200157364|1
MB200157376,1,32098215059,BUNGALOW,83 RAINEY ST,AUSTIN,78701,227,722410,bar,-97.738472,30.259652,dt_rainey,Rainey Street,,,3.38,78701,,MB200157376|1
MB200157446,2,32057454863,URBAN TACO,121 N INTERSTATE 35,GEORGETOWN,78628,246,722511,casual_full_service,,,,,,Round Rock / Georgetown,,78628,,MB200157446|2
MB200157645,4,12629044780,AC MARRIOTT AUSTIN HILL COUNTRY,7415 SOUTHWEST PKWY,AUSTIN,78735,227,,unclassified,-97.867882,30.256381,off_oak_hill,,,Oak Hill,6.71,78735,,MB200157645|4
MB200157802,1,32092305518,ARCHIES,301 N LBJ DR STE 119,SAN MARCOS,78666,105,722410,bar,,,,,,Hays County,,78666,,MB200157802|1
MB200157871,2,32090315105,NALA'S NAMASTE NEPAL GRILL & BAR,4894 W HIGHWAY 290,SUNSET VALLEY,78735,227,,unclassified,,,,,,Westlake / Lakeway,,78735,,MB200157871|2
MB200157896,1,32098806121,NUNYA,1806 E 12TH ST,AUSTIN,78702,227,722511,casual_full_service,-97.720581,30.273701,east_12th,East Austin,East 12th and north,,4.77,78702,,MB200157896|1
MB200158054,84,32084475220,"SONGWRITERS TEXAS, LLC - BIG EASY SALOON #8",15601 VISION DR,PFLUGERVILLE,78660,227,722410,bar,,,,,,Pflugerville / Manor,,78660,,MB200158054|84
MB200158077,2,32078706812,RANCHO MOONRISE,20117 LOCKWOOD RD,MANOR,78653,227,,unclassified,,,,,,Pflugerville / Manor,,78653,,MB200158077|2
MB200158224,1,32094274969,BLUEFIN SUSHI & RAMEN,9828 GREAT HILLS TRL STE 310,AUSTIN,78759,227,722511,casual_full_service,-97.748327,30.394174,,,,Austin: Northwest,12.31,78759,,MB200158224|1
MB200158394,1,32086187856,MOON FLOWER HILL,14000 FM 2769 UNIT 9,VOLENTE,78641,227,,unclassified,,,,,,Cedar Park / Leander,,78641,,MB200158394|1
MB200158426,1,32094804781,LUPE TORTILLA MEXICAN RESTAURANT,19149 INTERSTATE 35,KYLE,78640,105,722511,casual_full_service,,,,,,Hays County,,78640,,MB200158426|1
MB200158490,3,32040699673,CENOTE,1403 E 7TH ST,AUSTIN,78702,227,722511,casual_full_service,-97.727824,30.264598,east_6th_7th,East Austin,East 6th / 7th,,4.0,78702,,MB200158490|3
MB200158522,1,32097894441,BUDDY'S PLACE,8619 BURNET RD,AUSTIN,78757,227,722410,bar,-97.727535,30.368529,off_crestview_wooten,,,Crestview/Wooten,10.74,78757,,MB200158522|1
MB200158525,1,32096470235,DOS SALSAS,1104 S MAIN ST,GEORGETOWN,78626,246,722511,casual_full_service,,,,,,Round Rock / Georgetown,,78626,,MB200158525|1
MB200158741,2,32098960001,AUSTIN SOUTHPARK HOTEL,4140 GOVERNORS ROW,AUSTIN,78744,227,,unclassified,-97.750137,30.213486,off_southeast,,,Southeast,0.93,78744,,MB200158741|2
MB200159236,1,32094848622,PURELY PROVISIONS,212 W MAIN ST,ROUND ROCK,78664,246,722513,fast_casual,,,,,,Round Rock / Georgetown,,78664,,MB200159236|1
MB200159296,2,32087788413,CHEBA HUT,7101 E WILLIAM CANNON DR UNIT 400,AUSTIN,78744,227,722513,fast_casual,-97.725824,30.163216,,,,Austin: Southeast / Del Valle,4.38,78744,,MB200159296|2
MB200159436,1,32092508996,POSTINO WINE CAFE,3427 JEFFERSON ST,AUSTIN,78703,227,722511,casual_full_service,-97.751626,30.307744,off_central_west_austin,,,Central West Austin,6.35,78703,,MB200159436|1
MB200159879,1,32098779740,TASTY TRAILS,3309 W STATE HIGHWAY 29,GEORGETOWN,78628,246,722511,casual_full_service,,,,,,Round Rock / Georgetown,,78628,,MB200159879|1
MB200159982,1,32096499697,CAFE CREME,710 W CESAR CHAVEZ ST,AUSTIN,78701,227,722511,casual_full_service,-97.752266,30.265614,dt_2nd_warehouse,2nd Street / Warehouse,,,3.48,78701,,MB200159982|1
MB200160027,4,32072990511,COURTYARD ROUND ROCK,2700 HOPPE TRL,ROUND ROCK,78681,246,,unclassified,,,,,,Round Rock / Georgetown,,78681,,MB200160027|4
MB200160291,1,32101654583,MODERN BAR,610 DAVIS ST STE 100,AUSTIN,78701,227,722513,fast_casual,-97.738624,30.260223,dt_rainey,Rainey Street,,,3.41,78701,,MB200160291|1
MB200160371,1,32094933721,GT MACHI JAPAN,1019 W UNIVERSITY AVE STE 101,GEORGETOWN,78628,246,722511,casual_full_service,,,,,,Round Rock / Georgetown,,78628,,MB200160371|1
MB200160699,1,32098905584,"HILL COUNTRY HOSPITALITY BEVERAGES, LLC",3612 TUDOR BLVD,AUSTIN,78759,227,722410,bar,-97.73685,30.383937,off_north_burnet_gateway,,,North Burnet/Gateway,11.69,78759,,MB200160699|1
MB200160703,1,32099082722,HYATT PLACE AUSTIN ROUND ROCK,420 SUNDANCE PKWY,ROUND ROCK,78681,246,722410,bar,,,,,,Round Rock / Georgetown,,78681,,MB200160703|1
MB200160887,1,32088178259,HOOKY HUTTO,150 ALLIANCE BLVD STE 100,HUTTO,78634,246,,unclassified,,,,,,Round Rock / Georgetown,,78634,,MB200160887|1
MB200161136,1,32098624300,HANGHART,208 W 4TH ST STE D,AUSTIN,78701,227,722511,casual_full_service,-97.745204,30.266686,dt_2nd_warehouse,2nd Street / Warehouse,,,3.67,78701,,MB200161136|1
MB200161304,1,32084623654,LOS DOS TACOS LLC,841 SAGEBRUSH DR,AUSTIN,78758,227,722330,food_truck,-97.69226,30.374013,off_north_austin_civic_association,,,North Austin Civic Association,11.72,78758,,MB200161304|1
MB200161524,2,32067548761,SWEET SENSI,607 CONGRESS AVE,AUSTIN,78701,227,,unclassified,-97.742717,30.268345,dt_core,Downtown,,,3.82,78701,,MB200161524|2
MB200161698,1,32098498614,VIDA VERDE KITCHEN,4200 W BRAKER LN UNIT B,AUSTIN,78759,227,722511,casual_full_service,-97.739293,30.398964,off_north_burnet_gateway,,,North Burnet/Gateway,12.7,78759,,MB200161698|1
MB200161876,3,32072990511,HYATT PLACE AUSTIN AIRPORT,9532 SPIRIT OF AUSTIN,AUSTIN,78719,227,,unclassified,-97.666312,30.211005,,,,Austin: Southeast / Del Valle,5.92,78719,,MB200161876|3
MB200162783,1,32098676011,"WAKESURF SALOON, LLC",3519 RANCH ROAD 620 N,AUSTIN,78734,227,722410,bar,,,,,,Westlake / Lakeway,,78734,,MB200162783|1
MB200162833,1,32096135192,EXTRATIME LOUNGE - BAR AT HOUSE OF CHETTINAD,15241 RONALD W REAGAN BLVD STE 110,LEANDER,78641,246,,unclassified,,,,,,Cedar Park / Leander,,78641,,MB200162833|1
MB200162880,1,32097499472,FIRST WATCH EAST VILLAGE,3500 E PARMER LN STE 10140,AUSTIN,78754,227,722511,casual_full_service,-97.630232,30.375366,,,,Austin: Northeast,13.61,78754,,MB200162880|1
MB200162935,1,32099142633,SUSHI WARRIORS,4600 W GUADALUPE ST STE B5,AUSTIN,78751,227,722511,casual_full_service,-97.732479,30.313535,off_triangle_state,,,Triangle State,6.98,78751,,MB200162935|1
MB200163381,1,32092547044,MAMA BETTY'S TEX-MEX Y FOXTAIL,7001 BURNET RD STE 1101,AUSTIN,78757,227,722511,casual_full_service,-97.736615,30.346747,off_crestview_wooten,,,Crestview/Wooten,9.16,78757,,MB200163381|1
MB200163390,2,32096734440,HAJI MOTO RAMEN AND SAKE BAR,114 E 7TH ST STE 116,GEORGETOWN,78626,246,722511,casual_full_service,,,,,,Round Rock / Georgetown,,78626,,MB200163390|2
MB200163529,1,32098005351,LA FRONTERA MEXICAN GRILL,10817 RANCH ROAD 2222,AUSTIN,78730,227,722511,casual_full_service,,,,,,Austin: Northwest,,78730,,MB200163529|1
MB200163688,5,11615633655,BRAZOS CONCESSIONS CO/SALT LICK JOINT VENTURE,3600 PRESIDENTIAL BLVD STE 6,AUSTIN,78719,227,722511,casual_full_service,-97.666989,30.202629,,,,Austin: Southeast / Del Valle,5.95,78719,,MB200163688|5
MB200163808,1,32098111431,AUSTIN OYSTER CO.,2502 E CESAR CHAVEZ ST,AUSTIN,78702,227,722511,casual_full_service,-97.716631,30.254352,east_holly_ecc,East Austin,Holly / East Cesar Chavez,,3.91,78702,,MB200163808|1
MB200164143,1,32056545273,68 DEGREES,2401 LAKE AUSTIN BLVD,AUSTIN,78703,227,722511,casual_full_service,-97.772494,30.278045,off_central_west_austin,,,Central West Austin,4.27,78703,,MB200164143|1
MB200164878,1,32096749406,MERCER ST. TAPROOM,12005 W STATE HIGHWAY 290,AUSTIN,78737,227,722410,bar,,,,,,Austin: Southwest,,78737,,MB200164878|1
MB200165036,2,32099254925,AUTSIN JAVA,5404 MENCHACA RD,AUSTIN,78745,227,722511,casual_full_service,-97.796549,30.216878,off_south_austin,,,South Austin,1.86,78745,,MB200165036|2
MB200165096,1,32099795349,VERANDA BAR & RESTAURANT,109 N HIGHWAY 183,LEANDER,78641,246,722511,casual_full_service,,,,,,Cedar Park / Leander,,78641,,MB200165096|1
MB200165168,1,32097315678,REVIVE!,3401 S I-H 35 SERVICE RD,AUSTIN,78741,227,722511,casual_full_service,,,off_east_riverside_oltorf,,,East Riverside/Oltorf,,78741,zip_majority,MB200165168|1
MB200165272,1,32098826350,CAPRICE,720 CONGRESS AVE,AUSTIN,78701,227,722511,casual_full_service,-97.742181,30.269754,dt_core,Downtown,,,3.93,78701,,MB200165272|1
MB200165348,2,32096347748,SURFING CRAB,2501 S INTERSTATE 35,ROUND ROCK,78664,246,722511,casual_full_service,,,,,,Round Rock / Georgetown,,78664,,MB200165348|2
MB200165409,1,32093384686,JP'S WIMBERLEY BBQ LLC,500 RIVER RD,WIMBERLEY,78676,105,722511,casual_full_service,,,,,,Hays County,,78676,,MB200165409|1
MB200165642,4,30114280909,GEORGETOWN PALACE THEATRE,206 W 2ND ST,GEORGETOWN,78626,246,,unclassified,,,,,,Round Rock / Georgetown,,78626,,MB200165642|4
MB200165655,1,32098307625,NICA ON 4TH,117 W 4TH ST STE 101A,AUSTIN,78701,227,722410,bar,-97.744568,30.266505,dt_2nd_warehouse,2nd Street / Warehouse,,,3.67,78701,,MB200165655|1
MB200165698,1,32097004371,DESANO PIZZERIA NAPOLETANA,5701 W SLAUGHTER LN BLDG E,AUSTIN,78749,227,722513,fast_casual,-97.867013,30.20103,,,,Austin: Southwest,6.17,78749,,MB200165698|1
MB200165732,2,32077346644,HERO CIRCLE,11160 CIRCLE DR STE A,AUSTIN,78736,227,722330,food_truck,,,,,,Austin: Southwest,,78736,,MB200165732|2
MB200165746,1,32099513288,GAME SHOW BATTLE ROOMS,3220 FEATHERGRASS CT STE 128,AUSTIN,78758,227,,unclassified,-97.727716,30.394961,off_north_burnet_gateway,,,North Burnet/Gateway,12.53,78758,,MB200165746|1
MB200165938,2,32088219418,"LONESTAR LIBATIONS, LLC",9505 SHERMAN RD UNIT B & C,AUSTIN,78742,227,722410,bar,-97.664359,30.228395,,,,,6.08,78742,,MB200165938|2
MB200166007,1,32099522834,TE'KILAS MEXICAN RESTAURANT & CANTINA,5000 HUDSON BEND RD STE H,AUSTIN,78734,227,722511,casual_full_service,-97.926791,30.412183,,,,Westlake / Lakeway,16.6,78734,,MB200166007|1
MB200166055,1,32098958351,GRINS RESTAURANT,802 N LBJ DR,SAN MARCOS,78666,105,722511,casual_full_service,,,,,,Hays County,,78666,,MB200166055|1
MB200166099,2,32054630861,STEELY'S LODGE,1910 E CESAR CHAVEZ ST,AUSTIN,78702,227,722410,bar,-97.724,30.256912,east_holly_ecc,East Austin,Holly / East Cesar Chavez,,3.72,78702,,MB200166099|2
MB200166113,1,32099761408,HYATT PLACE AUSTIN CEDAR PARK,1315 E NEW HOPE DR,CEDAR PARK,78641,246,,unclassified,,,,,,Cedar Park / Leander,,78641,,MB200166113|1
MB200166120,1,32089735933,POPSTROKE,13000 HARRIS RIDGE BLVD,AUSTIN,78753,227,,unclassified,-97.655109,30.404588,,,,Austin: North,14.56,78753,,MB200166120|1
MB200166293,1,32094488569,THE MONK'S INDIAN FUSION,200 UNIVERSITY BLVD STE 500,ROUND ROCK,78665,246,722511,casual_full_service,,,,,,Round Rock / Georgetown,,78665,,MB200166293|1
MB200166309,2,17460665429,CAPITAL CITY POST NO 8787 VETERANS OF FOREIGN WARS,500 V F W RD,AUSTIN,78753,227,,unclassified,,,,,,Austin: North,,78753,,MB200166309|2
MB200166364,1,32095331925,CAFE JAVA NW AUSTIN LLC,12129 RANCH ROAD 620 N STE 102,AUSTIN,78750,246,722511,casual_full_service,,,,,,Austin: Northwest,,78750,,MB200166364|1
MB200166620,1,32099258769,WESTIN AUSTIN DOWNTOWN,310 E 5TH ST,AUSTIN,78701,227,722410,bar,-97.740335,30.266325,dt_core,Downtown,,,3.75,78701,,MB200166620|1
MB200166676,1,32095665157,THE USUAL,11101 BURNET RD UNIT 120,AUSTIN,78758,227,722410,bar,-97.720418,30.395292,off_north_burnet_gateway,,,North Burnet/Gateway,12.64,78758,,MB200166676|1
MB200166936,1,32098644761,THE DIME,103 E MAIN ST,ROUND ROCK,78664,246,722511,casual_full_service,,,,,,Round Rock / Georgetown,,78664,,MB200166936|1
MB200167115,1,32096980795,29TH STREET BALLROOM,2906 FRUTH ST,AUSTIN,78705,227,722511,casual_full_service,-97.741627,30.295313,off_central_austin,,,Central Austin,5.62,78705,,MB200167115|1
MB200167197,3,32080653267,MAX'S,2121 E 6TH ST STE 101,AUSTIN,78702,227,722511,casual_full_service,-97.718816,30.260389,east_6th_7th,East Austin,East 6th / 7th,,4.11,78702,,MB200167197|3
MB200167238,1,32092559676,ALBA,18700 FM 1431 STE A,JONESTOWN,78645,227,722511,casual_full_service,,,,,,Cedar Park / Leander,,78645,,MB200167238|1
MB200167292,1,32099819305,SKELETON KEY,4720 S CONGRESS AVE,AUSTIN,78745,227,722511,casual_full_service,-97.768952,30.214895,off_east_congress_sweetbriar_west_congress,,,East Congress / Sweetbriar / West Congress,0.24,78745,,MB200167292|1
MB200167589,12,12033698247,LIFT TIME FITNESS - SO AUSTIN,7101 S MOPAC EXPY,AUSTIN,78749,227,,unclassified,-97.841227,30.21629,off_oak_hill,,,Oak Hill,4.53,78749,,MB200167589|12
MB200167694,1,32100087934,SUGAR BABYS SPORTS BAR,116 E PARSONS ST STE B,MANOR,78653,227,722410,bar,,,,,,Pflugerville / Manor,,78653,,MB200167694|1
MB200168124,1,32095469139,C K KITCHEN & BAR,2101 MONTOPOLIS DR UNIT 23,AUSTIN,78741,227,722511,casual_full_service,-97.704314,30.223584,off_montopolis,,,Montopolis,3.68,78741,,MB200168124|1
MB200168194,3,32070181840,MORENO BARBECUE,9900 S INTERSTATE 35 STE M700,AUSTIN,78748,227,722513,fast_casual,-97.790896,30.156653,,,,Austin: Far South,4.41,78748,,MB200168194|3
MB200168247,1,32098709291,SIMPLY PHO HOUSE,905 E WHITESTONE BLVD STE A,CEDAR PARK,78613,246,722511,casual_full_service,,,,,,Cedar Park / Leander,,78613,,MB200168247|1
MB200168287,34,12033698247,LIFE TIME SOUTH LAMAR,1301 S LAMAR BLVD STE 100,AUSTIN,78704,227,,unclassified,-97.763038,30.253568,slamar,South Lamar,,,2.56,78704,,MB200168287|34
MB200168340,4,32059198625,SUDS MONKEY BREWING COMPANY,12024 US 290 W,AUSTIN,78737,105,722410,bar,,,,,,Austin: Southwest,,78737,,MB200168340|4
MB200168397,1,32099874664,HANAMI ALL YOU CAN EAT SUSHI,7020 EASY WIND DR STE 100,AUSTIN,78752,227,722511,casual_full_service,-97.718621,30.339216,off_crestview_wooten,,,Crestview/Wooten,8.92,78752,,MB200168397|1
MB200168409,1,32100263238,BRUSHY STREET COMMONS,501 N INTERSTATE 35 STE 113,AUSTIN,78702,227,722511,casual_full_service,-97.73447,30.264676,east_holly_ecc,East Austin,Holly / East Cesar Chavez,,3.8,78702,,MB200168409|1
MB200168441,1,32076087231,TURCOTTE BUTCHERS & DELICATESSEN,100 COMMONS RD STE 9,DRIPPING SPRINGS,78620,105,722513,fast_casual,,,,,,Hays County,,78620,,MB200168441|1
MB200168492,1,32075701535,RACFIT,1390 ROBERT S LIGHT BLVD,BUDA,78610,105,,unclassified,,,,,,Hays County,,78610,,MB200168492|1
MB200168761,34,32043267494,VELVET TACO - NORTH BURNET,6539 BURNET RD,AUSTIN,78757,227,722511,casual_full_service,-97.738704,30.341793,off_allandale,,,Allandale,8.8,78757,,MB200168761|34
MB200169166,3,32044484619,BONI'S TAVERN,1805 S 1ST ST,AUSTIN,78704,227,722511,casual_full_service,-97.755983,30.247193,slamar,South Lamar,,,2.19,78704,,MB200169166|3
MB200169284,1,12014384379,EL CHILITO TACOS Y CAFE,2219 MANOR RD,AUSTIN,78722,227,722511,casual_full_service,-97.7184,30.284422,east_manor,East Austin,Manor Road,,5.46,78722,,MB200169284|1
MB200169425,1,32097467123,WAGYUSAN JAPANESE SUSHI CUISINE,1000 E 41ST ST STE L400,AUSTIN,78751,227,722511,casual_full_service,-97.719184,30.298164,off_central_austin,,,Central Austin,6.28,78751,,MB200169425|1
MB200169482,1,32092859944,MODERNA BAR & PIZZERIA,1717 W 6TH ST STE R140,AUSTIN,78703,227,722511,casual_full_service,-97.765726,30.276538,off_old_west_austin,,,Old West Austin,4.14,78703,,MB200169482|1
MB200169542,1,32099329818,ROYA AUSTIN LLC,7858 SHOAL CREEK BLVD STE C,AUSTIN,78757,227,722511,casual_full_service,-97.740951,30.360029,off_allandale,,,Allandale,10.02,78757,,MB200169542|1
MB200169547,2,32096014579,GEN KOREAN BBQ HOUSE,9500 S INTERSTATE 35 STE 95C,AUSTIN,78748,227,722511,casual_full_service,-97.789093,30.162186,,,,Austin: Far South,4.02,78748,,MB200169547|2
MB200169677,1,32100531006,BOHEME HOTEL,400 COMAL ST,AUSTIN,78702,227,,unclassified,-97.7274,30.261204,east_holly_ecc,East Austin,Holly / East Cesar Chavez,,3.83,78702,,MB200169677|1
MB200169782,1,32100536799,EMA,3120 PALM WAY STE 170,AUSTIN,78758,227,722511,casual_full_service,-97.721025,30.40258,off_north_burnet_gateway,,,North Burnet/Gateway,13.12,78758,,MB200169782|1
MB200169828,4,32052734947,EL NUEVO MEXICO RESTAURANT,9900 S INTERSTATE 35 BLDG 0 STE 100,AUSTIN,78748,227,722511,casual_full_service,-97.790896,30.156653,,,,Austin: Far South,4.41,78748,,MB200169828|4
MB200170217,17,32054541183,TACODELI CEDAR PARK,1400 E WHITESTONE BLVD STE 100,CEDAR PARK,78613,246,722513,fast_casual,,,,,,Cedar Park / Leander,,78613,,MB200170217|17
MB200170794,1,32096757052,TAQUERIA 10 / 10,2110 S LAMAR BLVD STE C,AUSTIN,78704,227,722511,casual_full_service,-97.771364,30.248046,slamar,South Lamar,,,2.21,78704,,MB200170794|1
MB200170893,1,32099535737,VICTORY LAP RAINEY STREET,85 RAINEY ST,AUSTIN,78701,227,722410,bar,-97.738414,30.259808,dt_rainey,Rainey Street,,,3.39,78701,,MB200170893|1
MB200171777,1,32100793267,SALVATION PIZZA,51 RAINEY ST STE 130,AUSTIN,78701,227,722511,casual_full_service,-97.739404,30.257171,dt_rainey,Rainey Street,,,3.2,78701,,MB200171777|1
MB200172117,1,32098539417,SITI,1123 E 11TH ST,AUSTIN,78702,227,722511,upscale_casual,-97.728182,30.268813,east_12th,East Austin,East 12th and north,,4.24,78702,,MB200172117|1
MB200172160,2,32083260755,SORN THAI KITCHEN BY SEEDA,708 S AUSTIN AVE STE 101,GEORGETOWN,78626,246,722511,casual_full_service,,,,,,Round Rock / Georgetown,,78626,,MB200172160|2
MB200172182,1,32100552523,KOKO'S BAVARIAN,3003 S LAMAR BLVD,AUSTIN,78704,227,722511,casual_full_service,-97.783828,30.242571,slamar,South Lamar,,,2.11,78704,,MB200172182|1
MB200172289,19,17527826253,HILTON GARDEN INN AUSTIN NORTHWEST,11617 RESEARCH BLVD,AUSTIN,78759,227,,unclassified,-97.74578,30.415499,,,,Austin: Northwest,13.8,78759,,MB200172289|19
MB200172403,169,17419968528,"UNIVERSITY FOOD SERVICES, INC.",2904 PALM WAY,AUSTIN,78758,227,722310,catering_contract,-97.717857,30.402368,off_north_burnet_gateway,,,North Burnet/Gateway,13.15,78758,,MB200172403|169
MB200172580,1,32101177551,WALNUT CREEK PUB,11806 N LAMAR BLVD,AUSTIN,78753,227,722410,bar,-97.683309,30.388385,,,,Austin: North,12.84,78753,,MB200172580|1
MB200172825,1,32099188222,TINTOS,1200 E 11TH ST STE 101,AUSTIN,78702,227,722511,casual_full_service,-97.727863,30.268695,east_12th,East Austin,East 12th and north,,4.24,78702,,MB200172825|1
MB200172905,168,17419968528,"UNIVERSITY FOOD SERVICES, INC.",3001 S CONGRESS AVE,AUSTIN,78704,227,722310,catering_contract,-97.758491,30.23243,off_dawson,,,Dawson,1.17,78704,,MB200172905|168
MB200172932,1,32098789897,MOLA,1007 E 7TH ST,AUSTIN,78702,227,722511,casual_full_service,-97.731523,30.265828,east_6th_7th,East Austin,East 6th / 7th,,3.96,78702,,MB200172932|1
MB200172960,1,32093430042,MEXICAN SUGAR,11506 CENTURY OAKS TER STE 128,AUSTIN,78758,227,722511,casual_full_service,-97.725939,30.40209,off_north_burnet_gateway,,,North Burnet/Gateway,13.03,78758,,MB200172960|1
MB200173151,1,32097663937,SALOON 1904,1904 OLD RANCH ROAD 12 STE 107-108,SAN MARCOS,78666,105,722410,bar,,,,,,Hays County,,78666,,MB200173151|1
MB200173442,1,32100112971,THE DUGOUT GAMETIME GRILL,401 CYPRESS CREEK RD STE 600,CEDAR PARK,78613,246,722511,casual_full_service,,,,,,Cedar Park / Leander,,78613,,MB200173442|1
MB200173651,10,32085095894,TIKKA HOUSE,3100 RANCH ROAD 620 S STE 100,LAKEWAY,78738,227,722511,casual_full_service,,,,,,Westlake / Lakeway,,78738,,MB200173651|10
MB200173753,1,32096753879,SUNSET ON THE 'RISE FOOD TRUCK PARK,1 INDIAN MEADOWS DR,ROUND ROCK,78665,246,722410,bar,,,,,,Round Rock / Georgetown,,78665,,MB200173753|1
MB200173867,5,32044361890,HAT CREEK BURGER COMPANY,3700 E PALM VALLEY BLVD,ROUND ROCK,78665,246,722511,casual_full_service,,,,,,Round Rock / Georgetown,,78665,,MB200173867|5
MB200173903,1,32096896736,VANHORN'S,238 W 2ND ST STE 13,AUSTIN,78701,227,722511,upscale_casual,-97.746211,30.264891,dt_2nd_warehouse,2nd Street / Warehouse,,,3.53,78701,,MB200173903|1
MB200173950,2,17410937399,THE AUSTIN CLUB,110 E 9TH ST,AUSTIN,78701,227,722410,bar,-97.74113,30.270676,dt_core,Downtown,,,4.01,78701,,MB200173950|2
MB200174087,16,32058448328,KURA REVOLVING SUSHI BAR,18725 FM 685 UNIT 140,PFLUGERVILLE,78660,227,722511,casual_full_service,,,,,,Pflugerville / Manor,,78660,,MB200174087|16
MB200174160,2,32095517069,HANSHIN POCHA,11301 LAKELINE BLVD STE 8-114,AUSTIN,78717,246,722511,casual_full_service,-97.800484,30.480148,,,,Austin: Northwest,18.33,78717,,MB200174160|2
MB200174171,1,32078615708,ESCUELA,6240 W HIGHWAY 290,AUSTIN,78735,227,722511,casual_full_service,,,,,,Austin: Southwest,,78735,,MB200174171|1
MB200174221,1,32100820318,DIONYSUS BEER & WINE,8907 CIRCLE DR,AUSTIN,78736,227,722513,fast_casual,,,,,,Austin: Southwest,,78736,,MB200174221|1
MB200174374,2,32087124858,RAMEN DEL BARRIO,2007 KRAMER LN STE 105,AUSTIN,78758,227,722513,fast_casual,-97.710326,30.388709,off_north_austin_civic_association,,,North Austin Civic Association,12.34,78758,,MB200174374|2
MB200174421,1,32099391651,BOLIVAR LOUNGE,18217 W STATE HIGHWAY 71 STE B100,SPICEWOOD,78669,227,722410,bar,,,,,,,,78669,,MB200174421|1
MB200174483,1,32101093279,LUXX,207 W 4TH ST,AUSTIN,78701,227,722410,bar,-97.745156,30.266672,dt_2nd_warehouse,2nd Street / Warehouse,,,3.67,78701,,MB200174483|1
MB200174720,87,17527408888,TEXAS ROADHOUSE,1416 SPARKLE LN,LEANDER,78641,246,722511,casual_full_service,,,,,,Cedar Park / Leander,,78641,,MB200174720|87
MB200174768,1,32085269994,HOPDODDY BURGER BAR,2005 ALDRICH ST,AUSTIN,78723,227,722511,casual_full_service,-97.704236,30.299423,off_rmma,,,RMMA,6.79,78723,,MB200174768|1
MB200175016,1,32100545030,HAPPY SLICE PIZZA,9900 W PARMER LN STE B100,AUSTIN,78717,246,,unclassified,-97.771218,30.487326,,,,Austin: Northwest,18.71,78717,,MB200175016|1
MB200175061,1,32101608241,TACOS N MAIZ,603 SABINE ST,AUSTIN,78701,227,722511,casual_full_service,-97.736081,30.26633,dt_core,Downtown,,,3.86,78701,,MB200175061|1
MB200175323,1,32101457276,BLUE AGAVE,14900 AVERY RANCH BLVD STE B100,AUSTIN,78717,246,722511,casual_full_service,-97.776806,30.497634,,,,Austin: Northwest,19.43,78717,,MB200175323|1
MB200175370,4,32085283516,SUCULENTA CANTINA,1700 GRAND AVENUE PKWY STE 180,PFLUGERVILLE,78660,227,722511,casual_full_service,,,,,,Pflugerville / Manor,,78660,,MB200175370|4
MB200175816,1,32099819933,LA VAQUERITA CREAMERY,603 W UNIVERSITY AVE STE 126,GEORGETOWN,78626,246,722515,cafe_bakery,,,,,,Round Rock / Georgetown,,78626,,MB200175816|1
MB200175822,2,32096689107,KAVAK GRILL,13233 POND SPRINGS RD STE 301,AUSTIN,78729,246,722511,casual_full_service,-97.779322,30.445956,,,,Austin: North,15.87,78729,,MB200175822|2
MB200175839,6,32051113424,TACO P SLAUGHTER LANE,9225 S INTERSTATE 35,AUSTIN,78744,227,722513,fast_casual,-97.787446,30.165118,,,,Austin: Southeast / Del Valle,3.79,78744,,MB200175839|6
MB200175886,2,32075621881,AREPITAS,910 ROUND ROCK AVE,ROUND ROCK,78681,246,722511,casual_full_service,,,,,,Round Rock / Georgetown,,78681,,MB200175886|2
MB200176093,1,32096048197,RESTAURANT FRANCOIS,401 W 3RD ST STE 100,AUSTIN,78701,227,722511,casual_full_service,-97.747366,30.266246,dt_2nd_warehouse,2nd Street / Warehouse,,,3.6,78701,,MB200176093|1
MB200176301,1,32095496751,JALISCO Y TEQUILA BAR & GRILL,13700 FM 973 N B201,MANOR,78653,227,722511,casual_full_service,,,,,,Pflugerville / Manor,,78653,,MB200176301|1
MB200176371,2,12704882385,CROW BAR,523 THOMPSON LN,AUSTIN,78742,227,722410,bar,-97.685725,30.237046,,,,,4.96,78742,,MB200176371|2
MB200176453,2,32097932167,CICCIO BOMBA,1100 S LAMAR BLVD STE 2140,AUSTIN,78704,227,,unclassified,-97.761931,30.255326,slamar,South Lamar,,,2.69,78704,,MB200176453|2
MB200176476,1,32101826157,FRANKLIN BACKYARD,2027 ANCHOR LN,AUSTIN,78723,227,722320,catering_contract,-97.703762,30.288668,off_rmma,,,RMMA,6.19,78723,,MB200176476|1
MB200176588,1,32086951772,TZINTZUNTZAN,2317 W NORTH LOOP BLVD,AUSTIN,78756,227,722513,fast_casual,,,off_allandale,,,Allandale,,78756,zip_majority,MB200176588|1
MB200176654,2,32066717193,OLD SAIGON VIETNAMESE BISTRO,2900 N QUINLAN PARK RD STE 200,AUSTIN,78732,227,722511,casual_full_service,-97.893519,30.368302,,,,Austin: Northwest,12.98,78732,,MB200176654|2
MB200176984,1,32100090888,ROSEWOOD SOCIAL CLUB,1309 ROSEWOOD AVE,AUSTIN,78702,227,722511,casual_full_service,-97.725193,30.268739,east_12th,East Austin,East 12th and north,,4.33,78702,,MB200176984|1
MB200177021,2,32095501402,TRAPHOUSE,310 COLORADO ST STE A,AUSTIN,78701,227,,unclassified,-97.744983,30.266116,dt_2nd_warehouse,2nd Street / Warehouse,,,3.63,78701,,MB200177021|2
MB200177919,1,32098307799,HILTON GARDEN INN,2131 N INTERSTATE 35,SAN MARCOS,78666,105,722410,bar,,,,,,Hays County,,78666,,MB200177919|1
MB200178588,1,32098942256,MAMA LIN'S SOUP AND LEAVES,13450 N HIGHWAY 183 STE 112,AUSTIN,78750,246,722514,casual_full_service,,,,,,Austin: Northwest,,78750,,MB200178588|1
MB200178695,1,32100249484,FAT RABBIT SOCIAL HOUSE,98 SAN JACINTO BLVD STE 170,AUSTIN,78701,227,722511,casual_full_service,-97.742212,30.262412,dt_core,Downtown,,,3.46,78701,,MB200178695|1
MB200178741,2,32093732934,PICKLE DILLY'S,501 CYPRESS CREEK RD,CEDAR PARK,78613,246,722511,casual_full_service,,,,,,Cedar Park / Leander,,78613,,MB200178741|2
MB200178757,2,32091644594,UGLY DUMPLING,10000 RESEARCH BLVD STE LL01A,AUSTIN,78759,227,722511,casual_full_service,-97.746603,30.392982,off_north_burnet_gateway,,,North Burnet/Gateway,12.24,78759,,MB200178757|2
MB200178778,1,32100118226,Q BOLA CUBAN RESTAURANT,351 W PALM VALLEY BLVD,ROUND ROCK,78664,246,722511,casual_full_service,,,,,,Round Rock / Georgetown,,78664,,MB200178778|1
MB200178793,1,32101186701,ROWDY COWBOY,2401 S INTERSTATE 35,ROUND ROCK,78664,246,722410,bar,,,,,,Round Rock / Georgetown,,78664,,MB200178793|1
MB200178882,2,32101760034,BAR FINO,88-88 1/2 RAINEY ST,AUSTIN,78701,227,722511,casual_full_service,,,dt_core,Downtown,,,,78701,zip_majority,MB200178882|2
MB200178898,1,32100702581,AMAYA RESTAURANT,84 RAINEY ST UNIT 3,AUSTIN,78701,227,722511,casual_full_service,-97.738443,30.25973,dt_rainey,Rainey Street,,,3.39,78701,,MB200178898|1
MB200178929,1,32080422366,THE THIRSTY LONGHORN,305 E MORROW ST,GEORGETOWN,78626,246,722511,casual_full_service,,,,,,Round Rock / Georgetown,,78626,,MB200178929|1
MB200179093,1,32102112912,"LUNA BAR, LLC",5611 US HIGHWAY 183 S STE 103,AUSTIN,78744,227,722410,bar,,,,,,Austin: Southeast / Del Valle,,78744,,MB200179093|1
MB200179401,1,32102034215,GENNARO'S RISTORANTE ITALIANO,13900 RANCH ROAD 12,WIMBERLEY,78676,105,722511,casual_full_service,,,,,,Hays County,,78676,,MB200179401|1
MB200179463,1,32098927885,CASA FINA,408 JOSEPHINE ST,AUSTIN,78704,227,722511,casual_full_service,-97.758688,30.261864,off_barton_hills_galindo_south_lamar_zilker,,,Barton Hills / Galindo / South Lamar / Zilker,3.16,78704,,MB200179463|1
MB200179516,1,32099770029,BLUFF'S,1107 E 6TH ST,AUSTIN,78702,227,722410,bar,-97.731136,30.26461,east_6th_7th,East Austin,East 6th / 7th,,3.9,78702,,MB200179516|1
MB200179745,2,32075247000,HAPPY FOXHOLE,1710 N FM 1626,BUDA,78610,105,722410,bar,,,,,,Hays County,,78610,,MB200179745|2
MB200180407,1,32084907958,BLAIR HOUSE INN,100 W SPOKE HILL DR,WIMBERLEY,78676,105,,unclassified,,,,,,Hays County,,78676,,MB200180407|1
MB200180439,1,32100444408,TACO PALENQUE AUSTIN NW,13201 RANCH ROAD 620 N,AUSTIN,78717,246,,unclassified,,,,,,Austin: Northwest,,78717,,MB200180439|1
MB200180509,1,32097095916,TOASTED YOLK CAFE,1700 E PALM VALLEY BLVD STE 300,ROUND ROCK,78664,246,722511,casual_full_service,,,,,,Round Rock / Georgetown,,78664,,MB200180509|1
MB200180534,1,32102039008,YA EN,7301 BURNET RD STE 101,AUSTIN,78757,227,722511,casual_full_service,-97.735143,30.349213,off_crestview_wooten,,,Crestview/Wooten,9.34,78757,,MB200180534|1
MB200180770,1,32102424978,ASTRA,404 MAIN ST,BUDA,78610,105,722513,fast_casual,,,,,,Hays County,,78610,,MB200180770|1
MB200180851,1,32096834901,RED CHILLI RESTAURANT & BAR,15301 RONALD W REAGAN BLVD STE 11160,LEANDER,78641,246,722511,casual_full_service,,,,,,Cedar Park / Leander,,78641,,MB200180851|1
MB200180890,1,32083139926,HEARSAY AUSTIN,407 COLORADO ST,AUSTIN,78701,227,722511,casual_full_service,-97.744693,30.266909,dt_2nd_warehouse,2nd Street / Warehouse,,,3.69,78701,,MB200180890|1
MB200180944,2,32091154123,NIMTO NEPALI AND INDIAN RESTAURANT,2237 E RIVERSIDE DR STE 101A,AUSTIN,78741,227,722513,fast_casual,-97.725888,30.238099,off_east_riverside_oltorf,,,East Riverside/Oltorf,2.79,78741,,MB200180944|2
MB200181072,1,32102463901,JULIETTE'S COCINA Y CANTINA,15630 VISION DR STE C,PFLUGERVILLE,78660,227,722511,casual_full_service,,,,,,Pflugerville / Manor,,78660,,MB200181072|1
MB200181128,1,32099202486,BOULEVARD SOCIAL,6215 N LAMAR BLVD,AUSTIN,78752,227,722410,bar,-97.723471,30.330507,off_brentwood_highland,,,Brentwood/Highland,8.26,78752,,MB200181128|1
MB200181387,3,32093839994,LANA'S CAFE,2620 PERSEVERANCE DR,AUSTIN,78731,227,722511,casual_full_service,-97.752946,30.318309,off_rosedale,,,Rosedale,7.07,78731,,MB200181387|3
MB200181642,1,32102533935,CASA TULUM,4323 S INTERSTATE 35,AUSTIN,78744,227,722511,casual_full_service,-97.753965,30.211859,off_southeast,,,Southeast,0.75,78744,,MB200181642|1
MB200181889,1,32101183179,70 RAINEY,70 RAINEY ST STE 200,AUSTIN,78701,227,722410,bar,-97.738853,30.258642,dt_rainey,Rainey Street,,,3.31,78701,,MB200181889|1
MB200181898,1,32091894744,POPSTROKE,817 C-BAR RANCH TRL,CEDAR PARK,78613,246,,unclassified,,,,,,Cedar Park / Leander,,78613,,MB200181898|1
MB200181999,1,32042629405,COURTYARD AUSTIN NORTH,12330 N INTERSTATE 35,AUSTIN,78753,227,,unclassified,-97.674249,30.400018,,,,Austin: North,13.79,78753,,MB200181999|1
MB200182129,2,32082456503,SHOKUNIN,1009 E 6TH ST,AUSTIN,78702,227,722511,casual_full_service,-97.73222,30.264977,east_6th_7th,East Austin,East 6th / 7th,,3.89,78702,,MB200182129|2
MB200182147,1,32084286072,THE BOILING CRAB,6406 N INTERSTATE 35 STE 2375,AUSTIN,78752,227,722511,casual_full_service,-97.705551,30.325827,off_st_john_coronado_hills,,,St. John Coronado Hills,8.35,78752,,MB200182147|1
MB200182396,1,32057313465,CHEPOS LLC,1400 OLD RANCH ROAD 12,SAN MARCOS,78666,105,722511,casual_full_service,,,,,,Hays County,,78666,,MB200182396|1
MB200182520,1,32094076109,"LAGOM RANCH, LLC",2501 OLD RED RANCH RD,DRIPPING SPRINGS,78620,105,,unclassified,,,,,,Hays County,,78620,,MB200182520|1
MB200182681,1,32094950550,TUMBLE 22,18725 FM 685 UNIT 100,PFLUGERVILLE,78660,227,722511,casual_full_service,,,,,,Pflugerville / Manor,,78660,,MB200182681|1
MB200182765,1,32098672689,THE CLUB AT BERRY CREEK,30500 BERRY CREEK DR,GEORGETOWN,78628,246,,unclassified,,,,,,Round Rock / Georgetown,,78628,,MB200182765|1
MB200183477,1,32099352927,CARMELA'S LAKEWAY,900 RANCH ROAD 620 S UNIT 108,LAKEWAY,78734,227,722511,casual_full_service,,,,,,Westlake / Lakeway,,78734,,MB200183477|1
MB200183587,1,32100098527,ORIA AUSTIN,1530 BARTON SPRINGS RD,AUSTIN,78704,227,722511,casual_full_service,-97.761405,30.261863,off_barton_hills_galindo_south_lamar_zilker,,,Barton Hills / Galindo / South Lamar / Zilker,3.14,78704,,MB200183587|1
MB200183630,5,32102627257,LOGANS ROADHOUSE #507,419 OLD SAN ANTONIO RD,BUDA,78610,105,722511,casual_full_service,,,,,,Hays County,,78610,,MB200183630|5
MB200184002,1,32103044668,STONEY'S GOOD TIME RANCH,3526 E 7TH ST,AUSTIN,78702,227,722410,bar,-97.70206,30.256287,off_govalle_johnston_terrace,,,Govalle/Johnston Terrace,4.67,78702,,MB200184002|1
MB200184032,1,32057992821,BROOKLYN HEIGHTS PIZZERIA,3550 N LAKELINE BLVD STE 135,LEANDER,78641,246,722511,casual_full_service,,,,,,Cedar Park / Leander,,78641,,MB200184032|1
MB200184036,1,32099462676,MICHI JAPANESE DELI & SUSHI,609 CONGRESS AVE,AUSTIN,78701,227,722511,casual_full_service,-97.742687,30.268423,dt_core,Downtown,,,3.83,78701,,MB200184036|1
MB200184258,3,12024883105,FLIX BREWHOUSE,2200 S INTERSTATE 35 STE B1,ROUND ROCK,78681,246,722410,bar,,,,,,Round Rock / Georgetown,,78681,,MB200184258|3
MB200184359,1,32093319971,CHUBBY CATTLE,2901 S CAPITAL OF TEXAS HWY UNIT J01B,AUSTIN,78746,227,722511,casual_full_service,,,,,,Westlake / Lakeway,,78746,,MB200184359|1
MB200184375,1,32102850149,SOUTH CONGRESS HOTEL,1603 S CONGRESS AVE,AUSTIN,78704,227,722410,bar,-97.750367,30.247721,soco,South Congress,,,2.33,78704,,MB200184375|1
MB200184557,1,32067956642,SHAI YO THAI CUISINE,700 N LBJ DR STE 109,SAN MARCOS,78666,105,,unclassified,,,,,,Hays County,,78666,,MB200184557|1
MB200184557,2,32067956642,SHAI YO THAI CUISINE,700 N LBJ DR STE 108-109,SAN MARCOS,78666,105,722511,casual_full_service,,,,,,Hays County,,78666,,MB200184557|2
MB200185057,1,32102747808,KITSU NORI,2310 S LAMAR BLVD STE 102,AUSTIN,78704,227,,unclassified,-97.775552,30.247231,slamar,South Lamar,,,2.21,78704,,MB200185057|1
MB200185365,1,32102912287,HALF FULL,2039 AIRPORT BLVD UNIT C,AUSTIN,78722,227,722511,casual_full_service,-97.705293,30.284587,off_rosewood,,,Rosewood,5.91,78722,,MB200185365|1
MB200185435,2,32098343760,LUNA ROOFTOP BAR,120 W 5TH ST UNIT B,AUSTIN,78701,227,,unclassified,-97.744359,30.26745,dt_2nd_warehouse,2nd Street / Warehouse,,,3.73,78701,,MB200185435|2
MB200185460,1,32096578250,THE MOCKINGBIRD,210 BLUE SPRINGS BLVD,GEORGETOWN,78626,246,722511,casual_full_service,,,,,,Round Rock / Georgetown,,78626,,MB200185460|1
MB200185494,1,32099954292,ICHIRO ASIAN BISTRO & WINE BAR,1500 RIVERY BLVD STE 2120,GEORGETOWN,78628,246,722511,casual_full_service,,,,,,Round Rock / Georgetown,,78628,,MB200185494|1
MB200185662,1,32102772871,SPICY HOUSE INC,11630 RANCH ROAD 620 N,AUSTIN,78750,246,722511,casual_full_service,,,,,,Austin: Northwest,,78750,,MB200185662|1
MB200185815,1,32102762336,KINSHO,51 RAINEY ST STE 140-A,AUSTIN,78701,227,722511,casual_full_service,-97.739404,30.257171,dt_rainey,Rainey Street,,,3.2,78701,,MB200185815|1
MB200186083,1,32096044899,SUGARWOLF,401 W 4TH ST UNIT 120,AUSTIN,78701,227,722511,casual_full_service,-97.747027,30.267205,dt_2nd_warehouse,2nd Street / Warehouse,,,3.67,78701,,MB200186083|1
MB200186099,1,32100572869,MONKS JAZZ CLUB,310 E SAINT ELMO RD,AUSTIN,78745,227,,unclassified,,,,,,Austin: Far South,,78745,,MB200186099|1
MB200186256,1,32100365371,AUSTIN SPORTS CLUB,205 E 3RD ST,AUSTIN,78701,227,722511,casual_full_service,-97.742202,30.264789,dt_core,Downtown,,,3.61,78701,,MB200186256|1
MB200186489,1,32098240073,SOVIAN RESTAURANT,1500 RIVERY BLVD STE 2175,GEORGETOWN,78628,246,722515,cafe_bakery,,,,,,Round Rock / Georgetown,,78628,,MB200186489|1
MB200186493,1,32102438101,DE NADA TACO,1302 S 1ST ST,AUSTIN,78704,227,722511,casual_full_service,-97.754335,30.251395,slamar,South Lamar,,,2.5,78704,,MB200186493|1
MB200186951,3,32075133762,TEJAS MEAT SUPPLY,3001 JOE DIMAGGIO BLVD STE 1400,ROUND ROCK,78665,246,722511,casual_full_service,,,,,,Round Rock / Georgetown,,78665,,MB200186951|3
MB200186999,1,32102742049,PHOEBES DINER,9901 BRODIE LN STE 120,AUSTIN,78748,227,722511,casual_full_service,-97.848718,30.185201,,,,Austin: Far South,5.43,78748,,MB200186999|1
MB200187174,1,32063626777,BEERBURG BREWING COMPANY,13476 FITZHUGH RD,AUSTIN,78736,105,722410,bar,-98.004643,30.233965,,,,Austin: Southwest,14.34,78736,,MB200187174|1
MB200187259,1,32102378729,STUMPY'S LAKE TRAVIS,8714 LIME CREEK RD UNIT B,VOLENTE,78641,227,722511,casual_full_service,,,,,,Cedar Park / Leander,,78641,,MB200187259|1
MB200187515,1,32102040006,DUFF'S FAMOUS WINGS,12233 RANCH ROAD 620 N STE 205,AUSTIN,78750,246,722511,casual_full_service,,,,,,Austin: Northwest,,78750,,MB200187515|1
MB200188033,2,32088987386,COTALAND,9111 CIRCUIT OF THE AMERICAS BLVD,AUSTIN,78617,227,,unclassified,-97.641749,30.137396,,,,Austin: Southeast / Del Valle,9.19,78617,,MB200188033|2
MB200188138,1,32102998633,COQUITO,1407 E 7TH ST,AUSTIN,78702,227,722511,casual_full_service,-97.727589,30.264512,east_6th_7th,East Austin,East 6th / 7th,,4.01,78702,,MB200188138|1
MB200188149,1,32096737211,THAI ZEN MODERN THAI JAPANESE KITCHEN,1414 SHORE DISTRICT DR STE 120,AUSTIN,78741,227,722511,casual_full_service,-97.729093,30.243228,off_east_riverside_oltorf,,,East Riverside/Oltorf,2.84,78741,,MB200188149|1
MB200188222,1,32101831371,THE SOCIO,13920 RONALD W REAGAN BLVD STE 301,CEDAR PARK,78641,246,722410,bar,,,,,,Cedar Park / Leander,,78641,,MB200188222|1
MB200188436,1,32103136365,HOKKAISAN,13701 RESEARCH BLVD,AUSTIN,78750,246,722511,casual_full_service,,,,,,Austin: Northwest,,78750,,MB200188436|1
MB200188456,1,32103317577,"TOUCHMARK AT GEORGETOWN, LLC",60 DEL WEBB BLVD,GEORGETOWN,78633,246,,unclassified,,,,,,Round Rock / Georgetown,,78633,,MB200188456|1
MB200188475,1,32102700591,GREY ORCHARD,2700 N INTERSTATE 35,ROUND ROCK,78681,246,722511,casual_full_service,,,,,,Round Rock / Georgetown,,78681,,MB200188475|1
MB200188516,1,32100734790,ARCHIVE BAR,617 CONGRESS AVE,AUSTIN,78701,227,722410,bar,-97.742568,30.268737,dt_core,Downtown,,,3.85,78701,,MB200188516|1
MB200188781,1,32103994383,FLUTTERFLY LLC,4806 E YAGER LN,MANOR,78653,227,722410,bar,,,,,,Pflugerville / Manor,,78653,,MB200188781|1
MB200189129,2,32103986827,PADEL 39,4716 E 5TH ST,AUSTIN,78702,227,,unclassified,-97.701965,30.253458,off_govalle_johnston_terrace,,,Govalle/Johnston Terrace,4.56,78702,,MB200189129|2
MB200189208,1,32103772912,SHOAL CREEK SALOON,909 N LAMAR BLVD,AUSTIN,78703,227,722410,bar,-97.752569,30.274412,dt_core,Downtown,,,4.07,78703,,MB200189208|1
MB200189345,1,32103732601,AUSTIN POLO LOUNGE,217 E 6TH ST,AUSTIN,78701,227,722410,bar,-97.740664,30.267475,dt_core,Downtown,,,3.81,78701,,MB200189345|1
MB200189373,21,32055836954,THE LAIKEN,18600 LAKESHORE PT,LAGO VISTA,78645,227,722320,catering_contract,,,,,,Cedar Park / Leander,,78645,,MB200189373|21
MB200189421,9,32089119039,CORK & BARREL @ CRYSTAL FALLS GOLF COURSE,3400 CRYSTAL FALLS PKWY,LEANDER,78641,227,722310,catering_contract,,,,,,Cedar Park / Leander,,78641,,MB200189421|9
MB200189432,49,15814983126,LONGHORN STEAKHOUSE #5714,12609 US HIGHWAY 290 E,MANOR,78653,227,722511,casual_full_service,,,,,,Pflugerville / Manor,,78653,,MB200189432|49
MB200189449,1,32091312051,MARIMBAS BAKERY & RESTAURANT,11220 N LAMAR BLVD # B-275,AUSTIN,78753,227,722513,fast_casual,-97.686422,30.381863,off_north_lamar,,,North Lamar,12.35,78753,,MB200189449|1
MB200189498,4,32103719475,RAZZOO'S,201 UNIVERSITY OAKS BLVD STE 1300,ROUND ROCK,78665,246,722511,casual_full_service,,,,,,Round Rock / Georgetown,,78665,,MB200189498|4
MB200189529,1,32102484857,RODEO MEXICAN KITCHEN & BAR INC,13750 W STATE HIGHWAY 29 STE 104,LIBERTY HILL,78642,246,722511,casual_full_service,,,,,,Cedar Park / Leander,,78642,,MB200189529|1
MB200189754,1,32101631714,TWINS CLUB,219 W 4TH ST UNIT 201-301,AUSTIN,78701,227,722410,bar,-97.745734,30.266839,dt_2nd_warehouse,2nd Street / Warehouse,,,3.67,78701,,MB200189754|1
MB200189768,1,32103964444,THE CUBE,13901 FM 812 RD,DEL VALLE,78617,227,722410,bar,,,,,,Austin: Southeast / Del Valle,,78617,,MB200189768|1
MB200189797,1,32099188826,THE MACKENZIE CLUB,"260 ADDIE ROY RD STE 100,200,300",AUSTIN,78746,227,,unclassified,-97.842579,30.309948,,,,Westlake / Lakeway,7.93,78746,,MB200189797|1
MB200190020,1,32100553869,EBISU JAPANESE RESTAURANT,13376 N HIGHWAY 183 STE 400,AUSTIN,78750,246,722511,casual_full_service,,,,,,Austin: Northwest,,78750,,MB200190020|1
MB200190023,28,32057413588,WILLIE'S GRILL & ICEHOUSE / RSC,1412 BRIGHT LN,LEANDER,78641,246,722511,casual_full_service,,,,,,Cedar Park / Leander,,78641,,MB200190023|28
MB200190042,1,32103051481,THE SIDELINE,3500 E PARMER LN UNIT 3210,AUSTIN,78754,227,722511,casual_full_service,-97.630232,30.375366,,,,Austin: Northeast,13.61,78754,,MB200190042|1
MB200190285,1,32094093484,COUSIN LOUIE'S,165 HARGRAVES DR STE T100,AUSTIN,78737,105,722511,casual_full_service,,,,,,Austin: Southwest,,78737,,MB200190285|1
MB200190679,11,32089119039,80 PROOF LLC,2100 AVENUE OF THE STARS,CEDAR PARK,78613,246,722310,catering_contract,,,,,,Cedar Park / Leander,,78613,,MB200190679|11
MB200191232,11,12047667790,EMBASSY SUITES ARBORETUM AUSTIN,9505 STONELAKE BLVD,AUSTIN,78759,227,722410,bar,-97.739375,30.385903,off_north_burnet_gateway,,,North Burnet/Gateway,11.8,78759,,MB200191232|11
MB200191436,1,32087928563,WAHOO'S FISH TACOS,1330 SHORE DISTRICT DR STE 100,AUSTIN,78741,227,722511,casual_full_service,-97.726872,30.243699,off_east_riverside_oltorf,,,East Riverside/Oltorf,2.96,78741,,MB200191436|1
MB200191583,1,32104014876,THE LOBBY,710A W 6TH ST,AUSTIN,78701,227,722410,bar,-97.750063,30.270126,dt_2nd_warehouse,2nd Street / Warehouse,,,3.81,78701,,MB200191583|1
MB200191820,2,32032745823,CYPRESS FALLS AT WOODCREEK,50 MARINA CIR,WIMBERLEY,78676,105,722410,bar,,,,,,Hays County,,78676,,MB200191820|2
MB200192018,175,17419968528,"UNIVERSITY FOOD SERVICES, INC.",11800 ALTERRA PKWY BLDG 12,AUSTIN,78758,227,722511,casual_full_service,-97.718817,30.404515,off_north_burnet_gateway,,,North Burnet/Gateway,13.28,78758,,MB200192018|175
MB200192050,1,32095360940,LA WAGYERIA TEXAS,440 E SAINT ELMO RD BLDG D,AUSTIN,78745,227,722511,casual_full_service,,,,,,Austin: Far South,,78745,,MB200192050|1
MB200192168,1,32100264400,FIRST WATCH LEANDER,19397 RONALD W REAGAN BLVD STE 100,LEANDER,78641,246,722511,casual_full_service,,,,,,Cedar Park / Leander,,78641,,MB200192168|1
MB200192225,2,32066843270,ROCK N' GRILL INDIAN CUISINE & BAR,1702 N MAYS ST STE A,ROUND ROCK,78664,246,722511,casual_full_service,,,,,,Round Rock / Georgetown,,78664,,MB200192225|2
MB200192441,1,32089121498,CLARS'S DAY DIVE,10700 MENCHACA RD,AUSTIN,78748,227,722410,bar,-97.830939,30.163466,,,,Austin: Far South,5.37,78748,,MB200192441|1
MB200192774,1,32100203614,HOOK & REEL,7604 N INTERSTATE 35,AUSTIN,78752,227,722511,casual_full_service,-97.701429,30.33823,off_st_john_coronado_hills,,,St. John Coronado Hills,9.23,78752,,MB200192774|1
MB200192804,8,32089119039,80 PROOF LLC,3400 E PALM VALLEY BLVD,ROUND ROCK,78665,246,722310,catering_contract,,,,,,Round Rock / Georgetown,,78665,,MB200192804|8
MB200192997,1,32102818591,HOWDY NEIGHBOR,13904 RANCH ROAD 12 STE 2,WIMBERLEY,78676,105,722511,casual_full_service,,,,,,Hays County,,78676,,MB200192997|1
MB200193008,1,32098774212,THE LUCKY DUCK,2105 LYNNBROOK DR,AUSTIN,78748,227,722410,bar,-97.830663,30.165098,,,,Austin: Far South,5.28,78748,,MB200193008|1
MB200193164,1,32102603894,POP'S PLACE,8801 FM 3237,WIMBERLEY,78676,105,722410,bar,,,,,,Hays County,,78676,,MB200193164|1
MB200193500,1,32103220565,THE HUDDLE TAVERN,604 N BELL BLVD,CEDAR PARK,78613,246,722410,bar,,,,,,Cedar Park / Leander,,78613,,MB200193500|1
MB200193753,18,32058448328,KURA REVOLVING SUSHI BAR,5601 BRODIE LN STE 1400,SUNSET VALLEY,78745,227,722511,casual_full_service,,,,,,Westlake / Lakeway,,78745,,MB200193753|18
MB200193773,1,32091548654,STOUT HOUSE,6406 N INTERSTATE 35 STE 1700,AUSTIN,78752,227,722410,bar,-97.705551,30.325827,off_st_john_coronado_hills,,,St. John Coronado Hills,8.35,78752,,MB200193773|1
MB200194119,1,32104135523,PERKY BEANS COFFEE,2651 E UNIVERSITY AVE UNIT 100,GEORGETOWN,78626,246,722515,cafe_bakery,,,,,,Round Rock / Georgetown,,78626,,MB200194119|1
MB200194168,1,32104250397,CINQUE TERRE WEST ATX,4800 BURNET RD BLDG D STE 450,AUSTIN,78756,227,722511,casual_full_service,-97.739272,30.319137,off_brentwood_highland,,,Brentwood/Highland,7.26,78756,,MB200194168|1
MB200194419,3,32049671459,THE DRAPER,216 W 8TH ST,GEORGETOWN,78626,246,722410,bar,,,,,,Round Rock / Georgetown,,78626,,MB200194419|3
MB200194462,1,32101867656,TRAVIS CLUB,1200 TORRES TOWER WAY,SPICEWOOD,78669,227,,unclassified,,,,,,,,78669,,MB200194462|1
MB200194480,1,32098896734,LOCAL FOODS,3800 N LAMAR BLVD STE 170,AUSTIN,78756,227,722513,fast_casual,-97.743057,30.305203,off_central_austin,,,Central Austin,6.27,78756,,MB200194480|1
MB200194525,6,32038804087,COUNTER CULTURE RESTAURANT,5812 BERKMAN DR,AUSTIN,78723,227,722511,casual_full_service,-97.693635,30.312224,off_university_hills_and_windsor_park,,,University Hills And Windsor Park,7.87,78723,,MB200194525|6
MB200194603,2,32069845108,HALFTIME SPORTS BAR & GRILL,11200 LAKELINE MALL DR STE F18,CEDAR PARK,78613,246,722511,casual_full_service,,,,,,Cedar Park / Leander,,78613,,MB200194603|2
MB200194633,1,32096793362,MOXIES,600 CONGRESS AVE STE G260,AUSTIN,78701,227,722511,casual_full_service,-97.742821,30.268071,dt_2nd_warehouse,2nd Street / Warehouse,,,3.8,78701,,MB200194633|1
MB200194938,1,32098199022,A LITTLE SHADY,5172 S FM 1626,KYLE,78640,105,722511,casual_full_service,,,,,,Hays County,,78640,,MB200194938|1
MB200194968,5,32068032880,"KS CAFE, LLC",1700 S CONGRESS AVE,AUSTIN,78704,227,722410,bar,-97.750632,30.247029,soco,South Congress,,,2.28,78704,,MB200194968|5
MB200195221,92,32033203616,CINEMARK STONE HILL TOWN CENTER,18820 HILLTOP COMMERCIAL DR,PFLUGERVILLE,78660,227,,unclassified,,,,,,Pflugerville / Manor,,78660,,MB200195221|92
MB200195581,1,32101956657,LORALOMA CLUB,25555 HAYNIE FLATS RD,SPICEWOOD,78669,227,,unclassified,,,,,,,,78669,,MB200195581|1
MB200195653,35,32043267494,VELVET TACO - GEORGETOWN,1316 W UNIVERSITY AVE STE 103,GEORGETOWN,78628,246,722511,casual_full_service,,,,,,Round Rock / Georgetown,,78628,,MB200195653|35
MB200195806,1,32102148353,JESCO'S,1119 N MAIN ST UNIT 100 & 200,TAYLOR,76574,246,722511,casual_full_service,,,,,,Round Rock / Georgetown,,76574,,MB200195806|1
MB200196256,4,32096458339,PEACHED SOCIAL HOUSE,6500 N LAMAR BLVD STE D,AUSTIN,78752,227,722511,casual_full_service,-97.72169,30.333319,off_brentwood_highland,,,Brentwood/Highland,8.48,78752,,MB200196256|4
MB200196509,1,32104465110,MOUTON'S BISTRO & BAR,1821 S LAKELINE BLVD STE 104,CEDAR PARK,78613,246,722511,casual_full_service,,,,,,Cedar Park / Leander,,78613,,MB200196509|1
MB200196803,1,32103754373,HOTEL TRINITY,311 E 5TH ST,AUSTIN,78701,227,722410,bar,-97.740294,30.266313,dt_core,Downtown,,,3.75,78701,,MB200196803|1
MB200196972,1,32103957109,EVENING DRAFT LLC,1614 LAVACA ST,AUSTIN,78701,227,722410,bar,-97.74135,30.279097,dt_core,Downtown,,,4.55,78701,,MB200196972|1
MB200197112,1,32101315938,FIVE IRON GOLF,501 CONGRESS AVE STE A-175,AUSTIN,78701,227,,unclassified,-97.743164,30.267162,dt_2nd_warehouse,2nd Street / Warehouse,,,3.74,78701,,MB200197112|1
MB200197307,1,32102986257,TAQUERIA DE DIEZ,3736 BEE CAVES RD STE 2,WEST LAKE HILLS,78746,227,722511,casual_full_service,,,,,,Westlake / Lakeway,,78746,,MB200197307|1
MB200197372,1,32089032455,FIRE BOWL CAFE,9828 GREAT HILLS TRL STE 100,AUSTIN,78759,227,722513,fast_casual,-97.748327,30.394174,,,,Austin: Northwest,12.31,78759,,MB200197372|1
MB200197847,1,32105465101,1 HOTEL AUSTIN,96 RED RIVER ST,AUSTIN,78701,227,,unclassified,-97.738936,30.261416,dt_rainey,Rainey Street,,,3.48,78701,,MB200197847|1
MB200197921,3,12601609659,GROVE WINE BAR & KITCHEN,6317 FM 2244 RD STE 380,AUSTIN,78746,227,722511,casual_full_service,-97.832088,30.296663,,,,Westlake / Lakeway,6.82,78746,,MB200197921|3
MB200198025,1,32098710414,HOPDODDY BURGER BAR,19389 RONALD W REAGAN BLVD # 100,GEORGETOWN,78628,246,722511,casual_full_service,,,,,,Round Rock / Georgetown,,78628,,MB200198025|1
MB200198344,20,12083213087,THE LONG CENTER,701 W RIVERSIDE DR,AUSTIN,78704,227,722310,catering_contract,-97.74958,30.260188,off_bouldin_creek,,,Bouldin Creek,3.16,78704,,MB200198344|20
MB200198422,2,32084407215,POSTINO WESTLAKE,701 S CAPITAL OF TEXAS HWY STE J,WEST LAKE HILLS,78746,227,722511,casual_full_service,,,,,,Westlake / Lakeway,,78746,,MB200198422|2
MB200198656,1,32104296341,CONEJOS TEX MEX CANTINA,3200 GREENLAWN BLVD STE 300,ROUND ROCK,78664,246,722511,casual_full_service,,,,,,Round Rock / Georgetown,,78664,,MB200198656|1
MB200198786,1,32105180171,LAKEWAY RESORT AND SPA,101 LAKEWAY DR,LAKEWAY,78734,227,,unclassified,,,,,,Westlake / Lakeway,,78734,,MB200198786|1
MB200198959,8,19105150585,MARKETPLACE CAFE,2901 S CAPITAL OF TEXAS HIGHWAY,AUSTIN,78746,227,,unclassified,,,,,,Westlake / Lakeway,,78746,,MB200198959|8
MB200199514,19,32054541183,TACODELI TECH RIDGE,12705 CENTER LAKE DR BLDG 1 UNIT 140,AUSTIN,78753,227,722513,fast_casual,-97.668709,30.405845,,,,Austin: North,14.29,78753,,MB200199514|19
MB200199614,1,32106208229,HAPPY,701 W 6TH ST,AUSTIN,78701,227,722410,bar,-97.749585,30.269968,dt_core,Downtown,,,3.81,78701,,MB200199614|1
MB200200067,1,32102134189,URBAN EGG,7600 BURNET RD STE 250,AUSTIN,78757,227,722511,casual_full_service,-97.733253,30.352221,off_allandale,,,Allandale,9.57,78757,,MB200200067|1
MB200200257,7,32044361890,HAT CREEK BURGER COMPANY,1602 RANCH ROAD 620 S,LAKEWAY,78734,227,722511,casual_full_service,,,,,,Westlake / Lakeway,,78734,,MB200200257|7
MB200200266,3,32044361890,HAT CREEK BURGER CO,5400 BURNET RD,AUSTIN,78756,227,722511,casual_full_service,-97.739748,30.328085,off_allandale,,,Allandale,7.86,78756,,MB200200266|3
MB200200379,15,32083919343,HILTON GARDEN INN AUSTIN DOWNTOWN,500 N INTERSTATE 35,AUSTIN,78701,227,,unclassified,-97.735392,30.264925,dt_core,Downtown,,,3.79,78701,,MB200200379|15
MB200200548,1,32102937714,COMMUNITY,3110 WINDSOR RD,AUSTIN,78703,227,722511,casual_full_service,-97.767905,30.29641,off_central_west_austin,,,Central West Austin,5.52,78703,,MB200200548|1
MB200200719,92,17527408888,TEXAS ROADHOUSE,2209 N INTERSTATE 35,GEORGETOWN,78628,246,722511,casual_full_service,,,,,,Round Rock / Georgetown,,78628,,MB200200719|92
MB200201323,1,32105447505,EX FILES,2032 S LAMAR BLVD,AUSTIN,78704,227,722511,casual_full_service,-97.768845,30.248782,slamar,South Lamar,,,2.24,78704,,MB200201323|1
MB200201543,59,12057184488,CHUY'S #6120,12420 TILLGANG PASS STE 320,MANOR,78653,227,722511,casual_full_service,,,,,,Pflugerville / Manor,,78653,,MB200201543|59
MB200201548,1,32104951010,SUSHI KOBO,4222 DUVAL ST,AUSTIN,78751,227,722511,casual_full_service,-97.726235,30.304379,off_central_austin,,,Central Austin,6.5,78751,,MB200201548|1
MB200201897,1,32094462523,BAD LARRY'S PARTY DINER,2027 E CESAR CHAVEZ ST,AUSTIN,78702,227,722511,casual_full_service,-97.722298,30.256306,east_holly_ecc,East Austin,Holly / East Cesar Chavez,,3.76,78702,,MB200201897|1
MB200202064,2,32105425386,FOURTHS,3842 S CONGRESS AVE,AUSTIN,78704,227,722511,casual_full_service,-97.763134,30.224279,off_dawson,,,Dawson,0.55,78704,,MB200202064|2
MB200202115,2,32101062290,CANYON RANCH AUSTIN,600 MOOONLIGHT BND,SPICEWOOD,78669,227,,unclassified,,,,,,,,78669,,MB200202115|2
MB200202656,12,32044361890,HAT CREEK BURGER COMPANY,166 HARGRAVES DR STE F100,AUSTIN,78737,105,722511,casual_full_service,,,,,,Austin: Southwest,,78737,,MB200202656|12
MB200202667,2,32044361890,HAT CREEK BURGER CO,201 SAN GABRIEL VILLAGE BLVD,GOERGETOWN,78626,246,722511,casual_full_service,,,,,,Round Rock / Georgetown,,78626,,MB200202667|2
MB200202787,3,32102491209,KATZ'S,620 W 6TH ST,AUSTIN,78701,227,722330,food_truck,-97.749532,30.26995,dt_2nd_warehouse,2nd Street / Warehouse,,,3.81,78701,,MB200202787|3
MB200202890,1,32105851649,BREW AND PAWS,9825 N LAKE CREEK PKWY,AUSTIN,78717,246,,unclassified,-97.792818,30.473295,,,,Austin: Northwest,17.81,78717,,MB200202890|1
MB200203126,1,32103445204,ATX SIP LLC,715 RED RIVER ST,AUSTIN,78701,227,,unclassified,-97.736578,30.268098,dt_core,Downtown,,,3.95,78701,,MB200203126|1
MB200203184,41,17529677076,TRU BY HILTON AUSTIN,1715 GUADALUPE ST,AUSTIN,78701,227,722410,bar,-97.742033,30.280532,dt_core,Downtown,,,4.63,78701,,MB200203184|41
MB200203345,41,32061311323,THE OLIVE GARDEN ITALIAN RESTAURANT #6542,5010 W HIGHWAY 290,AUSTIN,78735,227,722511,casual_full_service,,,,,,Austin: Southwest,,78735,,MB200203345|41
MB200204188,1,32100207268,OAKWOOD MARKET BAR,2500 BEVERLY DR,DRIPPING SPRINGS,78620,105,722511,casual_full_service,,,,,,Hays County,,78620,,MB200204188|1
MB200204585,1,32069136722,NIXTA HOSPITALITY,2512 E 12TH ST UNIT B,AUSTIN,78702,227,722320,catering_contract,-97.713195,30.274837,east_12th,East Austin,East 12th and north,,5.09,78702,,MB200204585|1
MB200205,6,17420888228,KERBEY LANE CAFE-NORTHWEST,13435 N HIGHWAY 183 STE 415,AUSTIN,78750,246,722511,casual_full_service,,,,,,Austin: Northwest,,78750,,MB200205|6
MB200205856,136,17519750495,PREMIER HOSPITALITY #84726003,1971 SAN JACNITO BLVD,AUSTIN,78712,227,722511,casual_full_service,,,off_ut,,,UT,,78712,zip_majority,MB200205856|136
MB200206206,1,32105736519,"BEN & LYNN'S CHICKEN AUSTIN, LLC",2600 E CESAR CHAVEZ ST,AUSTIN,78702,227,722513,fast_casual,-97.715418,30.253922,east_holly_ecc,East Austin,Holly / East Cesar Chavez,,3.94,78702,,MB200206206|1
MB204396,2,17426555961,GUERO'S RESTAURANT,1412 S CONGRESS AVE,AUSTIN,78704,227,722511,casual_full_service,-97.749772,30.249378,soco,South Congress,,,2.45,78704,,MB204396|2
MB206766,1,17425229717,"THE COUNTY LINE ON THE LAKE, INC.",5204 RANCH ROAD 2222,AUSTIN,78731,227,722511,casual_full_service,,,,,,Austin: Northwest,,78731,,MB206766|1
MB206770,1,17425277013,"THE COUNTY LINE ON THE HILL, INC.",6500 BEE CAVES RD,AUSTIN,78746,227,722511,casual_full_service,,,,,,Westlake / Lakeway,,78746,,MB206770|1
MB207911,1,17425291055,CHEZ ZEE CAFE & DESSERT BAKERY,5406 BALCONES DR,AUSTIN,78731,227,722511,casual_full_service,-97.758715,30.335487,,,,Austin: Northwest,8.23,78731,,MB207911|1
MB211943,303,37217217217,UNIVERSITY OF TEXAS AT AUSTIN TEXAS UNION,2301 GUADALUPE ST,AUSTIN,78705,227,,unclassified,-97.74169,30.286517,off_central_austin,,,Central Austin,5.04,78705,,MB211943|303
MB213855,1,17428618072,PARMER LANE TAVERN,2121 W PARMER LN STE 101,AUSTIN,78727,227,722410,bar,-97.697223,30.416583,,,,Austin: North,14.41,78727,,MB213855|1
MB216320,1,17425732561,THE SAXON PUB,1320 S LAMAR BLVD,AUSTIN,78704,227,722410,bar,-97.763143,30.253406,slamar,South Lamar,,,2.55,78704,,MB216320|1
MB217888,4,17416113326,CATERING BY ROSEMARY INC,2110 SAN JACINTO BLVD,AUSTIN,78712,227,722320,catering_contract,-97.73405,30.283403,off_ut,,,UT,4.98,78712,,MB217888|4
MB218510,1,17522822182,AUSSIE'S BAR & GRILL,306 BARTON SPRINGS RD,AUSTIN,78704,227,722511,casual_full_service,-97.748358,30.258659,soco,South Congress,,,3.08,78704,,MB218510|1
MB220112,1,17425710872,ELEPHANT ROOM,315 CONGRESS AVE # 10,AUSTIN,78701,227,722410,bar,-97.743669,30.265784,dt_2nd_warehouse,2nd Street / Warehouse,,,3.64,78701,,MB220112|1
MB221294,3,17419588342,ESTHER'S FOLLIES/VELVEETA ROOM,525 E 6TH ST,AUSTIN,78701,227,,unclassified,-97.737195,30.26648,dt_core,Downtown,,,3.84,78701,,MB221294|3
MB223690,1,12012310558,REGENCY BEVERAGE COMPANY,208 BARTON SPRINGS RD,AUSTIN,78704,227,,unclassified,-97.747307,30.258877,soco,South Congress,,,3.12,78704,,MB223690|1
MB225254,4,17425949496,SC BEVERAGE COMPANY,4140 GOVERNORS ROW,AUSTIN,78744,227,,unclassified,-97.750137,30.213486,off_southeast,,,Southeast,0.93,78744,,MB225254|4
MB227273,6,17426162909,TACO CABANA,135 LONG ST,SAN MARCOS,78666,105,722511,casual_full_service,,,,,,Hays County,,78666,,MB227273|6
MB227678,1,17426413971,SCARLETT'S ROSE,3105 S INTERSTATE 35,ROUND ROCK,78664,227,722410,bar,,,,,,Round Rock / Georgetown,,78664,,MB227678|1
MB228006,22,11342596357,CHEDDAR'S CASUAL CAFE',4301 W WILLIAM CANNON DR BLDG D,AUSTIN,78749,227,722511,casual_full_service,-97.839049,30.222415,off_oak_hill,,,Oak Hill,4.42,78749,,MB228006|22
MB228816,1,17426266999,PARDNERS,1100 E PALM VALLEY BLVD STE 15,ROUND ROCK,78664,246,722410,bar,,,,,,Round Rock / Georgetown,,78664,,MB228816|1
MB234303,36,17426162909,TACO CABANA,2117 W BEN WHITE BLVD,AUSTIN,78704,227,722511,casual_full_service,-97.790994,30.230816,off_south_austin,,,South Austin,1.82,78704,,MB234303|36
MB234305,37,17426162909,TACO CABANA,8415 RESEARCH BLVD,AUSTIN,78758,227,722511,casual_full_service,-97.715697,30.357751,off_north_austin_civic_association,,,North Austin Civic Association,10.2,78758,,MB234305|37
MB234515,1,17426110130,TEXAS BAR & GRILL,14611 N MO PAC EXPY STE 100,AUSTIN,78728,227,722511,casual_full_service,,,,,,Austin: North,,78728,,MB234515|1
MB234921,2,17426366393,PERLA'S SEAFOOD & OYSTER BAR,1400 S CONGRESS AVE STE B100,AUSTIN,78704,227,722511,casual_full_service,-97.749598,30.249832,soco,South Congress,,,2.48,78704,,MB234921|2
MB236133,4,17420097572,MICHELADA'S/COPPERTANK,504 TRINITY ST UNIT B,AUSTIN,78701,227,722511,casual_full_service,-97.739604,30.266358,dt_core,Downtown,,,3.77,78701,,MB236133|4
MB236404,4,17426241083,OK CORRAL,629 W BEN WHITE BLVD,AUSTIN,78704,227,722511,casual_full_service,-97.770808,30.226765,off_south_austin,,,South Austin,0.78,78704,,MB236404|4
MB236668,38,17426162909,TACO CABANA,2110 S INTERSTATE 35,ROUND ROCK,78681,246,722511,casual_full_service,,,,,,Round Rock / Georgetown,,78681,,MB236668|38
MB238578,1,17429170982,CHEERS SHOT BAR,416 E 6TH ST,AUSTIN,78701,227,722410,bar,-97.738617,30.266883,dt_core,Downtown,,,3.83,78701,,MB238578|1
MB238709,5,17426615716,BEACHSIDE BILLY'S,16107 WHARF CV,LEANDER,78641,227,,unclassified,,,,,,Cedar Park / Leander,,78641,,MB238709|5
MB238715,1,17426698399,HULA HUT,3825 LAKE AUSTIN BLVD,AUSTIN,78703,227,722511,casual_full_service,-97.783808,30.296051,off_central_west_austin,,,Central West Austin,5.6,78703,,MB238715|1
MB239559,1,17426729418,BOOMERZ,6148 W HIGHWAY 290,AUSTIN,78735,227,722410,bar,,,,,,Austin: Southwest,,78735,,MB239559|1
MB239865,112,17519330587,CHILI'S GRILL & BAR,11012 PECAN PARK BLVD,CEDAR PARK,78613,246,722511,casual_full_service,,,,,,Cedar Park / Leander,,78613,,MB239865|112
MB241608,1,17426737684,AUSTIN LAND AND CATTLE COMPANY,1205 N LAMAR BLVD,AUSTIN,78703,227,722511,casual_full_service,-97.751172,30.277365,dt_core,Downtown,,,4.29,78703,,MB241608|1
MB242067,1,17426694018,THE I DONT KNOW BAR,650 E HOPKINS ST,SAN MARCOS,78666,105,722410,bar,,,,,,Hays County,,78666,,MB242067|1
MB242362,1,17425252974,JUANA MARIA'S TEXICAN CAFE,11940 MANCHACA RD STE 107,AUSTIN,78748,227,722511,casual_full_service,-97.833075,30.145443,,,,Austin: Far South,6.36,78748,,MB242362|1
MB242790,1,17426755926,SLICK WILLIE'S FAMILY POOL HALL,8440 BURNET RD STE 160,AUSTIN,78757,227,722410,bar,-97.728181,30.366055,off_crestview_wooten,,,Crestview/Wooten,10.56,78757,,MB242790|1
MB245789,224,17519330587,CHILI'S GRILL & BAR,614 HIGHWAY 79,HUTTO,78634,246,722511,casual_full_service,,,,,,Round Rock / Georgetown,,78634,,MB245789|224
MB246337,54,17426162909,"CABANA BEVERAGES, INC.",9605 RESEARCH BLVD,AUSTIN,78759,227,722511,casual_full_service,-97.74469,30.387766,off_north_burnet_gateway,,,North Burnet/Gateway,11.89,78759,,MB246337|54
MB246406,49,17524461674,OUTBACK STEAKHOUSE,11600 RESEARCH BLVD,AUSTIN,78759,227,722511,casual_full_service,-97.745671,30.414926,,,,Austin: Northwest,13.76,78759,,MB246406|49
MB247774,301,17519330587,CHILI'S GRILL & BAR,9900 S INTERSTATE 35 STE Z,AUSTIN,78748,227,722511,casual_full_service,-97.790896,30.156653,,,,Austin: Far South,4.41,78748,,MB247774|301
MB248682,1,17427163450,RAGGEDY ANNE'S,2113 WELLS BRANCH PKWY STE 600,AUSTIN,78728,227,722511,casual_full_service,-97.683754,30.436694,,,,Austin: North,15.97,78728,,MB248682|1
MB249287,75,17426162909,"CABANA BEVERAGES, INC.",2507 E RIVERSIDE DR,AUSTIN,78741,227,722511,casual_full_service,-97.723629,30.234798,off_east_riverside_oltorf,,,East Riverside/Oltorf,2.79,78741,,MB249287|75
MB249378,1,17427121425,CASINO EL CAMINO,517 E 6TH ST,AUSTIN,78701,227,722410,bar,-97.737534,30.266579,dt_core,Downtown,,,3.83,78701,,MB249378|1
MB250577,2,17427235670,STARDUST CLUB,11940 MANCHACA RD STE 114,AUSTIN,78748,227,722410,bar,-97.833075,30.145443,,,,Austin: Far South,6.36,78748,,MB250577|2
MB250799,73,17426162909,"CABANA BEVERAGES, INC.",12525 N MO PAC EXPY,AUSTIN,78727,227,722511,casual_full_service,,,,,,Austin: North,,78727,,MB250799|73
MB250801,74,17426162909,"CABANA BEVERAGES, INC.",6430 S INTERSTATE 35,AUSTIN,78745,227,722511,casual_full_service,-97.768893,30.191707,off_east_congress_sweetbriar_west_congress,,,East Congress / Sweetbriar / West Congress,1.73,78745,,MB250801|74
MB253273,5,17427341387,FLORES MEXICAN RESTAURANT,2127 LOHMANS CROSSING RD STE 318,LAKEWAY,78734,227,722511,casual_full_service,,,,,,Westlake / Lakeway,,78734,,MB253273|5
MB253731,1,17427513654,THE HILLS AT LAKEWAY,26 CLUB ESTATES PKWY,THE HILLS,78738,227,,unclassified,,,,,,Westlake / Lakeway,,78738,,MB253731|1
MB255313,1,17427386580,CURRA'S GRILL,614 E OLTORF ST,AUSTIN,78704,227,722511,casual_full_service,-97.749156,30.23677,off_greater_south_river_city,,,Greater South River City,1.7,78704,,MB255313|1
MB256411,88,17519330587,CHILI'S GRILL & BAR,102 N INTERSTATE 35,SAN MARCOS,78666,105,722511,casual_full_service,,,,,,Hays County,,78666,,MB256411|88
MB257972,1,17426737940,EL JACALITO RESTAURANT,2030 E OLTORF ST STE 110,AUSTIN,78741,227,722511,casual_full_service,-97.733392,30.230855,off_east_riverside_oltorf,,,East Riverside/Oltorf,2.15,78741,,MB257972|1
MB258555,7,17606444507,CARRABBA'S ITALIAN GRILL,11590 RESEARCH BLVD,AUSTIN,78759,227,722511,casual_full_service,-97.745604,30.414582,,,,Austin: Northwest,13.73,78759,,MB258555|7
MB261876,94,17519330587,CHILI'S GRILL & BAR,2711 S INTERSTATE 35,ROUND ROCK,78664,246,722511,casual_full_service,,,,,,Round Rock / Georgetown,,78664,,MB261876|94
MB262737,47,17427050780,WLS BEVERAGE COMPANY,304 E CESAR CHAVEZ ST,AUSTIN,78701,227,722410,bar,-97.741979,30.262658,dt_core,Downtown,,,3.48,78701,,MB262737|47
MB263799,52,17514214240,RED LOBSTER RESTAURANT #844,100 N INTERSTATE 35,SAN MARCOS,78666,105,,unclassified,,,,,,Hays County,,78666,,MB263799|52
MB268435,15,17427823848,SALC. INC.(HILTON HOTEL),500 E 4TH ST,AUSTIN,78701,227,722410,bar,-97.738952,30.264948,dt_core,Downtown,,,3.7,78701,,MB268435|15
MB401691,1,17427910926,LAS DIOSAS MEN'S CLUB,745 BASTROP HWY,AUSTIN,78741,227,722410,bar,-97.684212,30.233208,off_montopolis,,,Montopolis,4.98,78741,,MB401691|1
MB401963,10,17425949496,SC BEVERAGE COMPANY,700 SAN JACINTO BLVD,AUSTIN,78701,227,722511,casual_full_service,-97.740045,30.268301,dt_core,Downtown,,,3.88,78701,,MB401963|10
MB402285,1,17429131729,THE TAVERN,804 CHESTNUT ST STE D,SAN MARCOS,78666,105,722410,bar,,,,,,Hays County,,78666,,MB402285|1
MB403317,1,17429781895,LA MARGARITA,1530 N INTERSTATE 35,ROUND ROCK,78681,246,,unclassified,,,,,,Round Rock / Georgetown,,78681,,MB403317|1
MB404229,48,17427050780,WLS BEVERAGE COMPANY,2552 GUADALUPE ST,AUSTIN,78705,227,722410,bar,-97.741299,30.290371,off_ut,,,UT,5.3,78705,,MB404229|48
MB408067,1,17426089045,SHAKESPEARE'S,314 E 6TH ST,AUSTIN,78701,227,722511,casual_full_service,-97.739863,30.267237,dt_core,Downtown,,,3.82,78701,,MB408067|1
MB408287,2,17426818724,MAUDIES CAFE TOO,1212 S LAMAR BLVD,AUSTIN,78704,227,,unclassified,-97.762423,30.254524,slamar,South Lamar,,,2.63,78704,,MB408287|2
MB410775,1,17428142982,TOUCHE,417 E 6TH ST,AUSTIN,78701,227,722410,bar,-97.738572,30.266871,dt_core,Downtown,,,3.83,78701,,MB410775|1
MB417505,1,17428380483,PETES DUELING PIANO BAR,421 E 6TH ST,AUSTIN,78701,227,722511,casual_full_service,-97.73839,30.266823,dt_core,Downtown,,,3.83,78701,,MB417505|1
MB422818,89,17426162909,CABANA BEVERAGES INC.,9705 MANCHACA RD,AUSTIN,78748,227,722511,casual_full_service,,,,,,Austin: Far South,,78748,,MB422818|89
MB427491,93,17426162909,CABANA BEVERAGES INC,15002 FM 1825,PFLUGERVILLE,78660,227,722511,casual_full_service,,,,,,Pflugerville / Manor,,78660,,MB427491|93
MB430826,1,32051123340,LA POSADA MEXICAN RESTAURANT,6800 W GATE BLVD STE 140,AUSTIN,78745,227,722511,casual_full_service,-97.81438,30.208777,off_south_austin,,,South Austin,2.98,78745,,MB430826|1
MB432480,1,17429065000,ENCHILADAS Y MAS,1911 W ANDERSON LN,AUSTIN,78757,227,722511,casual_full_service,-97.726582,30.354099,off_crestview_wooten,,,Crestview/Wooten,9.78,78757,,MB432480|1
MB435699,1,17427715044,STUBB'S BAR-B-Q,801 RED RIVER ST,AUSTIN,78701,227,722511,casual_full_service,-97.736476,30.268386,dt_core,Downtown,,,3.97,78701,,MB435699|1
MB435963,50,17524461674,OUTBACK STEAKHOUSE,4205 S INTERSTATE 35,SAN MARCOS,78666,105,722511,casual_full_service,,,,,,Hays County,,78666,,MB435963|50
MB436920,1,17428833515,MANUEL'S AT GREAT HILLS,10201 JOLLYVILLE RD,AUSTIN,78759,227,722511,casual_full_service,-97.749994,30.395874,,,,Austin: Northwest,12.42,78759,,MB436920|1
MB438997,5,17428891539,DARWINS PUB,223 E 6TH ST,AUSTIN,78701,227,,unclassified,-97.740383,30.2674,dt_core,Downtown,,,3.82,78701,,MB438997|5
MB441261,2,32004535715,HOOVER'S COOKING,2002C MANOR RD,AUSTIN,78722,227,722511,casual_full_service,-97.720402,30.284087,east_manor,East Austin,Manor Road,,5.38,78722,,MB441261|2
MB447833,2,17425996604,FLAMINGO CANTINA INC,515 E 6TH ST,AUSTIN,78701,227,722410,bar,-97.737619,30.266603,dt_core,Downtown,,,3.83,78701,,MB447833|2
MB448605,1,17427657873,LAS PALOMAS RESTAURANT & BAR,3201 BEE CAVES RD STE 122,AUSTIN,78746,227,722511,casual_full_service,,,,,,Westlake / Lakeway,,78746,,MB448605|1
MB451203,2,11615633655,BRAZOS CONCESSIONS CO/SALT LICK JOINT VENTURE,3600 PRESIDENTIAL BLVD STE 3,AUSTIN,78719,227,722511,casual_full_service,-97.666989,30.202629,,,,Austin: Southeast / Del Valle,5.95,78719,,MB451203|2
MB451333,3,11615633655,BRAZOS CONCESSIONS CO/SALT LICK JOINT VENTURE,3600 PRESIDENTIAL BLVD STE 4,AUSTIN,78719,227,722511,casual_full_service,-97.666989,30.202629,,,,Austin: Southeast / Del Valle,5.95,78719,,MB451333|3
MB452543,6,17526178011,DAVE AND BUSTER'S,9333 RESEARCH BLVD STE A600,AUSTIN,78759,227,722410,bar,-97.742052,30.381527,,,,Austin: Northwest,11.48,78759,,MB452543|6
MB452970,42,17429444858,"CHIPOTLE MEXICAN GRILL;CHIPOTLE, BURRITTOS,& TACOS",801 CONGRESS AVE,AUSTIN,78701,227,722511,casual_full_service,-97.742106,30.269952,dt_core,Downtown,,,3.94,78701,,MB452970|42
MB453004,1,17429280005,THE RANCH,616 NUECES ST,AUSTIN,78701,227,722511,casual_full_service,-97.748145,30.270391,dt_core,Downtown,,,3.86,78701,,MB453004|1
MB457808,123,17519330587,CHILI'S GRILL & BAR,4420 N LAMAR BLVD,AUSTIN,78756,227,722511,casual_full_service,-97.738119,30.312723,off_rosedale,,,Rosedale,6.84,78756,,MB457808|123
MB457810,3,17422427371,JULIO'S CAFE,4230 DUVAL ST,AUSTIN,78751,227,722511,casual_full_service,-97.726084,30.304623,off_central_austin,,,Central Austin,6.52,78751,,MB457810|3
MB458069,1,30117462959,MESA ROSA,10700 ANDERSON MILL RD,AUSTIN,78750,246,722511,casual_full_service,-97.811881,30.446951,,,,Austin: Northwest,16.16,78750,,MB458069|1
MB459433,4,17427287499,AMAYA'S TACO VILLAGE,5804 N INTERSTATE 35,AUSTIN,78751,227,722511,casual_full_service,-97.707664,30.319203,off_north_loop,,,North Loop,7.88,78751,,MB459433|4
MB460027,1,17429299567,BLIND PIG PUB / PIG PEN,317 E 6TH ST,AUSTIN,78701,227,722410,bar,-97.739751,30.267202,dt_core,Downtown,,,3.82,78701,,MB460027|1
MB460403,1,17429194354,RODEO,9515 N LAMAR BLVD STE 200,AUSTIN,78753,227,722410,bar,-97.696004,30.364876,off_north_austin_civic_association,,,North Austin Civic Association,11.05,78753,,MB460403|1
MB461988,1,17429083763,SERRANOS CAFE & CANTINA,5030 W HIGHWAY 290 BLDG 9,AUSTIN,78735,227,722511,casual_full_service,,,,,,Austin: Southwest,,78735,,MB461988|1
MB463476,1,17429311198,THE AQUARIUM ON 6TH,403 E 6TH ST,AUSTIN,78701,227,722410,bar,-97.739207,30.267038,dt_core,Downtown,,,3.82,78701,,MB463476|1
MB465037,2,17429354669,DESEO NIGHTCLUB,505 NECHES ST,AUSTIN,78701,227,722410,bar,-97.738496,30.266125,dt_core,Downtown,,,3.78,78701,,MB465037|2
MB465662,1,17428919108,SIENA RESTAURANT,6203 N CAPITAL OF TEXAS HWY # B,AUSTIN,78731,227,722511,casual_full_service,,,,,,Austin: Northwest,,78731,,MB465662|1
MB466985,1,32046697762,CASA GARCIAS,1901 W WILLIAM CANNON DR STE 159,AUSTIN,78745,227,722511,casual_full_service,-97.804361,30.202296,off_south_austin,,,South Austin,2.53,78745,,MB466985|1
MB469380,42,15218379848,"HOSPITALITY INTERNATIONAL, INC.",9721 ARBORETUM BLVD,AUSTIN,78759,227,722511,casual_full_service,-97.749835,30.393342,,,,Austin: Northwest,12.25,78759,,MB469380|42
MB470408,1,17425520941,BARTLETT'S,2408 W ANDERSON LN,AUSTIN,78757,227,722511,casual_full_service,-97.731002,30.356157,off_allandale,,,Allandale,9.86,78757,,MB470408|1
MB471834,5,17429444858,CHIPOTLE CHIPOTLE MEXICAN GRILL CHIPOTLE BURRITOS,4400 N LAMAR BLVD STE 101,AUSTIN,78756,227,722511,casual_full_service,-97.738548,30.312103,off_rosedale,,,Rosedale,6.79,78756,,MB471834|5
MB471836,6,17429444858,CHIPOTLE CHIPOTLE MEXICAN GRILL CHIPOTLE BURRITOS,2230 GUADALUPE ST,AUSTIN,78705,227,722511,casual_full_service,-97.741767,30.285599,off_central_austin,,,Central Austin,4.97,78705,,MB471836|6
MB472426,1,17429492907,HANOVER'S DRAUGHT HAUS,108 E MAIN ST,PFLUGERVILLE,78660,227,722410,bar,,,,,,Pflugerville / Manor,,78660,,MB472426|1
MB472588,2,32009154678,G & S LOUNGE,2420 S 1ST ST,AUSTIN,78704,227,722410,bar,-97.759868,30.241739,off_dawson,,,Dawson,1.77,78704,,MB472588|2
MB472800,7,17429444858,CHIPOTLE CHIPOTLE MEXICAN GRILL CHIPOTLE BURRITOS,3300 BEE CAVES RD STE 670,WEST LAKE HILLS,78746,227,722511,casual_full_service,,,,,,Westlake / Lakeway,,78746,,MB472800|7
MB476153,1,17428920957,TAQERIA CHAPALA JALISCO,2101 E CESAR CHAVEZ ST,AUSTIN,78702,227,722511,casual_full_service,-97.721654,30.256081,east_holly_ecc,East Austin,Holly / East Cesar Chavez,,3.78,78702,,MB476153|1
MB476517,6,17427341387,FLORES MEXICAN RESTAURANT,4625 W WILLIAM CANNON DR BLDG 4,AUSTIN,78749,227,722511,casual_full_service,-97.843534,30.223758,off_oak_hill,,,Oak Hill,4.7,78749,,MB476517|6
MB478403,1,17427507276,"REALE'S PIZZA & CAFE, INC.",13450 N HIGHWAY 183 STE 230,AUSTIN,78750,246,722511,casual_full_service,,,,,,Austin: Northwest,,78750,,MB478403|1
MB480664,1,17429548047,MAUDIE'S NORTH LAMAR,10205 N LAMAR BLVD,AUSTIN,78753,227,722511,casual_full_service,-97.692428,30.371245,off_north_lamar,,,North Lamar,11.54,78753,,MB480664|1
MB481201,1,17429519139,"AMERICAN UMI, INC.",5510 S INTERSTATE 35 STE 400,AUSTIN,78745,227,722511,casual_full_service,-97.762781,30.200668,off_east_congress_sweetbriar_west_congress,,,East Congress / Sweetbriar / West Congress,1.11,78745,,MB481201|1
MB482914,33,17601930666,PAPPADEAUX SEAFOOD KITCHEN #3,6319 N INTERSTATE 35,AUSTIN,78752,227,,unclassified,-97.705625,30.325007,off_st_john_coronado_hills,,,St. John Coronado Hills,8.3,78752,,MB482914|33
MB483441,1,17428603785,THE AUSTIN GOLF CLUB,24900 STATE HIGHWAY 71 W,SPICEWOOD,78669,227,,unclassified,,,,,,,,78669,,MB483441|1
MB485624,65,17514214240,RED LOBSTER OF TEXAS INC,2702 PARKER DR STE A,ROUND ROCK,78681,246,,unclassified,,,,,,Round Rock / Georgetown,,78681,,MB485624|65
MB488358,2,17429735149,MAUDIE'S ORIGINAL,2608 W 7TH ST,AUSTIN,78703,227,722511,casual_full_service,-97.775596,30.282386,off_central_west_austin,,,Central West Austin,4.59,78703,,MB488358|2
MB488379,1,17429654787,BARFLY'S,5420B AIRPORT BLVD,AUSTIN,78751,227,722410,bar,-97.713704,30.316919,off_north_loop,,,North Loop,7.59,78751,,MB488379|1
MB490462,1,17429868239,JARDIN CORONA MEXICAN RESTAURANT,600 S BELL BLVD # A13,CEDAR PARK,78613,246,722511,casual_full_service,,,,,,Cedar Park / Leander,,78613,,MB490462|1
MB490464,2,17429868247,JARDIN CORONA MEXICAN RESTAURANT,13301 N HIGHWAY 183 STE E,AUSTIN,78750,246,722511,casual_full_service,,,,,,Austin: Northwest,,78750,,MB490464|2
MB492405,137,17519330587,CHILI'S GRILL & BAR,701 E STASSNEY LN STE A,AUSTIN,78745,227,722511,casual_full_service,-97.768414,30.200673,off_east_congress_sweetbriar_west_congress,,,East Congress / Sweetbriar / West Congress,1.11,78745,,MB492405|137
MB493188,13,17605396294,"GATEWAY BEVERAGES, INC",1101 WOODLAWN AVE,GEORGETOWN,78628,246,722410,bar,,,,,,Round Rock / Georgetown,,78628,,MB493188|13
MB494854,1,19120940689,OASIS CANTINA DEL LAGO,6550 COMANCHE TRL,AUSTIN,78732,227,722511,casual_full_service,-97.872436,30.404602,,,,Austin: Northwest,14.48,78732,,MB494854|1
MB496739,1,17429501285,SAZON,1816 S LAMAR BLVD,AUSTIN,78704,227,,unclassified,-97.766662,30.249902,slamar,South Lamar,,,2.31,78704,,MB496739|1
MB498586,2,17430075469,PARKSIDE,301 E 6TH ST,AUSTIN,78701,227,722410,bar,-97.740346,30.267388,dt_core,Downtown,,,3.82,78701,,MB498586|2
MB498717,1,17430077945,SPEAKEASY,412 CONGRESS AVE STE D,AUSTIN,78701,227,722410,bar,-97.743348,30.266651,dt_2nd_warehouse,2nd Street / Warehouse,,,3.7,78701,,MB498717|1
MB499432,54,17601930666,PAPPASITO'S CANTINA,6513 N INTERSTATE 35,AUSTIN,78752,227,,unclassified,-97.706942,30.32613,off_st_john_coronado_hills,,,St. John Coronado Hills,8.33,78752,,MB499432|54
MB502800,1,12007866010,TAQUERIA Y RESAURANTE GUADALAJARA #2,2448 S 1ST ST,AUSTIN,78704,227,722511,casual_full_service,-97.760202,30.24121,off_dawson,,,Dawson,1.73,78704,,MB502800|1
MB502953,4,17425827114,NORRIS CONFERENCE CENTER AUSTIN,2525 W ANDERSON LN STE 365,AUSTIN,78757,227,,unclassified,-97.732492,30.356914,off_allandale,,,Allandale,9.89,78757,,MB502953|4
MB503240,1,17430120448,LAVACA STREET BAR,405 LAVACA ST,AUSTIN,78701,227,722511,casual_full_service,-97.745783,30.267152,dt_2nd_warehouse,2nd Street / Warehouse,,,3.69,78701,,MB503240|1
MB504087,1,17430098131,ELYSIUM,705 RED RIVER ST,AUSTIN,78701,227,722410,bar,-97.736742,30.267638,dt_core,Downtown,,,3.92,78701,,MB504087|1
MB505030,2,17429989183,SHENANIGANS NIGHTCLUB,13233 POND SPRINGS RD STE 316,AUSTIN,78729,246,722410,bar,-97.779322,30.445956,,,,Austin: North,15.87,78729,,MB505030|2
MB505374,1,12000772371,SAO PAULO'S RESTAURANTE,2809 SAN JACINTO BLVD,AUSTIN,78705,227,722511,casual_full_service,-97.73479,30.291022,off_ut,,,UT,5.46,78705,,MB505374|1
MB508153,15,17429444858,CHIPOTLE MEXICAN GRILL #262,1700 W PARMER LN STE 200,AUSTIN,78727,227,722511,casual_full_service,-97.689749,30.41275,,,,Austin: North,14.29,78727,,MB508153|15
MB510077,1,17430246946,HALCYON COFFEEHOUSE BAR & LOUNGE,218 W 4TH ST,AUSTIN,78701,227,722511,casual_full_service,-97.745686,30.266825,dt_2nd_warehouse,2nd Street / Warehouse,,,3.67,78701,,MB510077|1
MB510395,1,17430224208,MAUDIES MILAGRO,3801 N CAPITAL OF TEXAS HWY STE H200,AUSTIN,78746,227,722511,casual_full_service,,,,,,Westlake / Lakeway,,78746,,MB510395|1
MB510624,2,30117462959,MESA ROSA MEXICAN RESTAURANT,15515 RANCH ROAD 620 N,AUSTIN,78717,246,722511,casual_full_service,,,,,,Austin: Northwest,,78717,,MB510624|2
MB511132,9,17427823848,"SALC, INC.",300 S CONGRESS AVE,AUSTIN,78704,227,722410,bar,-97.746149,30.259117,soco,South Congress,,,3.16,78704,,MB511132|9
MB515977,1,17430188072,CANARY ROOST,11900 METRIC BLVD STE D,AUSTIN,78758,227,722511,casual_full_service,-97.703203,30.400418,off_north_burnet_gateway,,,North Burnet/Gateway,13.23,78758,,MB515977|1
MB517820,2,17429983541,FRIENDS,208 E 6TH ST,AUSTIN,78701,227,722410,bar,-97.741087,30.267588,dt_core,Downtown,,,3.81,78701,,MB517820|2
MB517898,4,11615633655,BRAZOS CONCESSIONS CO/SALT LICK JOINT VENTURE,3600 PRESIDENTIAL BLVD STE 5,AUSTIN,78719,227,722511,casual_full_service,-97.666989,30.202629,,,,Austin: Southeast / Del Valle,5.95,78719,,MB517898|4
MB519984,48,17521332019,OLIVE GARDEN OF TEXAS #1537,12827 RANCH ROAD 620 N,AUSTIN,78750,246,,unclassified,,,,,,Austin: Northwest,,78750,,MB519984|48
MB520543,110,17426162909,"CABANA BEVERAGES, INC.",100 WALTON WAY,CEDAR PARK,78613,246,722511,casual_full_service,,,,,,Cedar Park / Leander,,78613,,MB520543|110
MB520638,1,10205499709,THE CEDAR DOOR/FOXYS PROPER PUB,201 BRAZOS ST,AUSTIN,78701,227,722410,bar,-97.742849,30.264007,dt_core,Downtown,,,3.54,78701,,MB520638|1
MB522857,1,32058993471,JUAN IN A MILLION RESTAURANT,2300 E CESAR CHAVEZ ST,AUSTIN,78702,227,722511,casual_full_service,-97.719358,30.255281,east_holly_ecc,East Austin,Holly / East Cesar Chavez,,3.83,78702,,MB522857|1
MB524398,1,11342084230,THE OFFICE LOUNGE,1207 LEANDER RD,GEORGETOWN,78628,246,722410,bar,,,,,,Round Rock / Georgetown,,78628,,MB524398|1
MB525219,159,17519330587,CHILI'S GRILL & BAR,1205 N BELL BLVD,CEDAR PARK,78613,246,722511,casual_full_service,,,,,,Cedar Park / Leander,,78613,,MB525219|159
MB525484,9,17427540780,THE CHEESECAKE FACTORY,10000 RESEARCH BLVD # 4602,AUSTIN,78759,227,722511,casual_full_service,-97.746603,30.392982,off_north_burnet_gateway,,,North Burnet/Gateway,12.24,78759,,MB525484|9
MB526917,1,17429648821,FREDA'S SEAFOOD GRILLE,10903 PECAN PARK BLVD,AUSTIN,78750,246,722511,casual_full_service,-97.803644,30.464923,,,,Austin: Northwest,17.31,78750,,MB526917|1
MB528081,12,11342596357,CHEDDAR'S CASUAL CAFE,15119 I H 35,PFLUGERVILLE,78660,227,722511,casual_full_service,,,,,,Pflugerville / Manor,,78660,,MB528081|12
MB529542,2,17605167117,P F CHANG'S CHINA BISTRO,10114 JOLLYVILLE RD,AUSTIN,78759,227,722511,casual_full_service,-97.749774,30.39508,,,,Austin: Northwest,12.37,78759,,MB529542|2
MB529546,5,17605167117,P F CHANG'S CHINA BISTRO,201 SAN JACINTO BLVD,AUSTIN,78701,227,722511,casual_full_service,-97.741778,30.263701,dt_core,Downtown,,,3.55,78701,,MB529546|5
MB529991,1,17427296946,THE PALAZIO,501 E BEN WHITE BLVD,AUSTIN,78704,227,722410,bar,-97.758251,30.220478,off_greater_south_river_city,,,Greater South River City,0.5,78704,,MB529991|1
MB530222,20,17519750495,PREMIER HOSPITALITY INC.,510 E 23RD ST,AUSTIN,78712,227,,unclassified,,,off_ut,,,UT,,78712,zip_majority,MB530222|20
MB532752,1,16511658300,JARDIN DEL REY,703 S HIGHWAY 183,LEANDER,78641,246,722511,casual_full_service,,,,,,Cedar Park / Leander,,78641,,MB532752|1
MB532936,1,12238856756,ROARING FORK,701 CONGRESS AVE,AUSTIN,78701,227,722511,casual_full_service,-97.742465,30.269011,dt_core,Downtown,,,3.87,78701,,MB532936|1
MB535007,1,13714426023,TRULUCK'S SEAFOOD STEAK AND CRAB HOUSE,10225 RESEARCH BLVD STE 4000,AUSTIN,78759,227,722511,casual_full_service,-97.745919,30.394763,off_north_burnet_gateway,,,North Burnet/Gateway,12.37,78759,,MB535007|1
MB535923,6,17604854111,SALTGRASS STEAKHOUSE #13,2300 N INTERSTATE 35,ROUND ROCK,78681,246,722511,casual_full_service,,,,,,Round Rock / Georgetown,,78681,,MB535923|6
MB540123,1,16114310952,MAUDIE'S HACIENDA,9911 BRODIE LN STE 900,AUSTIN,78748,227,722511,casual_full_service,-97.849033,30.184866,,,,Austin: Far South,5.46,78748,,MB540123|1
MB543115,172,17519330587,CHILI'S GRILL & BAR,12901 N INTERSTATE 35,AUSTIN,78753,227,722511,casual_full_service,-97.673121,30.414109,,,,Austin: North,14.72,78753,,MB543115|172
MB543798,1,19121990352,THE ROADHOUSE,1103 WONDER ST,ROUND ROCK,78681,246,722410,bar,,,,,,Round Rock / Georgetown,,78681,,MB543798|1
MB546130,8,17427513654,LIVE OAK COUNTRY CLUB,510 LAKEWAY DR,LAKEWAY,78734,227,722511,casual_full_service,,,,,,Westlake / Lakeway,,78734,,MB546130|8
MB546132,4,17427513654,YAUPON COUNTRY CLUB,100 CLUBHOUSE DR,LAKEWAY,78734,227,,unclassified,,,,,,Westlake / Lakeway,,78734,,MB546132|4
MB546792,1,18303699880,WATERLOO ICE HOUSE,6203 N CAPITAL OF TEXAS HWY STE 600,AUSTIN,78731,227,722511,casual_full_service,,,,,,Austin: Northwest,,78731,,MB546792|1
MB547446,1,32064487807,POLVOS MEXICANO & BAR,2004 S 1ST ST,AUSTIN,78704,227,722511,casual_full_service,-97.756983,30.245592,slamar,South Lamar,,,2.07,78704,,MB547446|1
MB547455,1,13001324576,WINGS N MORE,1200 W HOWARD LN,AUSTIN,78753,227,722511,casual_full_service,-97.670996,30.424243,,,,Austin: North,15.41,78753,,MB547455|1
MB549041,32,17604854111,SALTGRASS STEAKHOUSE,10614 RESEARCH BLVD,AUSTIN,78759,227,722511,casual_full_service,-97.745756,30.397702,off_north_burnet_gateway,,,North Burnet/Gateway,12.57,78759,,MB549041|32
MB550272,1,16805711401,SHOOTERS BILLIARDS & SPORTS BAR L L C,601 E WHITESTONE BLVD BLDG 5,CEDAR PARK,78613,246,722410,bar,,,,,,Cedar Park / Leander,,78613,,MB550272|1
MB551071,1,17607399437,COYOTE UGLY SALOON,501 E 6TH ST,AUSTIN,78701,227,722410,bar,-97.738212,30.266775,dt_core,Downtown,,,3.83,78701,,MB551071|1
MB551541,1,14505286121,THE UNIVERSITY OF TEXAS GOLF CLUB,2200 UNIVERSITY CLUB DR,AUSTIN,78732,227,722511,casual_full_service,-97.892493,30.355624,,,,Austin: Northwest,12.24,78732,,MB551541|1
MB551823,1,32051382193,JUANA MARIA'S TEXICAN CAFE,11066 PECAN PARK BLVD,CEDAR PARK,78613,246,722511,casual_full_service,,,,,,Cedar Park / Leander,,78613,,MB551823|1
MB553937,1,12003948507,THE SIDE BAR,602 E 7TH ST,AUSTIN,78701,227,722410,bar,-97.736727,30.267381,dt_core,Downtown,,,3.9,78701,,MB553937|1
MB557403,1,16114349042,AUSTIN BEL LLC,9515 NEW AIRPORT DR,AUSTIN,78719,227,722410,bar,,,,,,Austin: Southeast / Del Valle,,78719,,MB557403|1
MB559406,1,14121061676,WATERBEND INC,4209 ECK LN,AUSTIN,78734,227,722511,casual_full_service,-97.93177,30.404647,,,,Westlake / Lakeway,16.35,78734,,MB559406|1
MB560555,1,19201866407,SANTA RITA TEX MEX CANTINA,1206 W 38TH ST STE 4106,AUSTIN,78705,227,722511,casual_full_service,-97.745629,30.306377,off_rosedale,,,Rosedale,6.32,78705,,MB560555|1
MB562641,1,17428012276,PERFECT 10 MENS CLUB,16511 BRATTON LN,AUSTIN,78728,227,722410,bar,-97.674843,30.469963,,,,Austin: North,18.32,78728,,MB562641|1
MB562869,1,11616364664,M D PLUCKERS WING FACTORY & GRILL,9070 RESEARCH BLVD STE 201C,AUSTIN,78758,227,722511,casual_full_service,-97.727776,30.373497,off_north_shoal_creek,,,North Shoal Creek,11.07,78758,,MB562869|1
MB569630,1,12012270893,THE MELTING POT,13343 N HIGHWAY 183 STE 350,AUSTIN,78750,246,722511,casual_full_service,,,,,,Austin: Northwest,,78750,,MB569630|1
MB569659,15,11342596357,CHEDDAR'S CASUAL CAFE,13301 N HIGHWAY 183 STE C,AUSTIN,78750,246,722511,casual_full_service,,,,,,Austin: Northwest,,78750,,MB569659|15
MB570437,2,32001957938,BABY ACAPULCO RESTAURANT #5,9505B STONELAKE BLVD,AUSTIN,78759,227,722511,casual_full_service,-97.739375,30.385903,off_north_burnet_gateway,,,North Burnet/Gateway,11.8,78759,,MB570437|2
MB576385,1,12015917714,CIMARRON HILLS COUNTRY CLUB,200 CIMARRON HILLS TRL W,GEORGETOWN,78628,246,722511,casual_full_service,,,,,,Round Rock / Georgetown,,78628,,MB576385|1
MB578670,7,32079522200,MAIN EVENT - AUSTIN,13301 N HIGHWAY 183 STE A,AUSTIN,78750,246,,unclassified,,,,,,Austin: Northwest,,78750,,MB578670|7
MB608414,1,17426340521,BABY ACAPULCO RESTAURANT #1,1705A S LAKESHORE BLVD,AUSTIN,78741,227,722511,casual_full_service,-97.730221,30.244835,off_east_riverside_oltorf,,,East Riverside/Oltorf,2.87,78741,,MB608414|1
MB609707,1,14121722285,MOONSHINE PATIO BAR & GRILL,303 RED RIVER ST,AUSTIN,78701,227,722511,casual_full_service,-97.738187,30.26373,dt_core,Downtown,,,3.64,78701,,MB609707|1
MB609717,1,12011762379,BOULEVARD GRILL,3616 FAR WEST BLVD STE 116,AUSTIN,78731,227,722511,casual_full_service,,,,,,Austin: Northwest,,78731,,MB609717|1
MB611220,1,13522405003,AUSTIN'S CLUB CARNIVAL,2237 E RIVERSIDE DR STE 108,AUSTIN,78741,227,722410,bar,-97.725888,30.238099,off_east_riverside_oltorf,,,East Riverside/Oltorf,2.79,78741,,MB611220|1
MB613335,2,12031239978,COPPERHEAD GRILL,6115 LOHMANS FORD RD,LAGO VISTA,78645,227,722511,casual_full_service,,,,,,Cedar Park / Leander,,78645,,MB613335|2
MB614573,2,32041355853,RIO GRANDE TEX MEX,551 ED SCHMIDT BLVD,HUTTO,78634,246,722511,casual_full_service,,,,,,Round Rock / Georgetown,,78634,,MB614573|2
MB615181,1,12021456541,TAVERNA,258 W 2ND ST,AUSTIN,78701,227,722511,casual_full_service,-97.746576,30.264998,dt_2nd_warehouse,2nd Street / Warehouse,,,3.53,78701,,MB615181|1
MB615674,3,16805711401,SHOOTERS BILLIARDS & SPORTS BAR,11416 N FM 620,AUSTIN,78726,227,722410,bar,-97.828451,30.452953,,,,Austin: Northwest,16.76,78726,,MB615674|3
MB618652,62,17429444858,CHIPOTLE MEXICAN GRILL,610 E STASSNEY LN,AUSTIN,78745,227,722511,casual_full_service,-97.769847,30.201308,off_east_congress_sweetbriar_west_congress,,,East Congress / Sweetbriar / West Congress,1.09,78745,,MB618652|62
MB620436,61,17429444858,CHIPOTLE MEXICAN GRILL,11301 LAKELINE BLVD,AUSTIN,78717,246,722511,casual_full_service,-97.800484,30.480148,,,,Austin: Northwest,18.33,78717,,MB620436|61
MB621550,3,12036616329,FLORES MEXICAN RESTAURANT,8300 N FM 620 RD,AUSTIN,78726,227,722511,casual_full_service,-97.84524,30.421315,,,,Austin: Northwest,14.93,78726,,MB621550|3
MB621561,19,17429444858,CHIPOTLE MEXICAN GRILL,5400 BRODIE LN STE 1230,SUNSET VALLEY,78745,227,722511,casual_full_service,,,,,,Westlake / Lakeway,,78745,,MB621561|19
MB621897,1,12025059366,PLUCKERS WING BAR,300 MAYS XING STE 300,ROUND ROCK,78664,246,722511,casual_full_service,,,,,,Round Rock / Georgetown,,78664,,MB621897|1
MB624880,1,10438387093,THE HIDEOUT PUB,12164 N MO PAC EXPY,AUSTIN,78758,227,722511,casual_full_service,,,,,,Austin: North,,78758,,MB624880|1
MB626384,1,32015575981,BARTON SPRINGS SALOON,424 S LAMAR BLVD,AUSTIN,78704,227,722410,bar,,,slamar,South Lamar,,,,78704,zip_majority,MB626384|1
MB629732,26,17527408888,TEXAS ROADHOUSE,13435 N HIGHWAY 183 STE 7,AUSTIN,78750,246,,unclassified,,,,,,Austin: Northwest,,78750,,MB629732|26
MB630996,1,32058372064,EL BORREGO DE ORO #2,3900 S CONGRESS AVE,AUSTIN,78704,227,722511,casual_full_service,-97.763134,30.224279,off_dawson,,,Dawson,0.55,78704,,MB630996|1
MB632116,1,12025775573,KEY BAR,617 W 6TH ST,AUSTIN,78701,227,722410,bar,-97.749367,30.269903,dt_2nd_warehouse,2nd Street / Warehouse,,,3.81,78701,,MB632116|1
MB632402,1,17406426902,GEORGETOWN COUNTRY CLUB,1500 COUNTRY CLUB RD,GEORGETOWN,78628,246,722513,fast_casual,,,,,,Round Rock / Georgetown,,78628,,MB632402|1
MB634088,1,17424601536,EL ARROYO CAFE,1624 W 5TH ST INCLUDING 507 CAMPBELL ST,AUSTIN,78703,227,722511,casual_full_service,,,off_old_west_austin,,,Old West Austin,,78703,zip_majority,MB634088|1
MB634805,3,17109961551,CASA CHAPALA MEXICAN GRILL,9041 RESEARCH BLVD STE 100,AUSTIN,78758,227,722511,casual_full_service,-97.725706,30.373223,off_north_burnet_gateway,,,North Burnet/Gateway,11.08,78758,,MB634805|3
MB635135,17,17427050780,WLS BEVERAGE COMPANY,300 E 4TH ST STE 1,AUSTIN,78701,227,722511,casual_full_service,-97.74107,30.265533,dt_core,Downtown,,,3.68,78701,,MB635135|17
MB635416,144,17426162909,CABANA BEVERAGES #278,6611A S MO PAC EXPY,AUSTIN,78749,227,722511,casual_full_service,,,,,,Austin: Southwest,,78749,,MB635416|144
MB637867,6,17427513654,FLINTROCK FALLS GOLF COURSE,401 JACK NICKLAUS DR,LAKEWAY,78738,227,,unclassified,,,,,,Westlake / Lakeway,,78738,,MB637867|6
MB640456,72,17429444858,CHIPOTLE MEXICAN GRILL,6301 W PARMER LN APT 201,AUSTIN,78729,227,722511,casual_full_service,-97.743946,30.446506,,,,Austin: North,15.94,78729,,MB640456|72
MB641037,163,17426162909,"CABANA BEVERAGES, INC.",4400 E PALM VALLEY BLVD,ROUND ROCK,78665,246,722511,casual_full_service,,,,,,Round Rock / Georgetown,,78665,,MB641037|163
MB641197,1,32020315498,HOMER'S BAR & GRILL,1779 WELLS BRANCH PKWY STE 114,AUSTIN,78728,227,722513,fast_casual,-97.674437,30.436135,,,,Austin: North,16.11,78728,,MB641197|1
MB642473,4,12035132393,III FORKS #350,111 LAVACA ST,AUSTIN,78701,227,722511,casual_full_service,-97.74672,30.264676,dt_2nd_warehouse,2nd Street / Warehouse,,,3.51,78701,,MB642473|4
MB643747,33,17527408888,TEXAS ROADHOUSE,1502 S INTERSTATE 35,SAN MARCOS,78666,105,722511,casual_full_service,,,,,,Hays County,,78666,,MB643747|33
MB643922,1,10207558767,WATERLOO ICE HOUSE,9600 ESCARPMENT BLVD STE 800,AUSTIN,78749,227,722511,casual_full_service,-97.878153,30.201128,,,,Austin: Southwest,6.82,78749,,MB643922|1
MB644324,2,18417156447,1431 CAFE,601 E WHITESTONE BLVD STE 300,CEDAR PARK,78613,246,722511,casual_full_service,,,,,,Cedar Park / Leander,,78613,,MB644324|2
MB644700,1,10617411391,LAMBERT'S DOWNTOWN BARBECUE,401 W 2ND ST,AUSTIN,78701,227,722511,casual_full_service,-97.747694,30.265297,dt_2nd_warehouse,2nd Street / Warehouse,,,3.53,78701,,MB644700|1
MB644985,1,11617638199,ROUND ROCK TAVERN (FORMERLY THE PENALTY BOX),113 W MAIN ST,ROUND ROCK,78664,246,722511,casual_full_service,,,,,,Round Rock / Georgetown,,78664,,MB644985|1
MB645453,1,32019999773,LOS REYES MEXICAN RESTAURANT,251 N BELL BLVD STE 111B,CEDAR PARK,78613,246,722511,casual_full_service,,,,,,Cedar Park / Leander,,78613,,MB645453|1
MB648674,1,10506225050,"SERRANO'S CAFE AND CANTINA LL, LTD",11100 PECAN PARK BLVD,CEDAR PARK,78613,246,722513,fast_casual,,,,,,Cedar Park / Leander,,78613,,MB648674|1
MB648946,73,17429444858,CHIPOTLE MEXICAN GRILL,10515 N MO PAC EXPY,AUSTIN,78759,227,722511,casual_full_service,,,,,,Austin: Northwest,,78759,,MB648946|73
MB650091,1,12059054531,JARDIN CORONA,15395 W STATE HIGHWAY 29,LIBERTY HILL,78642,246,722511,casual_full_service,,,,,,Cedar Park / Leander,,78642,,MB650091|1
MB651298,7,12057184488,CHUY'S #6007,2320 N INTERSTATE 35,ROUND ROCK,78681,246,722511,casual_full_service,,,,,,Round Rock / Georgetown,,78681,,MB651298|7
MB652581,294,17519330587,CHILI'S GRILL & BAR,6619 N INTERSTATE 35,AUSTIN,78752,227,722511,casual_full_service,-97.706731,30.327149,off_st_john_coronado_hills,,,St. John Coronado Hills,8.4,78752,,MB652581|294
MB653070,1,12058924411,PLUCKERS WING BAR,3909B SOUTH LAMAR BLVD,AUSTIN,78704,227,722511,casual_full_service,,,slamar,South Lamar,,,,78704,zip_majority,MB653070|1
MB655929,1,12057184488,CHUY'S #6001,1728 BARTON SPRINGS RD,AUSTIN,78704,227,722511,casual_full_service,-97.76334,30.263605,off_barton_hills_galindo_south_lamar_zilker,,,Barton Hills / Galindo / South Lamar / Zilker,3.25,78704,,MB655929|1
MB655930,2,12057184488,CHUY'S #6002,10520 N LAMAR BLVD,AUSTIN,78753,227,722511,casual_full_service,-97.690702,30.374282,off_north_lamar,,,North Lamar,11.77,78753,,MB655930|2
MB655939,5,12057184488,CHUY'S #6005,11680 RESEARCH BLVD,AUSTIN,78759,227,722511,casual_full_service,-97.747169,30.418221,,,,Austin: Northwest,13.98,78759,,MB655939|5
MB656292,1,11617518573,AZUL TEQUILA,4211 S LAMAR BLVD STE A2,AUSTIN,78704,227,722511,casual_full_service,,,slamar,South Lamar,,,,78704,zip_majority,MB656292|1
MB656904,1,32020420330,TOPAZ BAR & GRILL,1617 N INTERSTATE 35,AUSTIN,78702,227,722511,casual_full_service,-97.730961,30.275862,east_12th,East Austin,East 12th and north,,4.58,78702,,MB656904|1
MB662580,1,13920517664,NORTH,11506 CENTURY OAKS TER STE 124,AUSTIN,78758,227,722511,casual_full_service,-97.725939,30.40209,off_north_burnet_gateway,,,North Burnet/Gateway,13.03,78758,,MB662580|1
MB664549,1,17428099059,POODIES HILLTOP ROADHOUSE,22308 STATE HIGHWAY 71 W,SPICEWOOD,78669,227,722410,bar,,,,,,,,78669,,MB664549|1
MB664812,1,12082611950,PLUCKERS WING BAR,11066 PECAN PARK BLVD STE G,CEDAR PARK,78613,246,722511,casual_full_service,,,,,,Cedar Park / Leander,,78613,,MB664812|1
MB665752,1,12082487435,IMPERIA,310 COLORADO ST,AUSTIN,78701,227,722511,casual_full_service,-97.744983,30.266116,dt_2nd_warehouse,2nd Street / Warehouse,,,3.63,78701,,MB665752|1
MB665812,1,12054729376,HOLIDAY INN AUSTIN TOWN LAKE,20 N INTERSTATE 35,AUSTIN,78701,227,722410,bar,-97.736852,30.253926,dt_rainey,Rainey Street,,,3.09,78701,,MB665812|1
MB666097,77,17429444858,CHIPOTLE MEXICAN GRILL,1201 BARBARA JORDAN BLVD STE 1300,AUSTIN,78723,227,722511,casual_full_service,-97.709185,30.306752,off_rmma,,,RMMA,7.08,78723,,MB666097|77
MB667322,76,17429444858,CHIPOTLE MEXICAN GRILL,9600 S INTERSTATE 35 BLDG S,AUSTIN,78748,227,722511,casual_full_service,-97.788818,30.160876,,,,Austin: Far South,4.09,78748,,MB667322|76
MB668132,79,17429444858,CHIPOTLE MEXICAN GRILL,401 N LBJ DR,SAN MARCOS,78666,105,722511,casual_full_service,,,,,,Hays County,,78666,,MB668132|79
MB669144,1,17427445840,PLUCKERS WING FACTORY A LIMITED PARTNERSHIP,2222 RIO GRANDE ST STE D116,AUSTIN,78705,227,,unclassified,-97.744797,30.286655,off_central_austin,,,Central Austin,5.0,78705,,MB669144|1
MB669167,1,18304720081,DOC'S BACKYARD,5207 BRODIE LN # 100,SUNSET VALLEY,78745,227,722511,casual_full_service,,,,,,Westlake / Lakeway,,78745,,MB669167|1
MB669207,1,13837296105,TEXAS ROADHOUSE,15415 N IH 35,AUSTIN,78728,227,722511,casual_full_service,-97.666473,30.448918,,,,Austin: North,17.1,78728,,MB669207|1
MB669256,1,12085813686,WATERLOO ICE HOUSE,9600 S INTERSTATE 35 STE D100,AUSTIN,78748,227,722511,casual_full_service,-97.788818,30.160876,,,,Austin: Far South,4.09,78748,,MB669256|1
MB672404,1,32031455721,CASA GARCIA'S MEXICAN RESTAURANT,1901 N INTERSTATE 35,ROUND ROCK,78664,246,722511,casual_full_service,,,,,,Round Rock / Georgetown,,78664,,MB672404|1
MB674174,1,32021479194,CLAY PIT CONTEMPORARY INDIAN RESTAURANT,1601 GUADALUPE ST,AUSTIN,78701,227,722511,casual_full_service,-97.74259,30.278922,dt_core,Downtown,,,4.52,78701,,MB674174|1
MB674632,1,32027827271,"HAIKU OF TEXAS, LLC",9600 S INTERSTATE 35 STE C600,AUSTIN,78748,227,722511,casual_full_service,-97.788818,30.160876,,,,Austin: Far South,4.09,78748,,MB674632|1
MB674797,13,13714470963,BJ'S RESTAURANT AND BREWHOUSE,5207 BRODIE LN STE 300,SUNSET VALLEY,78745,227,722410,bar,,,,,,Westlake / Lakeway,,78745,,MB674797|13
MB676440,1,13837008336,TEXAS ROADHOUSE,9300 S INTERSTATE 35 BLDG F,AUSTIN,78748,227,722511,casual_full_service,-97.787887,30.16423,,,,Austin: Far South,3.86,78748,,MB676440|1
MB677833,1,13311787223,BENDER BAR AND GRILL,321 W BEN WHITE BLVD,AUSTIN,78704,227,722511,casual_full_service,-97.76604,30.225052,off_dawson,,,Dawson,0.59,78704,,MB677833|1
MB678511,1,32020576131,LOS BRASEROS MEXICAN RESTAURANT,12226 RANCH ROAD 620 N STE B,AUSTIN,78750,246,722511,casual_full_service,,,,,,Austin: Northwest,,78750,,MB678511|1
MB681665,1,32032147293,KICK BUTT COFFEE,5775 AIRPORT BLVD STE 725,AUSTIN,78752,227,722410,bar,-97.714267,30.322041,off_brentwood_highland,,,Brentwood/Highland,7.9,78752,,MB681665|1
MB684445,12,12057184488,CHUY'S #6010,4301 W WILLIAM CANNON DR,AUSTIN,78749,227,722511,casual_full_service,-97.839049,30.222415,off_oak_hill,,,Oak Hill,4.42,78749,,MB684445|12
MB685427,1,12605010904,SHINER'S SALOON,422 CONGRESS AVE,AUSTIN,78701,227,722410,bar,-97.743218,30.267015,dt_2nd_warehouse,2nd Street / Warehouse,,,3.73,78701,,MB685427|1
MB685681,2,12013777607,TWIN PEAKS RESTAURANT,100 LOUIS HENNA BLVD,ROUND ROCK,78664,246,,unclassified,,,,,,Round Rock / Georgetown,,78664,,MB685681|2
MB686248,1,12013777607,TWIN PEAKS RESTAURANT,701 E STASSNEY LN STE D,AUSTIN,78745,227,722511,casual_full_service,-97.768414,30.200673,off_east_congress_sweetbriar_west_congress,,,East Congress / Sweetbriar / West Congress,1.11,78745,,MB686248|1
MB686521,1,32027271231,"STAR GOLF CONCESSIONS, INC.",2500 FM 685,HUTTO,78634,246,722310,catering_contract,,,,,,Round Rock / Georgetown,,78634,,MB686521|1
MB686910,2,32033525026,W HOTEL AUSTIN,200 LAVACA ST,AUSTIN,78701,227,722410,bar,-97.746594,30.265004,dt_2nd_warehouse,2nd Street / Warehouse,,,3.53,78701,,MB686910|2
MB690360,1,32033439863,ISH LLC,602 MCNEIL RD STE 112,ROUND ROCK,78681,246,722511,casual_full_service,,,,,,Round Rock / Georgetown,,78681,,MB690360|1
MB690654,29,17419968528,EXECUTIVE EDUCATION AND CONFERENCE CENTER,1900 UNIVERSITY AVE,AUSTIN,78705,227,,unclassified,-97.739902,30.281168,off_central_austin,,,Central Austin,4.72,78705,,MB690654|29
MB691309,1,32033591838,SERRANOS CAFE AND CANTINA AT SOUTHPARK MEADOWS,9500 S INTERSTATE 35 STE D,AUSTIN,78748,227,722511,casual_full_service,-97.789093,30.162186,,,,Austin: Far South,4.02,78748,,MB691309|1
MB692951,25,17427050780,WLS BEVERAGE COMPANY,12400 N INTERSTATE 35,AUSTIN,78753,227,722511,casual_full_service,-97.6754,30.403888,,,,Austin: North,14.01,78753,,MB692951|25
MB696329,1,12622236003,LAS LOMAS MEXICAN RESTAURANT,730 W STASSNEY LN STE 130,AUSTIN,78745,227,722511,casual_full_service,-97.78378,30.208992,off_south_austin,,,South Austin,1.22,78745,,MB696329|1
MB698087,1,12619123313,"THIRD BASE ROUND ROCK, LLC",3107 S INTERSTATE 35 STE 810,ROUND ROCK,78664,227,722511,casual_full_service,,,,,,Round Rock / Georgetown,,78664,,MB698087|1
MB699303,1,32024071774,FALCONHEAD GOLF CLUB,15201 FALCON HEAD BLVD,AUSTIN,78738,227,722410,bar,-97.967598,30.321239,,,,Westlake / Lakeway,14.07,78738,,MB699303|1
MB699603,1,32034985831,SALT LICK AT THE DIAMOND,3350 E PALM VALLEY BLVD,ROUND ROCK,78665,246,722511,casual_full_service,,,,,,Round Rock / Georgetown,,78665,,MB699603|1
MB700559,1,12626133958,DIRTYBILL'S,511 RIO GRANDE ST # 100,AUSTIN,78701,227,722410,bar,-97.749654,30.269616,dt_2nd_warehouse,2nd Street / Warehouse,,,3.78,78701,,MB700559|1
MB703090,11,17605462294,PERRY'S STEAKHOUSE & GRILLE,114 W 7TH ST STE 110,AUSTIN,78701,227,722511,casual_full_service,-97.743439,30.269252,dt_core,Downtown,,,3.87,78701,,MB703090|11
MB704306,1,18002147959,THE 04 LOUNGE,3808 S CONGRESS AVE,AUSTIN,78704,227,722410,bar,-97.76242,30.225591,off_dawson,,,Dawson,0.65,78704,,MB704306|1
MB705424,1,32036543752,SAN MARCOS ES CATERING CO,1001 W MCCARTY LN,SAN MARCOS,78666,105,,unclassified,,,,,,Hays County,,78666,,MB705424|1
MB706289,1,32034637812,COVER 3,2700 W ANDERSON LN STE 202,AUSTIN,78757,227,722511,casual_full_service,-97.735458,30.358308,off_allandale,,,Allandale,9.96,78757,,MB706289|1
MB706372,1,32033790331,MANGIERI'S PIZZA CAFE,2133 LOHMANS CROSSING RD STE 600,LAKEWAY,78734,227,722511,casual_full_service,,,,,,Westlake / Lakeway,,78734,,MB706372|1
MB706880,1,13646342181,"STEINER STEAKHOUSE, LLC",5424 STEINER RANCH BLVD,AUSTIN,78732,227,722511,casual_full_service,-97.870727,30.391113,,,,Austin: Northwest,13.6,78732,,MB706880|1
MB707813,1,32037771089,SHANGRI-LA,1016 E 6TH ST,AUSTIN,78702,227,722410,bar,-97.731962,30.264889,east_6th_7th,East Austin,East 6th / 7th,,3.89,78702,,MB707813|1
MB708079,2,12036616329,FLORES MEXICAN RESTAURANT,2440 E HIGHWAY 290 BLDG D,DRIPPING SPRINGS,78620,105,722511,casual_full_service,,,,,,Hays County,,78620,,MB708079|2
MB709160,1,32020307891,JUSTINE'S,4710 E 5TH ST,AUSTIN,78702,227,722511,casual_full_service,-97.702023,30.253479,off_govalle_johnston_terrace,,,Govalle/Johnston Terrace,4.56,78702,,MB709160|1
MB710203,6,17429924594,FLEMING'S PRIME STEAKHOUSE AND WINE BAR,11600 CENTURY OAKS TER STE 140,AUSTIN,78758,227,722511,casual_full_service,-97.725284,30.402671,off_north_burnet_gateway,,,North Burnet/Gateway,13.08,78758,,MB710203|6
MB710337,3,32034640097,J5 STEAKHOUSE,21814 STATE HIGHWAY 71 W,SPICEWOOD,78669,227,722511,casual_full_service,,,,,,,,78669,,MB710337|3
MB710966,1,12633231894,PLUCKERS WING BAR,105 N INTERSTATE 35,SAN MARCOS,78666,105,722511,casual_full_service,,,,,,Hays County,,78666,,MB710966|1
MB711283,1,32037557637,BETTER DAYS,714 RED RIVER ST,AUSTIN,78701,227,722410,bar,-97.736594,30.268052,dt_core,Downtown,,,3.95,78701,,MB711283|1
MB713511,1,12633811075,LOS REYES MEXICAN GRILL & SEAFOOD RESTAURANT,13776 N HIGHWAY 183 STE 145,AUSTIN,78750,246,,unclassified,,,,,,Austin: Northwest,,78750,,MB713511|1
MB714431,3,32033892418,"DC/ICON GROUP DALLAS, LLC",400 W 2ND ST UNIT B,AUSTIN,78701,227,722511,casual_full_service,-97.747679,30.265292,dt_2nd_warehouse,2nd Street / Warehouse,,,3.53,78701,,MB714431|3
MB715114,1,32043077752,HECHO EN MEXICO,6001 W WILLIAM CANNON DR STE 301,AUSTIN,78749,227,722511,casual_full_service,-97.863022,30.228819,off_oak_hill,,,Oak Hill,5.89,78749,,MB715114|1
MB716503,2,17428977650,CATFISH PARLOUR SOUTH,4606 BURLESON RD STE O&P,AUSTIN,78744,227,722511,casual_full_service,-97.732599,30.213201,off_southeast,,,Southeast,1.97,78744,,MB716503|2
MB717355,1,12638430970,PECKERHEADS,402 E 6TH ST,AUSTIN,78701,227,722410,bar,-97.739252,30.26705,dt_core,Downtown,,,3.82,78701,,MB717355|1
MB717409,1,32038920883,HOTEL SAINT CECILIA,112 ACADEMY DR,AUSTIN,78704,227,,unclassified,-97.748063,30.251958,soco,South Congress,,,2.65,78704,,MB717409|1
MB717789,1,32037968495,"ROARING FORK AUSTIN STONELAKE, LLC",10850 STONELAKE BLVD,AUSTIN,78759,227,722511,casual_full_service,-97.736073,30.40018,,,,Austin: Northwest,12.81,78759,,MB717789|1
MB724291,29,17427050780,WLS BEVERAGE COMPANY PARMER,12330 N INTERSTATE 35,AUSTIN,78753,227,722511,casual_full_service,-97.674249,30.400018,,,,Austin: North,13.79,78753,,MB724291|29
MB724881,1,12007099810,LONGHORN VILLAGE,12501 LONGHORN PKWY,AUSTIN,78732,227,,unclassified,-97.909249,30.351177,,,,Austin: Northwest,12.66,78732,,MB724881|1
MB725507,1,32038939826,THE LIBERTY,1618 1/2 E 6TH ST,AUSTIN,78702,227,722410,bar,,,east_6th_7th,East Austin,East 6th / 7th,,,78702,zip_majority,MB725507|1
MB729918,1,32039685030,STAR BAR,600 W 6TH ST,AUSTIN,78701,227,722410,bar,-97.748431,30.269634,dt_2nd_warehouse,2nd Street / Warehouse,,,3.8,78701,,MB729918|1
MB730380,1,32039167732,ALOFT HOTEL AUSTIN DOMAINE,11601 DOMAIN DR,AUSTIN,78758,227,722410,bar,-97.723991,30.402926,off_north_burnet_gateway,,,North Burnet/Gateway,13.11,78758,,MB730380|1
MB731225,1,12705903784,THE VAULT,100 W HOPKINS ST,SAN MARCOS,78666,105,722511,casual_full_service,,,,,,Hays County,,78666,,MB731225|1
MB731887,2,32037328666,EL ALMA CAFE Y CANTINA,1025 BARTON SPRINGS RD,AUSTIN,78704,227,722511,casual_full_service,-97.755713,30.260349,off_bouldin_creek,,,Bouldin Creek,3.08,78704,,MB731887|2
MB736248,1,32040262050,SNUFFY'S PLACE,204 HIGHWAY 79,HUTTO,78634,246,722410,bar,,,,,,Round Rock / Georgetown,,78634,,MB736248|1
MB736688,1,32040270038,JACK ALLEN'S KITCHEN,7720 W HIGHWAY 71,AUSTIN,78735,227,722511,casual_full_service,,,,,,Austin: Southwest,,78735,,MB736688|1
MB737242,1,32020296920,DON DARIO'S MEXICAN RESTAURANT & CANTINA,8801 S INTERSTATE 35 STE D,AUSTIN,78744,227,722511,casual_full_service,-97.784497,30.16842,,,,Austin: Southeast / Del Valle,3.52,78744,,MB737242|1
MB738138,97,17429444858,CHIPOTLE MEXICAN GRILL,2700 W ANDERSON LN STE 204,AUSTIN,78757,227,722511,casual_full_service,-97.735458,30.358308,off_allandale,,,Allandale,9.96,78757,,MB738138|97
MB738490,1,32040185798,VALHALLA,710 RED RIVER ST,AUSTIN,78701,227,722410,bar,-97.73666,30.267868,dt_core,Downtown,,,3.94,78701,,MB738490|1
MB738628,1,32039953115,GIBSON BAR,1109 S LAMAR BLVD,AUSTIN,78704,227,722410,bar,-97.76197,30.25526,slamar,South Lamar,,,2.68,78704,,MB738628|1
MB739005,1,32038950104,GLORIA'S RESTAURANT,3309 ESPERANZA XING STE 100,AUSTIN,78758,227,722511,casual_full_service,-97.726037,30.400394,off_north_burnet_gateway,,,North Burnet/Gateway,12.92,78758,,MB739005|1
MB739112,1,12721838733,MOCKINGBIRD SALOON,2610 GUADALUPE ST,AUSTIN,78705,227,722410,bar,-97.74125,30.290924,off_ut,,,UT,5.34,78705,,MB739112|1
MB739429,1,12710340659,BARBARELLA/SWAN DIVE,615 RED RIVER ST,AUSTIN,78701,227,722410,bar,-97.736868,30.267299,dt_core,Downtown,,,3.9,78701,,MB739429|1
MB740048,2,15826741728,NANAMI SUSHI BAR & GRILL,9001 BRODIE LN STE 1,AUSTIN,78748,227,722511,casual_full_service,-97.842998,30.194291,,,,Austin: Far South,4.89,78748,,MB740048|2
MB740206,10,17527348464,MAGGIANO'S LITTLE ITALY,10910 DOMAIN DR BLDG W UNIT 100,AUSTIN,78758,227,722511,casual_full_service,-97.726641,30.395385,off_north_burnet_gateway,,,North Burnet/Gateway,12.57,78758,,MB740206|10
MB741006,1,32040681994,BIG SHOTZ,399 W LOUIS HENNA BLVD STE B,AUSTIN,78728,227,722410,bar,-97.678224,30.479512,,,,Austin: North,18.9,78728,,MB741006|1
MB741110,30,17427050780,WLS BEVERAGE COMPANY,11301 DOMAIN DR,AUSTIN,78758,227,,unclassified,-97.725192,30.399976,off_north_burnet_gateway,,,North Burnet/Gateway,12.9,78758,,MB741110|30
MB742729,1,32040181276,RIO GRANDE TEX MEX,1720 N MAYS ST,ROUND ROCK,78664,246,722511,casual_full_service,,,,,,Round Rock / Georgetown,,78664,,MB742729|1
MB743609,2,17109961551,CASA CHAPALA MEXICAN GRILL,101 SAN JACINTO BLVD,AUSTIN,78701,227,,unclassified,-97.742093,30.262752,dt_core,Downtown,,,3.48,78701,,MB743609|2
MB744887,1,19004744884,THE TIGRESS,100 W NORTH LOOP BLVD STE G,AUSTIN,78751,227,722410,bar,,,off_north_loop,,,North Loop,,78751,zip_majority,MB744887|1
MB747105,1,32041326581,LT CORNER PUB,1310 RANCH ROAD 620 S STE B12,LAKEWAY,78734,227,722410,bar,,,,,,Westlake / Lakeway,,78734,,MB747105|1
MB749771,1,32040587936,"MAUDIE'S HILL COUNTRY, LLC",12506 SHOPS PKWY,BEE CAVE,78738,227,722511,casual_full_service,,,,,,Westlake / Lakeway,,78738,,MB749771|1
MB749924,1,32041569834,YELLOW JACKET SOCIAL CLUB,1704 E 5TH ST STE 100,AUSTIN,78702,227,722511,casual_full_service,-97.72513,30.261472,east_holly_ecc,East Austin,Holly / East Cesar Chavez,,3.92,78702,,MB749924|1
MB750132,3,32010979667,RED ROOSTER'S,109 PECAN ST E,PFLUGERVILLE,78660,227,722410,bar,,,,,,Pflugerville / Manor,,78660,,MB750132|3
MB752975,1,32040119805,SANTA CANTARINA RESTAURANT,1310 RANCH ROAD 620 S,LAKEWAY,78734,227,722511,casual_full_service,,,,,,Westlake / Lakeway,,78734,,MB752975|1
MB753142,7,32009081954,DEL SOL TAQUERIA RESTAURANT,1401 S INTERSTATE 35 STE 105,ROUND ROCK,78664,246,722511,casual_full_service,,,,,,Round Rock / Georgetown,,78664,,MB753142|7
MB756273,1,32041098990,BARCHI JAPANESE RESTAURANT,206 COLORADO ST,AUSTIN,78701,227,722511,casual_full_service,-97.745283,30.265301,dt_2nd_warehouse,2nd Street / Warehouse,,,3.57,78701,,MB756273|1
MB757023,2,12057655487,SECOND,200 CONGRESS AVE UNIT 2A,AUSTIN,78701,227,722511,casual_full_service,-97.744204,30.264325,dt_core,Downtown,,,3.53,78701,,MB757023|2
MB758455,1,32042173537,STARLAND LIVE,10401 ANDERSON MILL RD STE 121,AUSTIN,78750,227,722410,bar,-97.806683,30.447169,,,,Austin: Northwest,16.12,78750,,MB758455|1
MB760238,1,32041768774,THE ROOFTOP ON SIXTH ST,403 E 6TH ST FL 2,AUSTIN,78701,227,722410,bar,-97.739207,30.267038,dt_core,Downtown,,,3.82,78701,,MB760238|1
MB760573,1,32042554850,LICHA'S CANTINA,1306 E 6TH ST,AUSTIN,78702,227,722511,casual_full_service,-97.729181,30.263935,east_6th_7th,East Austin,East 6th / 7th,,3.92,78702,,MB760573|1
MB762524,38,17522391758,ROSA'S CAFE & TORTILLA FACTORY #35,1509 E WHITESTONE BLVD,CEDAR PARK,78613,246,722511,casual_full_service,,,,,,Cedar Park / Leander,,78613,,MB762524|38
MB762649,1,32037464123,HOLIDAY INN,2370 CHISHOLM TRL,ROUND ROCK,78681,246,,unclassified,,,,,,Round Rock / Georgetown,,78681,,MB762649|1
MB763169,3,32039959658,MORELIA MEXICAN GRILL,9900 W PARMER LN STE 220,AUSTIN,78717,246,722511,casual_full_service,-97.771218,30.487326,,,,Austin: Northwest,18.71,78717,,MB763169|3
MB763492,1,12731778960,CHIMY'S SAN MARCOS,217 E HOPKINS ST,SAN MARCOS,78666,105,722511,casual_full_service,,,,,,Hays County,,78666,,MB763492|1
MB763682,1,32042691546,THE GRACKLE,1700 E 6TH ST,AUSTIN,78702,227,722410,bar,-97.724482,30.262371,east_6th_7th,East Austin,East 6th / 7th,,4.0,78702,,MB763682|1
MB764108,1,17423060767,24 DINER,600 N LAMAR BLVD STE G,AUSTIN,78703,227,722511,casual_full_service,-97.753971,30.271544,dt_2nd_warehouse,2nd Street / Warehouse,,,3.86,78703,,MB764108|1
MB764148,2,32040692447,CHEER UP CHARLIES,900 RED RIVER ST,AUSTIN,78701,227,,unclassified,-97.736162,30.269309,dt_core,Downtown,,,4.04,78701,,MB764148|2
MB764160,1,32040337001,PARLOR AND YARD,601 W 6TH ST,AUSTIN,78701,227,,unclassified,-97.748486,30.269649,dt_2nd_warehouse,2nd Street / Warehouse,,,3.8,78701,,MB764160|1
MB764553,1,32042611973,BACKSPIN BAR & GRILL,5000 W SLAUGHTER LN STE 206,AUSTIN,78749,227,722511,casual_full_service,-97.864047,30.199941,,,,Austin: Southwest,6.01,78749,,MB764553|1
MB765121,1,12033037859,MANGIERI'S PIZZA CAFE,5900 W SLAUGHTER LN STE 490,AUSTIN,78749,227,,unclassified,-97.87843,30.200604,,,,Austin: Southwest,6.84,78749,,MB765121|1
MB765968,1,32042809023,DRINK.WELL.,207 E 53RD ST,AUSTIN,78751,227,722511,casual_full_service,-97.720772,30.317507,off_north_loop,,,North Loop,7.46,78751,,MB765968|1
MB765969,24,13714470963,BJ'S RESTAURANT & BREWHOUSE,10515 N MO PAC EXPY STE Q,AUSTIN,78759,227,722410,bar,,,,,,Austin: Northwest,,78759,,MB765969|24
MB766295,2,32042667181,THE IRON BEAR,301 W 6TH ST,AUSTIN,78701,227,722410,bar,-97.74525,30.268733,dt_2nd_warehouse,2nd Street / Warehouse,,,3.8,78701,,MB766295|2
MB767692,1,32074108021,MONGERS,4119 GUADALUPE ST,AUSTIN,78751,227,722410,bar,-97.735314,30.307189,off_hyde_park,,,Hyde Park,6.51,78751,,MB767692|1
MB769319,1,19006455778,VIOLET CROWN SOCIAL CLUB,1111 E 6TH ST,AUSTIN,78702,227,722410,bar,-97.730896,30.26453,east_6th_7th,East Austin,East 6th / 7th,,3.9,78702,,MB769319|1
MB769797,1,32042362783,THE VOLSTEAD LOUNGE/HOTEL VEGAS,1500-1502 E 6TH ST STE A,AUSTIN,78702,227,722410,bar,,,east_6th_7th,East Austin,East 6th / 7th,,,78702,zip_majority,MB769797|1
MB770079,2,32035504235,DRIFTWOOD DOWNTOWN,319 COLORADO ST,AUSTIN,78701,227,722410,bar,-97.744819,30.266574,dt_2nd_warehouse,2nd Street / Warehouse,,,3.67,78701,,MB770079|2
MB770878,1,32042738156,THE EASTERN,1511 E 6TH ST STE B,AUSTIN,78702,227,722410,bar,-97.726812,30.263159,east_6th_7th,East Austin,East 6th / 7th,,3.96,78702,,MB770878|1
MB774468,1,32018821051,OPA'S COFFEE & WINE BAR,2050 S LAMAR BLVD,AUSTIN,78704,227,722513,fast_casual,-97.7694,30.2486,slamar,South Lamar,,,2.23,78704,,MB774468|1
MB775064,1,12629024998,BUENOS AIRES CAFE,13500 GALLERIA CIR STE 120,BEE CAVE,78738,227,722511,casual_full_service,,,,,,Westlake / Lakeway,,78738,,MB775064|1
MB776242,1,17430086607,SPANISH OAKS GOLF CLUB,13001 SPANISH OAKS CLUB DR,BEE CAVE,78738,227,,unclassified,,,,,,Westlake / Lakeway,,78738,,MB776242|1
MB779790,1,32043391435,BOXCAR SOCIAL,116 S EDWARD GARY ST,SAN MARCOS,78666,105,722511,casual_full_service,,,,,,Hays County,,78666,,MB779790|1
MB779795,1,32041653489,ESTANCIA BRAZILIAN STEAKHOUSE,10000 RESEARCH BLVD STE B,AUSTIN,78759,227,722511,casual_full_service,-97.746603,30.392982,off_north_burnet_gateway,,,North Burnet/Gateway,12.24,78759,,MB779795|1
MB779898,1,32041633838,CAFE MALTA LLC,3421 W WILLIAM CANNON DR STE 127,AUSTIN,78745,227,722511,casual_full_service,-97.829454,30.213481,,,,Austin: Far South,3.83,78745,,MB779898|1
MB780238,1,32043981300,THE SAHARA LOUNGE,1413 WEBBERVILLE RD,AUSTIN,78721,227,722410,bar,-97.681877,30.279757,off_east_mlk,,,East MLK,6.62,78721,,MB780238|1
MB780404,1,32044311952,LOW DOWN LOUNGE,1412 E 6TH ST,AUSTIN,78702,227,722410,bar,-97.727743,30.26346,east_6th_7th,East Austin,East 6th / 7th,,3.94,78702,,MB780404|1
MB782711,1,32042377724,WORKHORSE BAR,100 E NORTH LOOP BLVD STE B,AUSTIN,78751,227,722511,casual_full_service,,,off_north_loop,,,North Loop,,78751,zip_majority,MB782711|1
MB783706,1,32044474594,LUCY'S FRIED CHICKEN,2218 COLLEGE AVE # A,AUSTIN,78704,227,722511,casual_full_service,-97.752571,30.240976,soco,South Congress,,,1.85,78704,,MB783706|1
MB786379,1,32036852823,CHEKO'S MEXICAN RESTAURANT AND BAR,1304 W KOENIG LN,AUSTIN,78756,227,722511,casual_full_service,-97.731246,30.33071,off_brentwood_highland,,,Brentwood/Highland,8.15,78756,,MB786379|1
MB791006,1,32044647306,FISH CITY GRILL,1019 W UNIVERSITY AVE STE 1025,GEORGETOWN,78628,246,722511,casual_full_service,,,,,,Round Rock / Georgetown,,78628,,MB791006|1
MB791237,3,32058075816,EDDIE V'S PRIME SEAFOOD,301 E 5TH ST,AUSTIN,78701,227,722511,casual_full_service,-97.740701,30.26643,dt_core,Downtown,,,3.75,78701,,MB791237|3
MB791245,2,32058075816,EDDIE V'S PRIME SEAFOOD,9400B ARBORETUM BLVD,AUSTIN,78759,227,722511,casual_full_service,-97.751764,30.389243,,,,Austin: Northwest,11.96,78759,,MB791245|2
MB791460,9,15814983126,LONGHORN STEAKHOUSE #5421,1469 E WHITESTONE BLVD,CEDAR PARK,78613,246,722511,casual_full_service,,,,,,Cedar Park / Leander,,78613,,MB791460|9
MB791778,1,14537211071,THE DOWNTOWN HALL OF FAME,205 EAST ST,HUTTO,78634,246,722511,casual_full_service,,,,,,Round Rock / Georgetown,,78634,,MB791778|1
MB791878,2,32045168765,CAFE BLUE,12800 HILL COUNTRY BLVD STE G-115,BEE CAVES,78738,227,722511,casual_full_service,,,,,,Westlake / Lakeway,,78738,,MB791878|2
MB792597,6,14216913153,MASFAJITAS RESTAURANT,3050 JOE DIMAGGIO BLVD,ROUND ROCK,78665,246,722511,casual_full_service,,,,,,Round Rock / Georgetown,,78665,,MB792597|6
MB792758,2,32044381591,LUCILLE,77 RAINEY ST,AUSTIN,78701,227,722410,bar,-97.738648,30.259186,dt_rainey,Rainey Street,,,3.35,78701,,MB792758|2
MB793210,1,32043031429,CORNER BAR,1901 S LAMAR BLVD,AUSTIN,78704,227,722410,bar,-97.767374,30.249459,slamar,South Lamar,,,2.28,78704,,MB793210|1
MB793256,1,32045542076,WHITE HORSE,500 COMAL ST,AUSTIN,78702,227,722410,bar,-97.726973,30.262155,east_6th_7th,East Austin,East 6th / 7th,,3.89,78702,,MB793256|1
MB794486,10,15814983126,LONGHORN STEAKHOUSE #5396,9900 S INTERSTATE 35,AUSTIN,78748,227,722511,casual_full_service,-97.790896,30.156653,,,,Austin: Far South,4.41,78748,,MB794486|10
MB797592,1,32050668220,RAMOS RESTRAURANT #3,14611 N MO PAC EXPY STE 103,AUSTIN,78728,227,722511,casual_full_service,,,,,,Austin: North,,78728,,MB797592|1
MB797897,1,32042289358,LUPE TORTILLA,10515 N MO PAC EXPY,AUSTIN,78759,227,722511,casual_full_service,,,,,,Austin: Northwest,,78759,,MB797897|1
MB798052,2,32038667260,"BARAM, INC.",2011 LITTLE ELM TRL STE 100,CEDAR PARK,78613,246,722513,fast_casual,,,,,,Cedar Park / Leander,,78613,,MB798052|2
MB800842,1,32044890815,PELONS/508,802 RED RIVER ST,AUSTIN,78701,227,722511,casual_full_service,-97.736456,30.268443,dt_core,Downtown,,,3.98,78701,,MB800842|1
MB801233,13,15814983126,LONGHORN STEAKHOUSE #5423,4809 W HIGHWAY 290,SUNSET VALLEY,78735,227,722511,casual_full_service,,,,,,Westlake / Lakeway,,78735,,MB801233|13
MB801451,1,32046374214,"HOPDODDY ANDERSON LANE, LLC",2438 W ANDERSON LN STE A-6,AUSTIN,78757,227,722511,casual_full_service,-97.731403,30.356339,off_allandale,,,Allandale,9.87,78757,,MB801451|1
MB801847,1,32045160267,BLACK RABBIT SALOON / SHADE ROOFTOP PATIO,127 E HOPKINS ST,SAN MARCOS,78666,105,722410,bar,,,,,,Hays County,,78666,,MB801847|1
MB802636,1,32046903111,SALTY SOW,1917 MANOR RD,AUSTIN,78722,227,722511,casual_full_service,-97.721225,30.283942,east_manor,East Austin,Manor Road,,5.35,78722,,MB802636|1
MB802982,1,32044665977,AUSTIN'S MOON TOWER SALOON INC.,10212 MANCHACA RD,AUSTIN,78748,227,722410,bar,,,,,,Austin: Far South,,78748,,MB802982|1
MB803474,1,32045895235,EL COCKFIGHT,121 E 5TH ST,AUSTIN,78701,227,722410,bar,-97.741845,30.266761,dt_core,Downtown,,,3.74,78701,,MB803474|1
MB803986,1,32046505155,JEFFREY'S RESTAURANT & BAR/JOSEPHINE HOUSE,1202 W LYNN ST,AUSTIN,78703,227,722511,casual_full_service,-97.759067,30.280327,off_old_west_austin,,,Old West Austin,4.42,78703,,MB803986|1
MB804382,2,32046959147,THE HOLIDAY INN MIDTOWN AUSTIN,6000 MIDDLE FISKVILLE RD,AUSTIN,78752,227,722410,bar,-97.710738,30.322523,off_st_john_coronado_hills,,,St. John Coronado Hills,8.01,78752,,MB804382|2
MB806466,14,15814983126,LONGHORN STEAKHOUSE #5425,1005 W UNIVERSITY AVE,GEORGETOWN,78628,246,722511,casual_full_service,,,,,,Round Rock / Georgetown,,78628,,MB806466|14
MB808309,1,32047427839,CEDAR PARK PUB,2403 S BELL BLVD STE B,CEDAR PARK,78613,246,722410,bar,,,,,,Cedar Park / Leander,,78613,,MB808309|1
MB808939,31,13714470963,BJ'S RESTAURANT & BREWHOUSE,4201 N INTERSTATE 35,ROUND ROCK,78664,246,722410,bar,,,,,,Round Rock / Georgetown,,78664,,MB808939|31
MB811871,1,32047125516,ENCANTADA COCINA + CANTINA,205 W 2ND ST,GEORGETOWN,78626,246,722511,casual_full_service,,,,,,Round Rock / Georgetown,,78626,,MB811871|1
MB811975,1,32046502384,MAVERICKS,1700 GRAND AVENUE PKWY STE 240,PFLUGERVILLE,78660,227,722410,bar,,,,,,Pflugerville / Manor,,78660,,MB811975|1
MB813359,8,17413694104,TOPFER THEATRE/KLEBERG THEATRE,202 S LAMAR BLVD,AUSTIN,78704,227,722410,bar,,,slamar,South Lamar,,,,78704,zip_majority,MB813359|8
MB813402,1,32045673145,BOB'S STEAK & CHOP HOUSE,301 LAVACA ST,AUSTIN,78701,227,722511,casual_full_service,-97.74623,30.26599,dt_2nd_warehouse,2nd Street / Warehouse,,,3.6,78701,,MB813402|1
MB813489,120,17429444858,CHIPOTLE MEXICAN GRILL,2320 S LAMAR BLVD,AUSTIN,78704,227,722511,casual_full_service,-97.775908,30.247185,slamar,South Lamar,,,2.21,78704,,MB813489|120
MB814403,1,32047707289,APPLEBEE'S 8001,6315 S INTERSTATE 35,AUSTIN,78744,227,722511,casual_full_service,-97.767416,30.193576,off_east_congress_sweetbriar_west_congress,,,East Congress / Sweetbriar / West Congress,1.59,78744,,MB814403|1
MB814544,5,32047707347,APPLEBEE'S #8008 (ROUND ROCK),2700 PARKER RD STE A,ROUND ROCK,78681,246,722511,casual_full_service,,,,,,Round Rock / Georgetown,,78681,,MB814544|5
MB815722,4,32047707347,APPLEBEE'S #8004 (GEORGETOWN),350 S INTERSTATE 35,GEORGETOWN,78626,246,722511,casual_full_service,,,,,,Round Rock / Georgetown,,78626,,MB815722|4
MB816186,4,12032879749,CORIANDER INDIAN RESTAURANT,4894 W HIGHWAY 290,SUNSET VALLEY,78735,227,722511,casual_full_service,,,,,,Westlake / Lakeway,,78735,,MB816186|4
MB817043,1,32045449314,LUPE TORTILLA MEXICAN RESTAURANT,701 S CAPITAL OF TEXAS HWY STE K,WEST LAKE HILLS,78746,227,722511,casual_full_service,,,,,,Westlake / Lakeway,,78746,,MB817043|1
MB817270,1,32045190454,KUNG FU SALOON,716 W 6TH ST,AUSTIN,78701,227,722511,casual_full_service,-97.750381,30.270231,dt_2nd_warehouse,2nd Street / Warehouse,,,3.81,78701,,MB817270|1
MB817489,1,32044951864,PECHE,208 W 4TH ST,AUSTIN,78701,227,722513,fast_casual,-97.745204,30.266686,dt_2nd_warehouse,2nd Street / Warehouse,,,3.67,78701,,MB817489|1
MB817635,1,32047413037,75 1/2 RAINEY STREET,75 1/2 RAINEY ST,AUSTIN,78701,227,722511,casual_full_service,,,dt_core,Downtown,,,,78701,zip_majority,MB817635|1
MB817637,1,32000532856,EL TAQUITO,1713 E RIVERSIDE DR,AUSTIN,78741,227,722513,fast_casual,-97.730138,30.244227,off_east_riverside_oltorf,,,East Riverside/Oltorf,2.84,78741,,MB817637|1
MB817817,1,32047396638,JACK ALLEN'S KITCHEN,2500 HOPPE TRL,ROUND ROCK,78681,246,722511,casual_full_service,,,,,,Round Rock / Georgetown,,78681,,MB817817|1
MB817988,1,32035896854,C-BOY'S HEART AND SOUL,2008 S CONGRESS AVE,AUSTIN,78704,227,722410,bar,-97.751788,30.243868,soco,South Congress,,,2.05,78704,,MB817988|1
MB818155,1,32047707347,APPLEBEE'S #8003 (LAKELINE/CEDAR PARK),11013 LAKELINE MALL DR,CEDAR PARK,78613,246,722511,casual_full_service,,,,,,Cedar Park / Leander,,78613,,MB818155|1
MB818601,1,32047141752,CLARK'S OYSTER BAR,1200 W 6TH ST,AUSTIN,78703,227,722511,casual_full_service,-97.757533,30.27291,off_old_west_austin,,,Old West Austin,3.92,78703,,MB818601|1
MB819222,1,32047971620,CODY'S BISTRO & LOUNGE,690 CENTER POINT RD STE 209,SAN MARCOS,78666,105,722511,casual_full_service,,,,,,Hays County,,78666,,MB819222|1
MB821688,19,17426715334,APPLEJAM BEVERAGE,5363 KYLE CENTER DR,KYLE,78640,105,722511,casual_full_service,,,,,,Hays County,,78640,,MB821688|19
MB826172,1,32049194734,CENTERFIELD SPORTS BAR & GRILL,200 W CENTER ST,KYLE,78640,105,722511,casual_full_service,,,,,,Hays County,,78640,,MB826172|1
MB826754,2,12029051781,BUENOS AIRES CAFE,1201 E 6TH ST,AUSTIN,78702,227,722511,casual_full_service,-97.730488,30.264392,east_6th_7th,East Austin,East 6th / 7th,,3.91,78702,,MB826754|2
MB826759,2,32048436128,CASINO'S SOUTH SIDE,1502 W BEN WHITE BLVD,AUSTIN,78704,227,722410,bar,-97.782701,30.228422,off_barton_hills_galindo_south_lamar_zilker,,,Barton Hills / Galindo / South Lamar / Zilker,1.32,78704,,MB826759|2
MB827682,32,17427050780,WLS BEVERAGE COMPANY,211 E 3RD ST,AUSTIN,78701,227,722511,casual_full_service,-97.741829,30.264677,dt_core,Downtown,,,3.61,78701,,MB827682|32
MB828277,1,32049047130,WHISLER'S,1816 E 6TH ST,AUSTIN,78702,227,722513,fast_casual,-97.722537,30.261705,east_6th_7th,East Austin,East 6th / 7th,,4.03,78702,,MB828277|1
MB828341,1,32048654852,413 BAR / BURNSIDE'S TAVERN,413 E 6TH ST,AUSTIN,78701,227,722410,bar,-97.738753,30.266919,dt_core,Downtown,,,3.82,78701,,MB828341|1
MB829525,1,32044468810,MOONLIGHT,309 E 6TH ST,AUSTIN,78701,227,722410,bar,-97.740049,30.267295,dt_core,Downtown,,,3.82,78701,,MB829525|1
MB829771,1,12001521678,KOY CHINESE AND SUSHI,5695 KYLE PKWY STE 800,KYLE,78640,105,722511,casual_full_service,,,,,,Hays County,,78640,,MB829771|1
MB833179,1,32049627758,BLUE CORN HARVEST BAR & GRILL,700 E WHITESTONE BLVD STE 206,CEDAR PARK,78613,246,722511,casual_full_service,,,,,,Cedar Park / Leander,,78613,,MB833179|1
MB833653,1,32049679809,STINSON'S BISTRO,4416 BURNET RD,AUSTIN,78756,227,722513,fast_casual,-97.74172,30.31517,off_rosedale,,,Rosedale,6.96,78756,,MB833653|1
MB834052,1,32048172848,SCHOOL HOUSE PUB,2207 MANOR RD,AUSTIN,78722,227,722511,casual_full_service,-97.71895,30.284316,east_manor,East Austin,Manor Road,,5.44,78722,,MB834052|1
MB834374,1,17425139841,VORTEX REPERTORY COMPANY,2307 MANOR RD,AUSTIN,78722,227,722511,casual_full_service,-97.717702,30.284529,east_manor,East Austin,Manor Road,,5.49,78722,,MB834374|1
MB834899,1,32048608817,LA MANCHA TEX MEX TAVERN,2203 HANCOCK DR,AUSTIN,78756,227,722511,casual_full_service,-97.740752,30.322932,off_rosedale,,,Rosedale,7.49,78756,,MB834899|1
MB835207,28,32033248629,TORCHY'S TACOS,2150 E PALM VALLEY BLVD STE 100,ROUND ROCK,78665,246,722513,fast_casual,,,,,,Round Rock / Georgetown,,78665,,MB835207|28
MB835606,4,32044051137,TOP GOLF,2700 ESPERANZA XING,AUSTIN,78758,227,,unclassified,-97.718078,30.397856,off_north_burnet_gateway,,,North Burnet/Gateway,12.84,78758,,MB835606|4
MB836236,1,32049048807,SPINNERS BAR AND GRILL,14106 N INTERSTATE 35 STE A,AUSTIN,78728,227,722410,bar,-97.67047,30.431692,,,,Austin: North,15.9,78728,,MB836236|1
MB837276,1,32050360265,SAN JAC SALOON,300 E 6TH ST,AUSTIN,78701,227,722410,bar,-97.740383,30.2674,dt_core,Downtown,,,3.82,78701,,MB837276|1
MB837723,3,17422431936,STATE THEATER COMPANY,719 CONGRESS AVE,AUSTIN,78701,227,722410,bar,-97.742196,30.269715,dt_core,Downtown,,,3.92,78701,,MB837723|3
MB838193,1,32050114910,CHANCES R,138 S LBJ DR,SAN MARCOS,78666,105,722410,bar,,,,,,Hays County,,78666,,MB838193|1
MB842066,2,32050052029,DH BEVERAGE LLC,604 BRAZOS ST,AUSTIN,78701,227,,unclassified,-97.741381,30.267905,dt_core,Downtown,,,3.83,78701,,MB842066|2
MB846755,31,32033248629,TORCHY'S TACOS,1468 E WHITESTONE BLVD STE 100,CEDAR PARK,78613,246,722513,fast_casual,,,,,,Cedar Park / Leander,,78613,,MB846755|31
MB846959,2,18004245918,POUR HOUSE,11835 JOLLYVILLE RD,AUSTIN,78759,227,722511,casual_full_service,-97.755683,30.422795,,,,Austin: Northwest,14.26,78759,,MB846959|2
MB847192,4,15937618476,COTTON PATCH CAFE,1700 E PALM VALLEY BLVD STE 580,ROUND ROCK,78664,246,722511,casual_full_service,,,,,,Round Rock / Georgetown,,78664,,MB847192|4
MB847837,1,32049867347,SNOW PEA ASIAN BISTRO,14028 N HIGHWAY 183 STE 170,AUSTIN,78717,246,722511,casual_full_service,,,,,,Austin: Northwest,,78717,,MB847837|1
MB847922,1,32042428600,RESTAURANTES JASMINES,2463 HIGWAY 71 E,DEL VALLE,78617,227,722511,casual_full_service,,,,,,Austin: Southeast / Del Valle,,78617,,MB847922|1
MB848429,1,32049953949,THE LODGE,411 E 6TH ST,AUSTIN,78701,227,722511,casual_full_service,-97.738844,30.266943,dt_core,Downtown,,,3.82,78701,,MB848429|1
MB848433,1,32050764789,HIGHLAND,404 COLORADO ST,AUSTIN,78701,227,722410,bar,-97.744747,30.266765,dt_2nd_warehouse,2nd Street / Warehouse,,,3.68,78701,,MB848433|1
MB848647,1,32050224875,VOODOO ROOM,419 E 6TH ST STE A,AUSTIN,78701,227,722410,bar,-97.738481,30.266847,dt_core,Downtown,,,3.83,78701,,MB848647|1
MB848676,1,32049285821,HAYMAKER,2310 MANOR RD,AUSTIN,78722,227,722511,casual_full_service,-97.717495,30.284559,east_manor,East Austin,Manor Road,,5.5,78722,,MB848676|1
MB848989,210,17426162909,"CABANA BEVERAGES, INC.",5242 N LAMAR BLVD,AUSTIN,78751,227,722511,casual_full_service,-97.729587,30.320786,off_north_loop,,,North Loop,7.51,78751,,MB848989|210
MB849765,1,32047528677,WRIGGLEY'S PUB,1530 SUN CITY BLVD STE 115,GEORGETOWN,78633,246,722511,casual_full_service,,,,,,Round Rock / Georgetown,,78633,,MB849765|1
MB850000,3,32017486815,DISTRICT,5900 W SLAUGHTER LN STE 500,AUSTIN,78749,227,722511,casual_full_service,-97.87843,30.200604,,,,Austin: Southwest,6.84,78749,,MB850000|3
MB850830,1,32048391984,GARAGE,503 COLORADO ST STE 100,AUSTIN,78701,227,722410,bar,-97.744375,30.267765,dt_2nd_warehouse,2nd Street / Warehouse,,,3.75,78701,,MB850830|1
MB852107,1,32048410875,ODD DUCK,1201 S LAMAR BLVD,AUSTIN,78704,227,722511,upscale_casual,-97.762186,30.254898,slamar,South Lamar,,,2.66,78704,,MB852107|1
MB852154,1,32051088162,BUZZ MILL COFFEE,1505 TOWN CREEK DR,AUSTIN,78741,227,722410,bar,-97.72772,30.241197,off_east_riverside_oltorf,,,East Riverside/Oltorf,2.82,78741,,MB852154|1
MB852712,1,32049876793,MEAN-EYED CAT BAR,1621 W 5TH ST,AUSTIN,78703,227,722511,casual_full_service,-97.76451,30.274607,off_old_west_austin,,,Old West Austin,4.01,78703,,MB852712|1
MB854099,1,32051544099,JAVI'S BEST OF TEX-MEX,7709 E BEN WHITE BLVD STE 200,AUSTIN,78744,227,722511,casual_full_service,-97.690695,30.218526,off_montopolis,,,Montopolis,4.46,78744,,MB854099|1
MB854446,2,32018786502,"VALENCIA ORANGES III, INC.",10901 DOMAIN DR,AUSTIN,78758,227,722410,bar,-97.726669,30.394948,off_north_burnet_gateway,,,North Burnet/Gateway,12.54,78758,,MB854446|2
MB856313,2,32042636202,OJOS LOCOS SPORTS CANTINA,7522 N INTERSTATE 35 STE B,AUSTIN,78752,227,722511,casual_full_service,-97.702148,30.336694,off_st_john_coronado_hills,,,St. John Coronado Hills,9.12,78752,,MB856313|2
MB856461,2,32044650706,THE LEAGUE,10526 W PARMER LN STE 401,AUSTIN,78717,246,722511,casual_full_service,-97.775403,30.497756,,,,Austin: Northwest,19.44,78717,,MB856461|2
MB858914,1,32048904927,SAWYER & CO,4827 E CESAR CHAVEZ ST,AUSTIN,78702,227,722511,casual_full_service,-97.701619,30.251668,off_govalle_johnston_terrace,,,Govalle/Johnston Terrace,4.51,78702,,MB858914|1
MB859103,1,32052184259,HOMESPUN KITCHEN AND BAR,131 E MERCER ST,DRIPPING SPRINGS,78620,105,,unclassified,,,,,,Hays County,,78620,,MB859103|1
MB859382,17,32042288269,AMC THEATRES BARTON CREEK 14,2901 S CAPITAL OF TEXAS HWY STE TH01,AUSTIN,78746,227,,unclassified,,,,,,Westlake / Lakeway,,78746,,MB859382|17
MB859418,19,17425949496,BARTON CREEK LAKESIDE COUNTRY CLUB,1900 CLUBHOUSE HILL DR,SPICEWOOD,78669,227,722511,casual_full_service,,,,,,,,78669,,MB859418|19
MB859419,21,17425949496,OMNI BARTON CREEK RESORT & SPA,8212 BARTON CLUB DR,AUSTIN,78735,227,722511,casual_full_service,-97.860277,30.291175,,,,Austin: Southwest,7.66,78735,,MB859419|21
MB859599,20,17425949496,BARTON CREEK COUNTRY CLUB - FAZIO II,4201 BARTON CREEK BLVD,AUSTIN,78736,227,722511,casual_full_service,-97.884253,30.27832,,,,Austin: Southwest,8.28,78736,,MB859599|20
MB859799,1,32051820846,KITTY COHEN'S,2211 WEBBERVILLE RD,AUSTIN,78702,227,722410,bar,-97.716986,30.261708,east_6th_7th,East Austin,East 6th / 7th,,4.25,78702,,MB859799|1
MB860331,1,32041333538,PAPALOTE TACO HOUSE,2803 S LAMAR BLVD STE A,AUSTIN,78704,227,722511,casual_full_service,-97.781549,30.244172,slamar,South Lamar,,,2.14,78704,,MB860331|1
MB860409,1,32050131047,FOXHOLE CULINARY TAVERN,13995 N HIGHWAY 183,AUSTIN,78717,246,722511,casual_full_service,,,,,,Austin: Northwest,,78717,,MB860409|1
MB860716,1,32052196907,BOB'S BLUE COLLAR TAVERN,18810 HIGHWAY 290 E STE 103,ELGIN,78621,227,722410,bar,,,,,,Bastrop / Elgin (outside digest scope),,78621,,MB860716|1
MB860936,2,32052077552,LAS SALSAS BAR AND GRILL MEXICAN RESTAURANT,109 BURNET ST N,MANOR,78653,227,722511,casual_full_service,,,,,,Pflugerville / Manor,,78653,,MB860936|2
MB862143,1,32052305086,THE ARISTOCRAT LOUNGE,6507 BURNET RD,AUSTIN,78757,227,722410,bar,-97.738772,30.341348,off_allandale,,,Allandale,8.77,78757,,MB862143|1
MB862831,1,32050788333,JACOBY'S RESTAURANT & MERCANTILE,3235 E CESAR CHAVEZ ST,AUSTIN,78702,227,722511,casual_full_service,-97.707672,30.251713,off_govalle_johnston_terrace,,,Govalle/Johnston Terrace,4.21,78702,,MB862831|1
MB863051,2,32052597500,EAST AUSTIN HOTEL BEVERAGE,1108 E 6TH ST,AUSTIN,78702,227,722410,bar,-97.731076,30.26459,east_6th_7th,East Austin,East 6th / 7th,,3.9,78702,,MB863051|2
MB863131,365,17519330587,CHILI'S GRILL & BAR #1542,12713 GALLERIA CIR,BEE CAVE,78738,227,722511,casual_full_service,,,,,,Westlake / Lakeway,,78738,,MB863131|365
MB863449,1,32052008995,PIE SOCIETY,700 N LBJ DR STE 107,SAN MARCOS,78666,105,722511,casual_full_service,,,,,,Hays County,,78666,,MB863449|1
MB864254,4,32040709712,EL CHILE CAFE Y CANTINA,1900 MANOR RD,AUSTIN,78722,227,722511,casual_full_service,-97.722171,30.283818,east_manor,East Austin,Manor Road,,5.31,78722,,MB864254|4
MB864907,1,32052464545,THE VULCAN,418 E 6TH ST,AUSTIN,78701,227,722410,bar,-97.738526,30.266859,dt_core,Downtown,,,3.83,78701,,MB864907|1
MB866565,2,32045145474,POP,620 W 6TH ST UNIT 1,AUSTIN,78701,227,722410,bar,-97.749532,30.26995,dt_2nd_warehouse,2nd Street / Warehouse,,,3.81,78701,,MB866565|2
MB866798,8,12032411980,TEQUILA BAR & GRILL,1151 UNIVERSITY BLVD,ROUND ROCK,78665,246,722511,casual_full_service,,,,,,Round Rock / Georgetown,,78665,,MB866798|8
MB866922,1,32052221093,CHINATOWN,2712 BEE CAVES RD STE 124,ROLLINGWOOD,78746,227,722511,casual_full_service,,,,,,Westlake / Lakeway,,78746,,MB866922|1
MB868342,1,32052438226,THE COLISEUM- EL COLISEO,9111 FM 812,AUSTIN,78719,227,722511,casual_full_service,-97.68657,30.161127,,,,Austin: Southeast / Del Valle,6.07,78719,,MB868342|1
MB868589,1,32051433038,LAST CALL,1615 GRAND AVENUE PKWY STE 212,PFLUGERVILLE,78660,227,722410,bar,,,,,,Pflugerville / Manor,,78660,,MB868589|1
MB869079,2,17423809288,REUNION RANCH,880 COUNTY ROAD 255,GEORGETOWN,78633,246,,unclassified,,,,,,Round Rock / Georgetown,,78633,,MB869079|2
MB869328,2,32050939845,RUTH'S CHRIS STEAK HOUSE,107 W 6TH ST,AUSTIN,78701,227,722511,casual_full_service,-97.743149,30.268159,dt_2nd_warehouse,2nd Street / Warehouse,,,3.8,78701,,MB869328|2
MB869858,2,32047968865,SALSAS MEXICAN CUISINE,1103 RIVERY BLVD STE 210,GEORGETOWN,78628,246,722511,casual_full_service,,,,,,Round Rock / Georgetown,,78628,,MB869858|2
MB872381,1,32053018670,COSMIC COFFEE & BEER GARDEN,121 PICKLE RD STE D,AUSTIN,78704,227,722511,casual_full_service,-97.76193,30.227327,off_dawson,,,Dawson,0.77,78704,,MB872381|1
MB872995,4,32007400669,LAS CAZUELA'S MEXICAN RESTAURANT,1701 E CESAR CHAVEZ ST,AUSTIN,78702,227,,unclassified,-97.726628,30.25783,east_holly_ecc,East Austin,Holly / East Cesar Chavez,,3.67,78702,,MB872995|4
MB873038,1,17427295898,WATERLOO ICE HOUSE,8600 BURNET RD,AUSTIN,78757,227,722511,casual_full_service,-97.727743,30.367719,off_crestview_wooten,,,Crestview/Wooten,10.68,78757,,MB873038|1
MB873915,1,32053046184,WILLOW AUSTIN,719 W 6TH ST,AUSTIN,78701,227,722410,bar,-97.75054,30.270284,dt_2nd_warehouse,2nd Street / Warehouse,,,3.82,78701,,MB873915|1
MB874686,1,32053104686,DEEP EDDY CABARET/POOL BURGER,2315 LAKE AUSTIN BLVD,AUSTIN,78703,227,722410,bar,-97.772297,30.277917,off_central_west_austin,,,Central West Austin,4.26,78703,,MB874686|1
MB874973,1,32058694244,DON MARIO MEXICAN RESTAURANT LLC,1700 RANCH ROAD 620 N STE 110,LAKEWAY,78734,227,722511,casual_full_service,,,,,,Westlake / Lakeway,,78734,,MB874973|1
MB875041,1,32052092700,JULIET,1500 BARTON SPRINGS RD,AUSTIN,78704,227,722511,casual_full_service,-97.759982,30.261492,off_barton_hills_galindo_south_lamar_zilker,,,Barton Hills / Galindo / South Lamar / Zilker,3.12,78704,,MB875041|1
MB875502,2,32046974757,KENT BLACK'S LOCKHART BARBECUE,500 HULL ST,SAN MARCOS,78666,105,722320,catering_contract,,,,,,Hays County,,78666,,MB875502|2
MB876490,36,32033248629,TORCY'S TACOS,1801 E 51ST ST,AUSTIN,78723,227,722513,fast_casual,-97.697618,30.30252,off_rmma,,,RMMA,7.18,78723,,MB876490|36
MB878173,1,32053815240,GREY ROCK GOLF CLUB,7401 STATE HIGHWAY 45,AUSTIN,78739,227,722410,bar,,,,,,Austin: Southwest,,78739,,MB878173|1
MB878480,1,32054059905,FINLEY'S ROUND ROCK,410 W MAIN ST,ROUND ROCK,78664,246,722511,casual_full_service,,,,,,Round Rock / Georgetown,,78664,,MB878480|1
MB880109,4,17428909406,PINBALLZ KINGDOM,15201 S IH 35,BUDA,78610,105,,unclassified,,,,,,Hays County,,78610,,MB880109|4
MB880233,1,32053962315,SUNDANCER GRILL,16410 STEWART RD,AUSTIN,78734,227,722511,casual_full_service,-97.95912,30.380318,,,,Westlake / Lakeway,16.18,78734,,MB880233|1
MB880927,38,13714470963,BJ'S RESTAURANT & BREWERY,1001 E WHITESTONE BLVD,CEDAR PARK,78613,246,722410,bar,,,,,,Cedar Park / Leander,,78613,,MB880927|38
MB882363,1,32046734318,TAMALE HOUSE EAST,1707 E 6TH ST,AUSTIN,78702,227,722511,casual_full_service,-97.724365,30.262331,east_6th_7th,East Austin,East 6th / 7th,,4.0,78702,,MB882363|1
MB882749,2,32044880071,CASA COLOMBIA LLC.,2409 E 7TH ST,AUSTIN,78702,227,722511,casual_full_service,-97.714002,30.260957,east_6th_7th,East Austin,East 6th / 7th,,4.34,78702,,MB882749|2
MB882928,1,32054237733,DRINKS,2001 E CESAR CHAVEZ ST,AUSTIN,78702,227,722410,bar,-97.723334,30.256669,east_holly_ecc,East Austin,Holly / East Cesar Chavez,,3.74,78702,,MB882928|1
MB883418,1,32054485688,NASHA,1614 E 7TH ST,AUSTIN,78702,227,722511,casual_full_service,-97.725052,30.263562,east_6th_7th,East Austin,East 6th / 7th,,4.04,78702,,MB883418|1
MB883621,2,32049385209,MERCER STREET DANCEHALL,23490 RANCH ROAD 12,DRIFTWOOD,78619,105,722410,bar,,,,,,Hays County,,78619,zip_majority,MB883621|2
MB884183,2,32049752333,THE GROVE WINE BAR AND KITCHEN,3001 RANCH ROAD 620 S,LAKEWAY,78738,227,,unclassified,,,,,,Westlake / Lakeway,,78738,,MB884183|2
MB885571,48,17522391758,ROSA'S CAFE & TORTILLA FACTORY #42,509 W SLAUGHTER LN,AUSTIN,78748,227,722511,casual_full_service,-97.799147,30.172222,,,,Austin: Far South,3.67,78748,,MB885571|48
MB885995,141,17429444858,CHIPOTLE MEXICAN GRILL,909 E WHITESTONE BLVD,CEDAR PARK,78613,246,722511,casual_full_service,,,,,,Cedar Park / Leander,,78613,,MB885995|141
MB886694,1,32051471681,"AUSTIN FIXE, LLC",500 W 5TH ST STE 110,AUSTIN,78701,227,722511,casual_full_service,-97.747714,30.268387,dt_2nd_warehouse,2nd Street / Warehouse,,,3.73,78701,,MB886694|1
MB887849,1,32049921532,BUFORD'S,700 W 6TH ST,AUSTIN,78701,227,722410,bar,-97.749532,30.26995,dt_2nd_warehouse,2nd Street / Warehouse,,,3.81,78701,,MB887849|1
MB891955,1,32053788314,COOPER'S OLD TIME PIT BAR B QUE,217 CONGRESS AVE,AUSTIN,78701,227,722511,casual_full_service,-97.744011,30.264865,dt_2nd_warehouse,2nd Street / Warehouse,,,3.57,78701,,MB891955|1
MB892429,1,32048840873,CUBA512,6800 W GATE BLVD STE 112,AUSTIN,78745,227,722511,casual_full_service,-97.81438,30.208777,off_south_austin,,,South Austin,2.98,78745,,MB892429|1
MB893157,150,17429444858,CHIPOTLE MEXICAN GRILL,201 UNIVERSITY OAKS STE 13501360,ROUND ROCK,78665,246,722511,casual_full_service,,,,,,Round Rock / Georgetown,,78665,,MB893157|150
MB895521,1,32051411216,LAUNDERETTE CAFE' LLC,2115 HOLLY ST,AUSTIN,78702,227,722511,casual_full_service,-97.722748,30.25229,east_holly_ecc,East Austin,Holly / East Cesar Chavez,,3.54,78702,,MB895521|1
MB896020,1,32054555050,THE WHEEL,1902B E MARTIN LUTHER KING JR BLVD,AUSTIN,78702,227,722410,bar,-97.721108,30.279837,off_upper_boggy_creek,,,Upper Boggy Creek,5.11,78702,,MB896020|1
MB897105,2,32052468264,JUNIPER,2400 E CESAR CHAVEZ ST STE 304,AUSTIN,78702,227,722511,casual_full_service,-97.717707,30.254711,east_holly_ecc,East Austin,Holly / East Cesar Chavez,,3.88,78702,,MB897105|2
MB899308,1,32051564758,JACK ALLENS KITCHEN,3600 N CAPITAL OF TEXAS HWY STE D,AUSTIN,78746,227,722511,casual_full_service,,,,,,Westlake / Lakeway,,78746,,MB899308|1
MB899682,1,17426242909,THE ORIGINAL HOFFBRAU INC DBA THE HOFFBRAU,613 W 6TH ST,AUSTIN,78701,227,722511,casual_full_service,-97.749147,30.269839,dt_2nd_warehouse,2nd Street / Warehouse,,,3.81,78701,,MB899682|1
MB900038,1,32055814076,7 GRAND,405 E 7TH ST,AUSTIN,78701,227,722511,casual_full_service,-97.738653,30.267922,dt_core,Downtown,,,3.89,78701,,MB900038|1
MB900628,1,32053078864,VIA 313 PIZZA RESTAURANT,6705 W HIGHWAY 290 STE 503,AUSTIN,78735,227,722511,casual_full_service,,,,,,Austin: Southwest,,78735,,MB900628|1
MB902985,1,32056104022,COPPER TOP TAVERN,15912 RANCH ROAD 620 N STE 101,AUSTIN,78717,246,722410,bar,,,,,,Austin: Northwest,,78717,,MB902985|1
MB904507,1,32055762283,LOSCATRACHOS,1015 E BRAKER LN STE 6,AUSTIN,78753,227,,unclassified,-97.672168,30.375318,off_heritage_hills_windsor_hills,,,Heritage Hills Windsor Hills,12.3,78753,,MB904507|1
MB905663,4,32049752333,THE GROVE WINE BAR AND KITCHEN,800 W 6TH ST,AUSTIN,78701,227,722511,casual_full_service,-97.750593,30.270302,dt_2nd_warehouse,2nd Street / Warehouse,,,3.82,78701,,MB905663|4
MB906715,153,17429444858,CHIPOTLE MEXICAN GRILL,1920 E RIVERSIDE DR STE E150,AUSTIN,78741,227,722511,casual_full_service,-97.728305,30.241941,off_east_riverside_oltorf,,,East Riverside/Oltorf,2.82,78741,,MB906715|153
MB910335,9,12053167511,UNCLE BUCK'S FISHBOWL AND GRILL,200 BASS PRO DR,ROUND ROCK,78665,246,722511,casual_full_service,,,,,,Round Rock / Georgetown,,78665,,MB910335|9
MB911150,1,32055354594,HIGH 5 ENTERTAINMENT,1502 RANCH ROAD 620 S,LAKEWAY,78734,227,722511,casual_full_service,,,,,,Westlake / Lakeway,,78734,,MB911150|1
MB911490,1,32055985694,THE ROOSEVELT ROOM & THE ELEANOR,307 W 5TH ST # 307B,AUSTIN,78701,227,722410,bar,-97.746001,30.267924,dt_2nd_warehouse,2nd Street / Warehouse,,,3.73,78701,,MB911490|1
MB911505,1,32053340496,LUPE TORTILLA MEXICAN RESTAURANT,4501 183A TOLL RD UNIT B,CEDAR PARK,78613,246,722511,casual_full_service,,,,,,Cedar Park / Leander,,78613,,MB911505|1
MB911636,1,32054845147,LUSTRE PEARL EAST,114 LINDEN ST,AUSTIN,78702,227,722511,casual_full_service,-97.710473,30.25307,off_govalle_johnston_terrace,,,Govalle/Johnston Terrace,4.13,78702,,MB911636|1
MB911675,1,32056651022,"HCG BEVERAGE, LLC",12525 BEE CAVE PKWY,BEE CAVE,78738,227,722410,bar,,,,,,Westlake / Lakeway,,78738,,MB911675|1
MB911995,18,32033248629,TORCHY'S TACOS,3005 S LAMAR BLVD STE D116,AUSTIN,78704,227,722513,fast_casual,-97.783983,30.242455,slamar,South Lamar,,,2.11,78704,,MB911995|18
MB912160,1,32056565982,HARPERS BRICK OVEN/VERANDA ROOFTOP PATIO,139 E HOPKINS ST,SAN MARCOS,78666,105,722511,casual_full_service,,,,,,Hays County,,78666,,MB912160|1
MB912717,2,32057133475,CAFEWORKS,1101 W 5TH ST,AUSTIN,78703,227,722511,casual_full_service,-97.756187,30.270913,off_old_west_austin,,,Old West Austin,3.8,78703,,MB912717|2
MB913755,1,32056979399,SAKURA SUSHI & STEAK,117 MEINERS ST,SAN MARCOS,78666,105,722511,casual_full_service,,,,,,Hays County,,78666,,MB913755|1
MB913826,1,32056992988,GREEN PASTURES,811 W LIVE OAK ST,AUSTIN,78704,227,722511,casual_full_service,-97.761266,30.245596,off_bouldin_creek,,,Bouldin Creek,2.02,78704,,MB913826|1
MB914611,1,32056381190,THE GOLDEN GOOSE,2034 S LAMAR BLVD,AUSTIN,78704,227,722410,bar,-97.768906,30.248762,slamar,South Lamar,,,2.24,78704,,MB914611|1
MB914889,1,32041252969,TORTILLERIA LA SABROCITA NO. 4 LLC,850 E RUNDBERG LN,AUSTIN,78753,227,722511,casual_full_service,-97.686119,30.357224,off_heritage_hills_windsor_hills,,,Heritage Hills Windsor Hills,10.81,78753,,MB914889|1
MB915176,1,32056429486,THE RANCH HOUSE AT TERRAVISTA,4307 TERAVISTA CLUB DR,ROUND ROCK,78665,246,722310,catering_contract,,,,,,Round Rock / Georgetown,,78665,,MB915176|1
MB915314,1,32053826189,SALSAS MEXICAN CUISINE & CANTINA,3840 RANCH ROAD 620 S,AUSTIN,78738,227,,unclassified,,,,,,Westlake / Lakeway,,78738,,MB915314|1
MB915393,1,32056690335,HEYENS HOLDING TX LLC,11903 FITZHUGH RD,AUSTIN,78736,227,,unclassified,-97.975241,30.231016,,,,Austin: Southwest,12.57,78736,,MB915393|1
MB915902,1,32054390789,VINAIGRETTE,2201 COLLEGE AVE,AUSTIN,78704,227,,unclassified,-97.751995,30.241677,soco,South Congress,,,1.91,78704,,MB915902|1
MB916560,23,17427540780,THE HOUSTON CHEESECAKE FACTORY CORPORATION,2901 S CAPITAL OF TEXAS HWY SPC G02B,AUSTIN,78746,227,722511,casual_full_service,,,,,,Westlake / Lakeway,,78746,,MB916560|23
MB916615,1,32039889392,TRATTORIA LISINA,13308 FM 150 W,DRIFTWOOD,78619,105,722511,casual_full_service,,,,,,Hays County,,78619,zip_majority,MB916615|1
MB917014,1,32056648747,TAPATIA JALISCO #3 LLC,651 N US 183,LEANDER,78641,246,722511,casual_full_service,,,,,,Cedar Park / Leander,,78641,,MB917014|1
MB918146,2,32045595595,MUSASHINO SUSHI DOKORO,2905 SAN GABRIEL ST STE 200,AUSTIN,78705,227,722511,casual_full_service,-97.74764,30.297972,off_central_austin,,,Central Austin,5.72,78705,,MB918146|2
MB918555,1,32057410188,LONG BRANCH SALOON,107 W MAIN ST,ROUND ROCK,78664,246,722410,bar,,,,,,Round Rock / Georgetown,,78664,,MB918555|1
MB918749,3,32040014048,LIMA CRIOLLA - PERUVIAN RESTAURANT,6406 N INTERSTATE 35 STE 1550,AUSTIN,78752,227,722511,casual_full_service,-97.705551,30.325827,off_st_john_coronado_hills,,,St. John Coronado Hills,8.35,78752,,MB918749|3
MB918799,3,32050281636,TRUE FOOD KITCHEN,222 WEST AVE STE HR100,AUSTIN,78701,227,722511,casual_full_service,-97.75168,30.267371,dt_2nd_warehouse,2nd Street / Warehouse,,,3.6,78701,,MB918799|3
MB918801,1,32056226635,ANTONE'S,305 E 5TH ST,AUSTIN,78701,227,722410,bar,-97.740538,30.266383,dt_core,Downtown,,,3.75,78701,,MB918801|1
MB918834,2,17405751177,AUSTIN COUNTRY CLUB,4408 LONG CHAMP DR,AUSTIN,78746,227,,unclassified,-97.798481,30.340728,,,,Westlake / Lakeway,8.8,78746,,MB918834|2
MB919068,1,32052285627,RA SUSHI,117 W 4TH ST STE 300,AUSTIN,78701,227,722511,casual_full_service,-97.744568,30.266505,dt_2nd_warehouse,2nd Street / Warehouse,,,3.67,78701,,MB919068|1
MB920088,8,32043244923,54TH STREET,1303 S INTERSTATE 35,SAN MARCOS,78666,105,722513,fast_casual,,,,,,Hays County,,78666,,MB920088|8
MB923179,1,32054617876,EMMER AND RYE,51 RAINEY ST,AUSTIN,78701,227,722511,casual_full_service,-97.739404,30.257171,dt_rainey,Rainey Street,,,3.2,78701,,MB923179|1
MB924058,1,32056961041,JACK & GINGER'S,11500 ROCK ROSE AVE STE B,AUSTIN,78758,227,722410,bar,-97.7227,30.40132,off_north_burnet_gateway,,,North Burnet/Gateway,13.02,78758,,MB924058|1
MB924073,1,32057150990,WONDER BAR,11500 ROCK ROSE STE D,AUSTIN,78758,227,722410,bar,-97.7227,30.40132,off_north_burnet_gateway,,,North Burnet/Gateway,13.02,78758,,MB924073|1
MB924682,2,32042291453,BARLEY SWINE,6555 BURNET RD STE 400,AUSTIN,78757,227,722511,fine_dining,-97.73867,30.342015,off_allandale,,,Allandale,8.81,78757,,MB924682|2
MB925205,1,32057937412,HOPDODDY BURGER BAR,2800 N INTERSTATE 35 STE 100,ROUND ROCK,78681,246,722511,casual_full_service,,,,,,Round Rock / Georgetown,,78681,,MB925205|1
MB926112,1,32055355815,TOSS PIZZERIA & PUB,2901 S 1ST ST,AUSTIN,78704,227,722511,casual_full_service,-97.763108,30.236635,off_dawson,,,Dawson,1.39,78704,,MB926112|1
MB926169,1,32052775619,AUSTIN'S PARK N PIZZA,16231 INTERSTATE 35,PFLUGERVILLE,78660,227,722410,bar,,,,,,Pflugerville / Manor,,78660,,MB926169|1
MB926265,70,14119571074,BUFFALO WILD WINGS GRILL & BAR,13000 N INTERSTATE 35 BLDG 4,AUSTIN,78753,227,722511,casual_full_service,-97.672918,30.415297,,,,Austin: North,14.8,78753,,MB926265|70
MB926703,73,14119571074,BUFFALO WILD WINGS GRILL & BAR,901 LITTLE TEXAS LN STE D,AUSTIN,78745,227,722511,casual_full_service,-97.767728,30.198141,off_east_congress_sweetbriar_west_congress,,,East Congress / Sweetbriar / West Congress,1.28,78745,,MB926703|73
MB927655,1,32051565359,HOLIDAY INN SAN MARCOS,105 BINTU DR,SAN MARCOS,78666,105,,unclassified,,,,,,Hays County,,78666,,MB927655|1
MB927699,1,32058184691,"NATE'S AT BUDA MILL AND GRAIN, INC.",306 S MAIN ST STE 101,BUDA,78610,105,722511,casual_full_service,,,,,,Hays County,,78610,,MB927699|1
MB927735,1,32054975258,EL RINCONCITO DEL SABOR,7213 CAMERON RD,AUSTIN,78752,227,722511,casual_full_service,-97.692061,30.326625,off_st_john_coronado_hills,,,St. John Coronado Hills,8.77,78752,,MB927735|1
MB927848,1,32057545108,RED HEADED STEPCHILD,119 E 5TH ST,AUSTIN,78701,227,722410,bar,-97.741972,30.266796,dt_core,Downtown,,,3.74,78701,,MB927848|1
MB928183,6,18002147959,RUSTY CANNON PUB,730 W STASSNEY LN STE 120,AUSTIN,78745,227,722410,bar,-97.78378,30.208992,off_south_austin,,,South Austin,1.22,78745,,MB928183|6
MB928557,17,32056468880,REGAL WESTGATE,4477 S LAMAR BLVD,AUSTIN,78745,227,722310,catering_contract,,,,,,Austin: Far South,,78745,,MB928557|17
MB928879,16,32056468880,REGAL METROPOLITAN,901 LITTLE TEXAS LN,AUSTIN,78745,227,722310,catering_contract,-97.767728,30.198141,off_east_congress_sweetbriar_west_congress,,,East Congress / Sweetbriar / West Congress,1.28,78745,,MB928879|16
MB928881,15,32056468880,REGAL GATEWAY,9700 STONELAKE BLVD,AUSTIN,78759,227,722310,catering_contract,-97.73819,30.387265,off_north_burnet_gateway,,,North Burnet/Gateway,11.91,78759,,MB928881|15
MB929149,1,32051169715,SMALL VICTORY,108 E 7TH ST,AUSTIN,78701,227,722410,bar,-97.741961,30.268833,dt_core,Downtown,,,3.87,78701,,MB929149|1
MB929530,1,32054904290,LAVACA STREET BAR DOMAIN,11420A ROCK ROSE AVE STE 100,AUSTIN,78758,227,722410,bar,-97.723055,30.400404,off_north_burnet_gateway,,,North Burnet/Gateway,12.95,78758,,MB929530|1
MB932743,1,32049363750,EVO ENTERTAINMENT CENTER,3200 KYLE XING,KYLE,78640,105,,unclassified,,,,,,Hays County,,78640,,MB932743|1
MB933043,1,32057474150,TIKI TATSU-YA,1300 S LAMAR BLVD STE A,AUSTIN,78704,227,722410,bar,-97.763033,30.253577,slamar,South Lamar,,,2.56,78704,,MB933043|1
MB933505,1,32059089527,SANTA CATARINA,500 CYPRESS CREEK RD STE 170,CEDAR PARK,78613,246,722511,casual_full_service,,,,,,Cedar Park / Leander,,78613,,MB933505|1
MB933697,136,17601930666,PAPPADEAUX SEAFOOD KITCHEN,11617 RESEARCH BLVD,AUSTIN,78759,227,722511,casual_full_service,-97.74578,30.415499,,,,Austin: Northwest,13.8,78759,,MB933697|136
MB934039,1,32058585046,REVELRY KITCHEN & BAR,1410 E 6TH ST,AUSTIN,78702,227,722511,casual_full_service,-97.727873,30.263504,east_6th_7th,East Austin,East 6th / 7th,,3.94,78702,,MB934039|1
MB934086,4,14216913153,MASFAJITAS RESTAURANT,3010 WILLIAMS DR,GEORGETOWN,78628,246,722511,casual_full_service,,,,,,Round Rock / Georgetown,,78628,,MB934086|4
MB934191,5,32054752798,"YARD HOUSE USA, INC.",11800 DOMAIN DR STE 100,AUSTIN,78758,227,722511,casual_full_service,-97.722122,30.405232,off_north_burnet_gateway,,,North Burnet/Gateway,13.29,78758,,MB934191|5
MB934301,5,15823417728,THE CAPITAL GRILLE,117 W 4TH ST,AUSTIN,78701,227,722511,casual_full_service,-97.744568,30.266505,dt_2nd_warehouse,2nd Street / Warehouse,,,3.67,78701,,MB934301|5
MB934442,1,32071990546,BLUE SUSHI SAKE GRILL,11410 CENTURY OAKS TER STE 144,AUSTIN,78758,227,722511,casual_full_service,-97.726484,30.401262,off_north_burnet_gateway,,,North Burnet/Gateway,12.97,78758,,MB934442|1
MB935467,1,32057552344,COVER 3,2800 N INTERSTATE 35 STE 200,ROUND ROCK,78681,246,722511,casual_full_service,,,,,,Round Rock / Georgetown,,78681,,MB935467|1
MB936477,1,32058718472,VIA 313 PIZZA RESTAURANT II,3016 GUADALUPE ST,AUSTIN,78705,227,722511,casual_full_service,-97.741622,30.297245,off_central_austin,,,Central Austin,5.75,78705,,MB936477|1
MB936852,1,32055178019,PERFECT 10 CABARET/PERFECT 10 HIGHLAND,404 E HIGHLAND MALL BLVD,AUSTIN,78752,227,722410,bar,-97.71097,30.328483,off_brentwood_highland,,,Brentwood/Highland,8.39,78752,,MB936852|1
MB936914,2,32056877486,GREEN LIGHT SOCIAL,720 W 6TH ST,AUSTIN,78701,227,722410,bar,-97.750593,30.270302,dt_2nd_warehouse,2nd Street / Warehouse,,,3.82,78701,,MB936914|2
MB937727,1,32058434427,SNOOZE (NORTH LAMAR),3800 N LAMAR BLVD STE 150,AUSTIN,78756,227,722511,casual_full_service,-97.743057,30.305203,off_central_austin,,,Central Austin,6.27,78756,,MB937727|1
MB938420,1,32056398830,ROSE ROOM/ 77 DEGREES,11500 ROCK ROSE AVE STE 140,AUSTIN,78758,227,722511,casual_full_service,-97.7227,30.40132,off_north_burnet_gateway,,,North Burnet/Gateway,13.02,78758,,MB938420|1
MB939109,1,32059168933,URBAN EAT DRINK,110 S HARRIS ST,ROUND ROCK,78664,246,722511,casual_full_service,,,,,,Round Rock / Georgetown,,78664,,MB939109|1
MB940149,1,32057853734,BAHADI'S,907 FM 685,PFLUGERVILLE,78660,227,722511,casual_full_service,,,,,,Pflugerville / Manor,,78660,,MB940149|1
MB940266,2,32055937729,EUREKA BURGERS,200 E 6TH ST STE A,AUSTIN,78701,227,722511,casual_full_service,-97.741462,30.267689,dt_core,Downtown,,,3.81,78701,,MB940266|2
MB940811,49,32033248629,TORCHY'S TACOS,1945 MEDICAL DR STE 100,LAKEWAY,78734,227,722513,fast_casual,,,,,,Westlake / Lakeway,,78734,,MB940811|49
MB940832,1,32055743002,L'OCA D'ORO,1900 SIMOND AVE STE 100,AUSTIN,78723,227,722511,casual_full_service,-97.703936,30.296772,off_rmma,,,RMMA,6.64,78723,,MB940832|1
MB941036,1,32056912358,KEMURI,2713 S 2ND ST,AUSTIN,78704,227,722511,casual_full_service,-97.763398,30.237885,off_barton_hills_galindo_south_lamar_zilker,,,Barton Hills / Galindo / South Lamar / Zilker,1.48,78704,,MB941036|1
MB941152,6,17428909406,PINBALLZ,13729 N HIGHWAY 183 STE 200,AUSTIN,78750,246,,unclassified,,,,,,Austin: Northwest,,78750,,MB941152|6
MB941825,1,32058578454,THE LITTLE DARLIN',6507 CIRCLE S RD,AUSTIN,78745,227,722410,bar,,,,,,Austin: Far South,,78745,,MB941825|1
MB942653,1,32058920862,LA QUINTA INN & SUITES,111 CENTER POINT RD,SAN MARCOS,78666,105,,unclassified,,,,,,Hays County,,78666,,MB942653|1
MB943468,1,32058944524,JUNE'S BAR LLC,1722 S CONGRESS AVE,AUSTIN,78704,227,722511,casual_full_service,-97.750708,30.246822,soco,South Congress,,,2.27,78704,,MB943468|1
MB943791,2,32056427696,B.D. RILEY'S PUB AT MUELLER,1905 ALDRICH ST STE 130,AUSTIN,78723,227,722410,bar,-97.705272,30.298298,off_rmma,,,RMMA,6.69,78723,,MB943791|2
MB943796,2,32055064227,SAKURA SUSHI & BAR,1945 MEDICAL DR STE 500,LAKEWAY,78734,227,722513,fast_casual,,,,,,Westlake / Lakeway,,78734,,MB943796|2
MB944239,1,32053225960,EBERLY,613 S LAMAR BLVD,AUSTIN,78704,227,722511,casual_full_service,-97.759157,30.258702,slamar,South Lamar,,,2.94,78704,,MB944239|1
MB944252,1,32059273113,RED ASH,303 COLORADO ST STE 200,AUSTIN,78701,227,722511,casual_full_service,-97.74511,30.26576,dt_2nd_warehouse,2nd Street / Warehouse,,,3.61,78701,,MB944252|1
MB944337,1,32057501879,MAYFIELD'S BAR AND BILLIARDS,13201 POND SPRINGS RD STE 208,AUSTIN,78729,246,722410,bar,-97.77835,30.44524,,,,Austin: North,15.82,78729,,MB944337|1
MB945733,216,17426162909,"CABANA BEVERAGES, INC.",20445 INTERSTATE 35,KYLE,78640,105,722511,casual_full_service,,,,,,Hays County,,78640,,MB945733|216
MB947604,1,32059595713,ROCKEY'S PIANO BAR,111 W MAIN ST,ROUND ROCK,78664,246,722410,bar,,,,,,Round Rock / Georgetown,,78664,,MB947604|1
MB948174,1,32057937396,HOPDODDY BURGER BAR,4615 N LAMAR BLVD STE 307,AUSTIN,78751,227,722511,casual_full_service,-97.735168,30.315819,off_brentwood_highland,,,Brentwood/Highland,7.09,78751,,MB948174|1
MB948211,5,19108474867,RED ROBIN #365,13000 N INTERSTATE 35 BLDG 5,AUSTIN,78753,227,722511,casual_full_service,-97.672918,30.415297,,,,Austin: North,14.8,78753,,MB948211|5
MB948558,1,32058520928,DAVENPORT SAN MARCOS,194 S GUADALUPE ST,SAN MARCOS,78666,105,722511,casual_full_service,,,,,,Hays County,,78666,,MB948558|1
MB948731,1,32055825437,FRESA'S,1703 S 1ST ST,AUSTIN,78704,227,722511,casual_full_service,-97.755734,30.247741,slamar,South Lamar,,,2.23,78704,,MB948731|1
MB948893,1,32060200949,SKY,214 BARTON SPRINGS RD STE 1922,AUSTIN,78704,227,722410,bar,-97.747372,30.258864,soco,South Congress,,,3.11,78704,,MB948893|1
MB948894,1,32056117974,VAQUEROS CAFE & CANTINA,1801 S CAPITAL OF TEXAS HWY,AUSTIN,78746,227,722511,casual_full_service,,,,,,Westlake / Lakeway,,78746,,MB948894|1
MB950148,1,32059656846,THE LINE,111 E CESAR CHAVEZ ST,AUSTIN,78701,227,,unclassified,-97.743862,30.263202,dt_core,Downtown,,,3.47,78701,,MB950148|1
MB951017,169,17429444858,CHIPOTLE MEXICAN GRILL - 2634,2424 FM 685 STE 300,PFLUGERVILLE,78660,227,722511,casual_full_service,,,,,,Pflugerville / Manor,,78660,,MB951017|169
MB951922,1,17425171117,DIRTY MARTIN'S,2808 GUADALUPE ST,AUSTIN,78705,227,722511,casual_full_service,-97.742053,30.293847,off_central_austin,,,Central Austin,5.52,78705,,MB951922|1
MB951938,29,19105150585,THE DOMAIN #733,3111 PALM WAY,AUSTIN,78758,227,,unclassified,-97.720589,30.4027,off_north_burnet_gateway,,,North Burnet/Gateway,13.14,78758,,MB951938|29
MB952349,3,32056429486,AVERY RANCH GOLF CLUB,10500 AVERY CLUB DR,AUSTIN,78717,246,722310,catering_contract,-97.770508,30.503223,,,,Austin: Northwest,19.81,78717,,MB952349|3
MB952496,1,32036662958,ALOFT AUSTIN NW,14020 N HIGHWAY 183,AUSTIN,78717,246,,unclassified,,,,,,Austin: Northwest,,78717,,MB952496|1
MB953915,1,32060311506,"LAVACA SOUTH LAMAR, LP",3121 S LAMAR BLVD,AUSTIN,78704,227,722410,bar,-97.784778,30.241811,slamar,South Lamar,,,2.1,78704,,MB953915|1
MB954088,36,12057184488,CHUY'S #6073,1121 N INTERSTATE 35,SAN MARCOS,78666,105,722511,casual_full_service,,,,,,Hays County,,78666,,MB954088|36
MB954233,1,32060559930,TRES AMIGOS,7535 E HIGHWAY 290,AUSTIN,78723,227,722511,casual_full_service,,,off_rmma,,,RMMA,,78723,zip_majority,MB954233|1
MB955107,1,32059285430,PICNIK,4801 BURNET RD,AUSTIN,78756,227,722513,fast_casual,-97.739266,30.319148,off_brentwood_highland,,,Brentwood/Highland,7.26,78756,,MB955107|1
MB955168,1,32058577704,SALT TRADERS,2850 N INTERSTATE 35,ROUND ROCK,78681,246,722511,casual_full_service,,,,,,Round Rock / Georgetown,,78681,,MB955168|1
MB955325,3,32038931187,2ND BAR & KITCHEN,3600 PRESIDENTIAL BLVD STE 3660,AUSTIN,78719,227,722511,casual_full_service,-97.666989,30.202629,,,,Austin: Southeast / Del Valle,5.95,78719,,MB955325|3
MB955485,2,32057410188,LA ESQUINA CANTINA,300 E MAIN ST,ROUND ROCK,78664,246,722410,bar,,,,,,Round Rock / Georgetown,,78664,,MB955485|2
MB955617,1,32051050535,"TORTILLERIA EL TAQUITO, LLC",8610 N LAMAR BLVD STE 114,AUSTIN,78753,227,,unclassified,-97.703761,30.354756,off_north_austin_civic_association,,,North Austin Civic Association,10.23,78753,,MB955617|1
MB956002,1,32059410889,POST TAVERN,601 W WHITESTONE BLVD,CEDAR PARK,78613,246,722410,bar,,,,,,Cedar Park / Leander,,78613,,MB956002|1
MB956346,1,32060750935,CULINARY DROPOUT,11721 ROCK ROSE AVE STE Y4.100,AUSTIN,78758,227,722511,casual_full_service,-97.721804,30.403607,off_north_burnet_gateway,,,North Burnet/Gateway,13.18,78758,,MB956346|1
MB956416,1,32060491688,TAVERNA,3120 PALM WAY STE 160,AUSTIN,78758,227,722511,casual_full_service,-97.721025,30.40258,off_north_burnet_gateway,,,North Burnet/Gateway,13.12,78758,,MB956416|1
MB957588,1,32060491704,JOI AUSTIN,3120 PALM WAY STE 150,AUSTIN,78758,227,722511,casual_full_service,-97.721025,30.40258,off_north_burnet_gateway,,,North Burnet/Gateway,13.12,78758,,MB957588|1
MB957875,1,32057803879,THE SPOT,1180 THORPE LN STE 130,SAN MARCOS,78666,105,722511,casual_full_service,,,,,,Hays County,,78666,,MB957875|1
MB958107,1,32053131283,SPRINGHILL SUITES AUSTIN CEDAR PARK,1110 DISCOVERY BLVD,CEDAR PARK,78613,246,,unclassified,,,,,,Cedar Park / Leander,,78613,,MB958107|1
MB959418,2,32055654548,TACO JOINT #2,134 E RIVERSIDE DR,AUSTIN,78704,227,722513,fast_casual,-97.746088,30.256364,soco,South Congress,,,2.98,78704,,MB959418|2
MB960445,2,32059810518,AFS CINEMA,6406 N INTERSTATE 35 STE 3100,AUSTIN,78752,227,,unclassified,-97.705551,30.325827,off_st_john_coronado_hills,,,St. John Coronado Hills,8.35,78752,,MB960445|2
MB962711,1,32058458301,NIGHT OWL BAR,8315 BURNET RD STE D,AUSTIN,78757,227,722410,bar,-97.728856,30.363652,off_north_shoal_creek,,,North Shoal Creek,10.39,78757,,MB962711|1
MB966280,1,32061074780,PFLUTTO'S TAVERN,20205 FM 685 STE 300,PFLUGERVILLE,78660,227,722410,bar,,,,,,Pflugerville / Manor,,78660,,MB966280|1
MB967074,37,12057184488,CHUY'S #6074,4911 183A TOLL RD,CEDAR PARK,78613,246,722511,casual_full_service,,,,,,Cedar Park / Leander,,78613,,MB967074|37
MB967134,1,32061511302,NICKEL CITY,1133 E 11TH ST,AUSTIN,78702,227,722410,bar,-97.727863,30.268695,east_12th,East Austin,East 12th and north,,4.24,78702,,MB967134|1
MB968182,1,32061956911,BROOKLYN'S DOWN SOUTH,100 N MAIN ST,BUDA,78610,105,722511,casual_full_service,,,,,,Hays County,,78610,,MB968182|1
MB968596,1,32061311323,THE OLIVE GARDEN ITALIAN RESTAURANT #4495,1305 S INTERSTATE 35,SAN MARCOS,78666,105,722511,casual_full_service,,,,,,Hays County,,78666,,MB968596|1
MB968656,1,32058591986,PARLIMENT,1308 E 6TH ST,AUSTIN,78702,227,722410,bar,-97.729062,30.263897,east_6th_7th,East Austin,East 6th / 7th,,3.92,78702,,MB968656|1
MB968802,1,32059100373,"COLLEEN'S KITCHEN, LLC",1911 ALDRICH ST STE 100,AUSTIN,78723,227,722511,casual_full_service,-97.704915,30.29838,off_rmma,,,RMMA,6.71,78723,,MB968802|1
MB968825,2,32052261529,OASIS TEXAS BREWING COMPANY,6550 COMANCHE TRL STE B203,AUSTIN,78732,227,722410,bar,-97.872436,30.404602,,,,Austin: Northwest,14.48,78732,,MB968825|2
MB971955,1,32061866680,DESSAU EVENT CENTER LLC,13422 DESSAU RD,AUSTIN,78754,227,,unclassified,-97.638526,30.40333,,,,Austin: Northeast,14.96,78754,,MB971955|1
MB972497,2,32061372440,COOLER CONCESSIONS LLC,220 S CONGRESS AVE STE 100,AUSTIN,78704,227,722410,bar,-97.746089,30.259279,soco,South Congress,,,3.17,78704,,MB972497|2
MB972541,2,32050551798,CHEATHAM STREET WAREHOUSE,119 CHEATHAM ST,SAN MARCOS,78666,105,722410,bar,,,,,,Hays County,,78666,,MB972541|2
MB974564,1,32062329530,PERSHING,2415 E 5TH ST,AUSTIN,78702,227,722410,bar,-97.715463,30.258129,east_holly_ecc,East Austin,Holly / East Cesar Chavez,,4.14,78702,,MB974564|1
MB976472,1,32061960426,MISTER TRAMPS SPORTS BAR,8565 RESEARCH BLVD,AUSTIN,78758,227,722511,casual_full_service,-97.717115,30.361121,off_crestview_wooten,,,Crestview/Wooten,10.39,78758,,MB976472|1
MB977200,1,32060820902,COME AND TAKE IT LIVE,2015 E RIVERSIDE DR BLDG 4,AUSTIN,78741,227,722410,bar,-97.727649,30.240862,off_east_riverside_oltorf,,,East Riverside/Oltorf,2.81,78741,,MB977200|1
MB977764,1,32061558816,TAQUERIAS ARANDINAS BOTANERO SPORTS BAR,9616 N LAMAR BLVD STE 195,AUSTIN,78753,227,722511,casual_full_service,-97.695303,30.366115,off_north_austin_civic_association,,,North Austin Civic Association,11.15,78753,,MB977764|1
MB977861,1,32062619807,LOS VAQUEROS CAFE AND GRILL,804 W CENTER ST,KYLE,78640,105,722511,casual_full_service,,,,,,Hays County,,78640,,MB977861|1
MB978764,1,32048379963,TLC,1100 S LAMAR BLVD STE 1150,AUSTIN,78704,227,722511,casual_full_service,-97.761931,30.255326,slamar,South Lamar,,,2.69,78704,,MB978764|1
MB979001,178,17429444858,CHIPOTLE MEXICAN GRILL - SAN MARCOS OUTLET # 2799,1020 CENTER POINT RD STE 112,SAN MARCOS,78666,105,722511,casual_full_service,,,,,,Hays County,,78666,,MB979001|178
MB979402,1,32062111045,COURTYARD BY MARRIOTT AUSTIN/PFLUGERVILLE,16100 IMPACT WAY,PFLUGERVILLE,78660,227,722511,casual_full_service,,,,,,Pflugerville / Manor,,78660,,MB979402|1
MB979500,1,32061639814,JACK ALLEN'S KITCHEN,3010 W ANDERSON LN,AUSTIN,78757,227,722511,casual_full_service,-97.740551,30.360845,off_allandale,,,Allandale,10.08,78757,,MB979500|1
MB979503,1,32055937117,SANTIAGO'S TEX-MEX AND CANTINA,16420 R R 620 STE 101,ROUND ROCK,78681,246,722511,casual_full_service,,,,,,Round Rock / Georgetown,,78681,,MB979503|1
MB979746,2,32040399092,WARPATH,1116 E PALM VALLEY BLVD,ROUND ROCK,78664,246,722330,food_truck,,,,,,Round Rock / Georgetown,,78664,,MB979746|2
MB981253,1,32059863210,PLUCKERS-LINC LLC,6406 N INTERSTATE 35 STE 2949,AUSTIN,78752,227,722511,casual_full_service,-97.705551,30.325827,off_st_john_coronado_hills,,,St. John Coronado Hills,8.35,78752,,MB981253|1
MB981407,1,32061074921,KESOS TACO HOUSE,600 W MARTIN LUTHER KING JR BLVD,AUSTIN,78701,227,722513,fast_casual,-97.743749,30.282243,dt_core,Downtown,,,4.72,78701,,MB981407|1
MB981735,2,32062923001,THE GROVE WINE BAR AND KITCHEN,1310 E WHITESTONE BLVD # 500,CEDAR PARK,78613,246,722410,bar,,,,,,Cedar Park / Leander,,78613,,MB981735|2
MB982154,2,32059563885,TYPHOON TEXAS,18500 N STATE HIGHWAY 130,PFLUGERVILLE,78660,227,722410,bar,,,,,,Pflugerville / Manor,,78660,,MB982154|2
MB982414,1,32063299294,ELDORADO CAFE,3300 W ANDERSON LN STE 303,AUSTIN,78757,227,722511,casual_full_service,-97.743635,30.361315,off_north_shoal_creek,,,North Shoal Creek,10.09,78757,,MB982414|1
MB983029,1,32062990802,DK MARIA'S LENGENDARY TEX MEX,1807 W SLAUGHTER LN STE 750,AUSTIN,78748,227,722511,casual_full_service,-97.822272,30.173765,,,,Austin: Far South,4.51,78748,,MB983029|1
MB983151,1,32060659532,ATX COCINA,110 SAN ANTONIO ST STE 170,AUSTIN,78701,227,722511,casual_full_service,-97.842075,30.084831,dt_core,Downtown,,,10.19,78701,zip_majority,MB983151|1
MB983799,38,32042288269,AMC LAKELINE 9,11200 LAKELINE MALL DR,CEDAR PARK,78613,246,,unclassified,,,,,,Cedar Park / Leander,,78613,,MB983799|38
MB983841,1,32061534700,KOBE STEAK HOUSE,210 SPRINGTOWN WAY,SAN MARCOS,78666,105,722511,casual_full_service,,,,,,Hays County,,78666,,MB983841|1
MB984149,1,32063277720,SCHOLZ,1607 SAN JACINTO BLVD,AUSTIN,78701,227,722511,casual_full_service,-97.736646,30.27751,dt_core,Downtown,,,4.55,78701,,MB984149|1
MB984434,1,32055388816,FAIRMONT AUSTIN HOTEL,101 RED RIVER ST,AUSTIN,78701,227,,unclassified,-97.738812,30.261827,dt_core,Downtown,,,3.51,78701,,MB984434|1
MB984501,85,32033203616,1032 CINEMARK CEDAR PARK 12,1335 E WHITESTONE BLVD,CEDAR PARK,78613,246,,unclassified,,,,,,Cedar Park / Leander,,78613,,MB984501|85
MB984529,6,32038931187,DEPARTURE LOUNGE,3600 PRESIDENTIAL BLVD STE 3369,AUSTIN,78719,227,722511,casual_full_service,-97.666989,30.202629,,,,Austin: Southeast / Del Valle,5.95,78719,,MB984529|6
MB984563,2,32054092526,CONTIGO CATERING,3709 PROMONTORY POINT DR STE B201,AUSTIN,78744,227,722320,catering_contract,-97.726975,30.210341,off_southeast,,,Southeast,2.33,78744,,MB984563|2
MB984687,23,19108474867,RED ROBIN GOURMET BURGERS & BREWS,5011 183A TOLL RD,CEDAR PARK,78613,246,722511,casual_full_service,,,,,,Cedar Park / Leander,,78613,,MB984687|23
MB984819,1,32062349785,JOHNNY CARINOS,9500 S INTERSTATE 35,AUSTIN,78748,227,722511,casual_full_service,-97.789093,30.162186,,,,Austin: Far South,4.02,78748,,MB984819|1
MB986042,1,32062619518,"AUSTIN RESORT BEVERAGE, LLC",13500 FM 2769,AUSTIN,78726,227,722410,bar,-97.863595,30.44385,,,,Austin: Northwest,16.76,78726,,MB986042|1
MB986045,1,32061020221,HERE NOR THERE,612 BRAZOS ST STE 100,AUSTIN,78701,227,722410,bar,-97.741219,30.268338,dt_core,Downtown,,,3.86,78701,,MB986045|1
MB987429,1,32062109106,SANTO PATIO,5496 HIGHWAY 71 E,DEL VALLE,78617,227,,unclassified,,,,,,Austin: Southeast / Del Valle,,78617,,MB987429|1
MB988797,1,32063446242,VINCENT'S SPORTS PUB,8916 BRODIE LN UNIT 100,AUSTIN,78748,227,722511,casual_full_service,-97.84296,30.194432,,,,Austin: Far South,4.88,78748,,MB988797|1
MB989182,1,32061270479,LUPE TORTILLA MEXICAN RESTAURANT,240 BASS PRO DR,ROUND ROCK,78665,246,722513,fast_casual,,,,,,Round Rock / Georgetown,,78665,,MB989182|1
MB989482,1,32043103475,ELIZABETH STREET CAFE,1501 S 1ST ST,AUSTIN,78704,227,722511,casual_full_service,-97.754914,30.250031,slamar,South Lamar,,,2.4,78704,,MB989482|1
MB991688,1,32060828574,DOC B'S FRESH KITCHEN,3001 PALM WAY STE 120,AUSTIN,78758,227,722511,casual_full_service,-97.719162,30.402766,off_north_burnet_gateway,,,North Burnet/Gateway,13.16,78758,,MB991688|1
MB991749,3,32054243632,IL BRUTTO,1601 E 6TH ST,AUSTIN,78702,227,,unclassified,-97.726502,30.263059,east_6th_7th,East Austin,East 6th / 7th,,3.96,78702,,MB991749|3
MB991951,1,32057190186,IVAR'S RIVER PUB,701 CHEATHAM ST,SAN MARCOS,78666,105,722511,casual_full_service,,,,,,Hays County,,78666,,MB991951|1
MB992409,4,13920517664,NORTH,500 W 2ND ST STE 120,AUSTIN,78701,227,722511,casual_full_service,-97.748742,30.2656,dt_2nd_warehouse,2nd Street / Warehouse,,,3.53,78701,,MB992409|4
MB992497,1,32063092293,SUERTE,1800 E 6TH ST,AUSTIN,78702,227,722511,casual_full_service,-97.722805,30.261797,east_6th_7th,East Austin,East 6th / 7th,,4.03,78702,,MB992497|1
MB992984,2,32062676393,GLENN BAR,7610 JOHN GLENN WAY,AUSTIN,78741,227,722511,casual_full_service,-97.689138,30.221747,off_montopolis,,,Montopolis,4.56,78741,,MB992984|2
MB993080,1,32064215042,INTERO RISTORANTE,2612 E CESAR CHAVEZ ST STE 105,AUSTIN,78702,227,722511,casual_full_service,-97.714618,30.253624,east_holly_ecc,East Austin,Holly / East Cesar Chavez,,3.97,78702,,MB993080|1
MB993200,1,32064177077,MIS AMIGOS SPORTS BAR,13820 FM 812,DEL VALLE,78617,227,722410,bar,,,,,,Austin: Southeast / Del Valle,,78617,,MB993200|1
MB993662,2,32059168933,URBAN EAT DRINK,411 W MAIN ST,ROUND ROCK,78664,246,722511,casual_full_service,,,,,,Round Rock / Georgetown,,78664,,MB993662|2
MB994965,1,32032745823,CYPRESS FALLS AT WOODCREEK,1 WOODCREEK CIR,WIMBERLEY,78676,105,722410,bar,,,,,,Hays County,,78676,,MB994965|1
MB995387,1,32064488268,CISCO'S RESTAURANT BAKERY & BAR,1511 E 6TH ST,AUSTIN,78702,227,722511,casual_full_service,-97.726812,30.263159,east_6th_7th,East Austin,East 6th / 7th,,3.96,78702,,MB995387|1
MB996073,2,32045024711,HANK'S,5811 BERKMAN DR STE 100,AUSTIN,78723,227,,unclassified,-97.693652,30.312194,off_university_hills_and_windsor_park,,,University Hills And Windsor Park,7.87,78723,,MB996073|2
MB996151,1,32061437458,HOUNDSTOOTH COFFEE,2823 E MARTIN LUTHER KING JR BLVD STE 101,AUSTIN,78702,227,722513,fast_casual,-97.710541,30.281555,east_12th,East Austin,East 12th and north,,5.56,78702,,MB996151|1
MB996595,1,32054715860,DOUBLETREE GUEST SUTIES - AUSTIN TX,303 W 15TH ST,AUSTIN,78701,227,,unclassified,-97.742073,30.277702,dt_core,Downtown,,,4.45,78701,,MB996595|1
MB997070,1,32061190453,BETTER HALF COFFEE BAR,406 WALSH ST,AUSTIN,78703,227,722511,casual_full_service,-97.758344,30.271319,off_old_west_austin,,,Old West Austin,3.81,78703,,MB997070|1
MB997084,1,32059706765,PARKER,117 W 4TH ST,AUSTIN,78701,227,722410,bar,-97.744568,30.266505,dt_2nd_warehouse,2nd Street / Warehouse,,,3.67,78701,,MB997084|1
MB997989,1,32063793874,BON JAPANESE CUISINE,3500B RANCH ROAD 620 S STE B100,BEE CAVE,78738,227,722511,casual_full_service,,,,,,Westlake / Lakeway,,78738,,MB997989|1
MB998284,1,32064021663,POLVOS MEXICAN RESTAURANT,360 NUECES ST STE 10,AUSTIN,78701,227,722511,casual_full_service,-97.749168,30.267712,dt_2nd_warehouse,2nd Street / Warehouse,,,3.66,78701,,MB998284|1
MB998287,2,32044468489,KOME: SUSHI KITCHEN,5301 AIRPORT BLVD STE 100,AUSTIN,78751,227,722511,casual_full_service,-97.715047,30.314081,off_north_loop,,,North Loop,7.38,78751,,MB998287|2
MB998908,1,32063848603,SOTO,1100 S LAMAR BLVD STE 2115,AUSTIN,78704,227,722511,casual_full_service,-97.761931,30.255326,slamar,South Lamar,,,2.69,78704,,MB998908|1
MB999727,1,32061918077,THE BACK LOT,606 MAIDEN LN,AUSTIN,78705,227,722410,bar,-97.739245,30.301687,off_central_austin,,,Central Austin,6.08,78705,,MB999727|1
MB999853,1,32063044286,BLUE CORN HARVEST BAR & GRILL,212 W 7TH ST STE 105,GEORGETOWN,78626,246,722511,casual_full_service,,,,,,Round Rock / Georgetown,,78626,,MB999853|1
MB999869,2,32064287041,"SCOOT INN CONCESSION COMPANY, LLC",1308 E 4TH ST,AUSTIN,78702,227,722410,bar,-97.729829,30.262067,east_holly_ecc,East Austin,Holly / East Cesar Chavez,,3.79,78702,,MB999869|2
N 055879,1,17416117426,TARRY HOUSE,3006 BOWMAN AVE,AUSTIN,78703,227,722410,bar,-97.771364,30.299722,off_central_west_austin,,,Central West Austin,5.76,78703,,N 055879|1
N 200090594,1,32087193093,ROTUNDA BAR & PATIO,11720 N INTERSTATE 35 STE 500,JARRELL,76537,246,722410,bar,,,,,,,,76537,,N 200090594|1
N 200187362,1,32103146679,AUSTIN PADEL CENTER,1205 SHELDON CV STE 2A-H,AUSTIN,78753,227,722410,bar,-97.685315,30.344723,off_heritage_hills_windsor_hills,,,Heritage Hills Windsor Hills,10.06,78753,,N 200187362|1
N 200189077,1,32103412337,LUCKY PENNY LOUNGE,305 LIMESTONE TER STE A1-A2,JARRELL,76537,246,722410,bar,,,,,,,,76537,,N 200189077|1
N 977509,1,32062119378,TAQUERIA EL MEXICANO GRILL,205 SONTERRA BLVD,JARRELL,76537,246,722511,casual_full_service,,,,,,,,76537,,N 977509|1
NE068094,2,17460886413,M/SGT DEN D. SNOWDEN POST NO. 8587,1000 N COLLEGE ST,GEORGETOWN,78626,246,722410,bar,,,,,,Round Rock / Georgetown,,78626,,NE068094|2
NE200190878,3,17412201794,AMERICAN LEGION POST 39,1310 SYCAMORE ST,TAYLOR,76574,246,722410,bar,,,,,,Round Rock / Georgetown,,76574,,NE200190878|3
NE201144,1,17416255457,AUSTIN ASSOCIATION OF THE DEAF,8818 CULLEN LN,AUSTIN,78748,227,722410,bar,-97.790362,30.170631,,,,Austin: Far South,3.51,78748,,NE201144|1
NE490370,1,17413976576,AMERICAN LEGION POST 83,4401 E SAINT ELMO RD,AUSTIN,78744,227,,unclassified,,,,,,Austin: Southeast / Del Valle,,78744,,NE490370|1
NT200207344,1,32096842474,KNIGHTS OF COLUMBUS COUNCIL 14025,1718 LOHMANS CROSSING RD,LAKEWAY,78734,227,,unclassified,,,,,,Westlake / Lakeway,,78734,,NT200207344|1
RM1009375,3,32044650706,THE LEAGUE,166 HARGRAVES DR STE B300,AUSTIN,78737,105,722511,casual_full_service,,,,,,Austin: Southwest,,78737,,RM1009375|3
RM1015883,1,32061406248,LOUIE MUELLER BARBECUE,206 W 2ND ST,TAYLOR,76574,246,722513,fast_casual,,,,,,Round Rock / Georgetown,,76574,,RM1015883|1
RM1025852,1,32064952941,ESPETOS CHURRASCARIA BRAZILIAN STEAKHOUSE,900 RANCH ROAD 620 S STE B108,LAKEWAY,78734,227,,unclassified,,,,,,Westlake / Lakeway,,78734,,RM1025852|1
RM1051746,1,32069602004,ARTEMIS MEDITERRANEAN GRILL,4025 RANCH ROAD 620 S STE 200,BEE CAVE,78738,227,722511,casual_full_service,,,,,,Westlake / Lakeway,,78738,,RM1051746|1
RM1072463,7,32070096261,FIRST WATCH RESTAURANTS #390,2701D PARKER DR STE 300,ROUND ROCK,78681,246,722511,casual_full_service,,,,,,Round Rock / Georgetown,,78681,,RM1072463|7
RM1090947,3,32052490763,GARBO'S LOBSTER,12709 N MO PAC EXPY,AUSTIN,78727,227,722511,casual_full_service,,,,,,Austin: North,,78727,,RM1090947|3
RM1107934,1,32067521438,CITY POST,113 E 8TH ST,GEORGETOWN,78626,246,722511,casual_full_service,,,,,,Round Rock / Georgetown,,78626,,RM1107934|1
RM1112212,1,32073755939,DISTRICT SIX,105 W 9TH ST,GEORGETOWN,78626,246,722511,casual_full_service,,,,,,Round Rock / Georgetown,,78626,,RM1112212|1
RM1113800,1,32076262305,BLUE CORN HARVEST BAR & GRILL,11840 HERO WAY W BLDG A,LEANDER,78641,246,722511,casual_full_service,,,,,,Cedar Park / Leander,,78641,,RM1113800|1
RM1117096,1,32055430832,LE BLEU,9070 RESEARCH BLVD STE 303,AUSTIN,78758,227,722511,casual_full_service,-97.727776,30.373497,off_north_shoal_creek,,,North Shoal Creek,11.07,78758,,RM1117096|1
RM1120623,1,32077250309,"LAS CURRAS IN HYDE PARK, LLC",4215 DUVAL ST,AUSTIN,78751,227,722511,casual_full_service,-97.726367,30.304166,off_central_austin,,,Central Austin,6.48,78751,,RM1120623|1
RM1122728,1,32076777930,"DRIFTWOOD FOOD & BEVERAGE, LLC",416 THURMAN ROBERTS WAY,DRIFTWOOD,78619,105,,unclassified,,,,,,Hays County,,78619,zip_majority,RM1122728|1
RM1125458,1,32077694761,UNOS MARISCOS O QUE? LLC,1350 E PALM VALLEY BLVD STE 500,ROUND ROCK,78664,246,722511,casual_full_service,,,,,,Round Rock / Georgetown,,78664,,RM1125458|1
RM1128247,2,32076777930,"DRIFTWOOD FOOD & BEVERAGE, LLC",11100 FM 967,BUDA,78610,105,,unclassified,,,,,,Hays County,,78610,,RM1128247|2
RM1128435,1,32076085391,TASTE ON MAIN STEAK & SEAFOOD,116 N MAIN ST,BUDA,78610,105,722511,casual_full_service,,,,,,Hays County,,78610,,RM1128435|1
RM486271,1,17429444858,CHIPOTLE MEXICAN GRILL,150 SUNDANCE PKWY,ROUND ROCK,78681,246,722511,casual_full_service,,,,,,Round Rock / Georgetown,,78681,,RM486271|1
RM533688,50,17521332019,OLIVE GARDEN OF TEXAS #1566,100 SUNDANCE PKWY,ROUND ROCK,78681,246,,unclassified,,,,,,Round Rock / Georgetown,,78681,,RM533688|50
RM569907,190,17519330587,CHILI'S GRILL & BAR,401 S INTERSTATE 35,GEORGETOWN,78626,246,722511,casual_full_service,,,,,,Round Rock / Georgetown,,78626,,RM569907|190
RM575320,3,12032411980,MARIACHIS DE JALISCO,2803 WILLIAMS DR STE 110,GEORGETOWN,78628,246,722511,casual_full_service,,,,,,Round Rock / Georgetown,,78628,,RM575320|3
RM615563,1,17428280097,WILDFIRE,812 S AUSTIN AVE,GEORGETOWN,78626,246,722511,casual_full_service,,,,,,Round Rock / Georgetown,,78626,,RM615563|1
RM619678,65,17429444858,CHIPOTLE MEXICAN GRILL,900 N AUSTIN AVE STE 102,GEORGETOWN,78626,246,722511,casual_full_service,,,,,,Round Rock / Georgetown,,78626,,RM619678|65
RM629283,257,17519330587,CHILI'S GRILL & BAR,420 OLD SAN ANTONIO RD,BUDA,78610,105,722511,casual_full_service,,,,,,Hays County,,78610,,RM629283|257
RM657014,168,17426162909,CABANA BEVERAGES,1007 W UNIVERSITY AVE STE 2,GEORGETOWN,78628,246,722511,casual_full_service,,,,,,Round Rock / Georgetown,,78628,,RM657014|168
RM669522,5,14216913153,MASFAJITAS RESTAURANT,1905 N MAIN ST,TAYLOR,76574,246,722511,casual_full_service,,,,,,Round Rock / Georgetown,,76574,,RM669522|5
RM670582,1,10436052947,NUTTY BROWN CAFE,12225 W HIGHWAY 290,AUSTIN,78737,105,722511,casual_full_service,,,,,,Austin: Southwest,,78737,,RM670582|1
RM684837,1,32056347969,PISCIS SEAFOOD & MEXICAN RESAURANT,311 S OLD HIGHWAY 81,KYLE,78640,105,722511,casual_full_service,,,,,,Hays County,,78640,,RM684837|1
RM736198,2,32037867507,EL CORRAL LOZANO,300 W 2ND ST,TAYLOR,76574,246,722511,casual_full_service,,,,,,Round Rock / Georgetown,,76574,,RM736198|2
RM749298,1,32037353284,PHO THAISON,5401 FM 1626 STE 370,KYLE,78640,105,722511,casual_full_service,,,,,,Hays County,,78640,,RM749298|1
RM775943,1,32042794589,CASA GARCIA'S MEXICAN RESTAURANT,5401 FM 1626 STE 300,KYLE,78640,105,722511,casual_full_service,,,,,,Hays County,,78640,,RM775943|1
RM783825,2,12630696123,PLUM CREEK,750 KOHLERS XING,KYLE,78640,105,,unclassified,,,,,,Hays County,,78640,,RM783825|2
RM785533,8,15814983126,LONGHORN STEAKHOUSE #5414,2702 PARKER DR STE C,ROUND ROCK,78681,246,722511,casual_full_service,,,,,,Round Rock / Georgetown,,78681,,RM785533|8
RM788850,2,32044898313,CHISOS GRILL,12700 HILL COUNTRY BLVD STE 100,BEE CAVE,78738,227,722511,casual_full_service,,,,,,Westlake / Lakeway,,78738,,RM788850|2
RM876071,1,32051522954,THISTLEWOOD MANOR,1520 ROLAND LN,KYLE,78640,105,722320,catering_contract,,,,,,Hays County,,78640,,RM876071|1
RM893944,1,32054036044,HAYS CITY STORE,8989 FM 150 W,DRIFTWOOD,78619,105,722511,casual_full_service,,,,,,Hays County,,78619,zip_majority,RM893944|1
RM972472,77,14119571074,BUFFALO WILD WINGS,1007 W UNIVERSITY AVE STE 1,GEORGETOWN,78628,246,722511,casual_full_service,,,,,,Round Rock / Georgetown,,78628,,RM972472|77
