series_id,period,value,vintage
alloc:austin,2019-01-01,18049890.34,2026-09-26
alloc:austin,2019-02-01,22853151.98,2026-09-26
alloc:austin,2019-03-01,18511833.00,2026-09-26
alloc:austin,2019-04-01,17845190.45,2026-09-26
alloc:austin,2019-05-01,21122033.01,2026-09-26
alloc:austin,2019-06-01,20348452.91,2026-09-26
alloc:austin,2019-07-01,19609599.02,2026-09-26
alloc:austin,2019-08-01,20756830.56,2026-09-26
alloc:austin,2019-09-01,20895989.70,2026-09-26
alloc:austin,2019-10-01,18964593.15,2026-09-26
alloc:austin,2019-11-01,21019150.38,2026-09-26
alloc:austin,2019-12-01,20586263.65,2026-09-26
alloc:austin,2020-01-01,19527921.16,2026-09-26
alloc:austin,2020-02-01,26157319.06,2026-09-26
alloc:austin,2020-03-01,20028354.20,2026-09-26
alloc:austin,2020-04-01,18419574.42,2026-09-26
alloc:austin,2020-05-01,20178972.64,2026-09-26
alloc:austin,2020-06-01,16292167.54,2026-09-26
alloc:austin,2020-07-01,17488618.80,2026-09-26
alloc:austin,2020-08-01,20938158.53,2026-09-26
alloc:austin,2020-09-01,18866702.41,2026-09-26
alloc:austin,2020-10-01,18285074.62,2026-09-26
alloc:austin,2020-11-01,21178009.11,2026-09-26
alloc:austin,2020-12-01,19981694.50,2026-09-26
alloc:austin,2021-01-01,19161621.37,2026-09-26
alloc:austin,2021-02-01,24935321.03,2026-09-26
alloc:austin,2021-03-01,18251031.06,2026-09-26
alloc:austin,2021-04-01,17165020.93,2026-09-26
alloc:austin,2021-05-01,25443962.72,2026-09-26
alloc:austin,2021-06-01,22533954.34,2026-09-26
alloc:austin,2021-07-01,23319605.65,2026-09-26
alloc:austin,2021-08-01,25815715.73,2026-09-26
alloc:austin,2021-09-01,24111793.26,2026-09-26
alloc:austin,2021-10-01,24473134.25,2026-09-26
alloc:austin,2021-11-01,28024550.74,2026-09-26
alloc:austin,2021-12-01,25075521.29,2026-09-26
alloc:austin,2022-01-01,25727096.62,2026-09-26
alloc:austin,2022-02-01,30320572.46,2026-09-26
alloc:austin,2022-03-01,23614650.69,2026-09-26
alloc:austin,2022-04-01,23559623.13,2026-09-26
alloc:austin,2022-05-01,30320652.40,2026-09-26
alloc:austin,2022-06-01,27216970.82,2026-09-26
alloc:austin,2022-07-01,27821065.22,2026-09-26
alloc:austin,2022-08-01,30855838.15,2026-09-26
alloc:austin,2022-09-01,28340471.24,2026-09-26
alloc:austin,2022-10-01,28708496.75,2026-09-26
alloc:austin,2022-11-01,30370298.30,2026-09-26
alloc:austin,2022-12-01,28593087.15,2026-09-26
alloc:austin,2023-01-01,28641135.89,2026-09-26
alloc:austin,2023-02-01,32882794.66,2026-09-26
alloc:austin,2023-03-01,26667279.24,2026-09-26
alloc:austin,2023-04-01,25909533.98,2026-09-26
alloc:austin,2023-05-01,31282141.10,2026-09-26
alloc:austin,2023-06-01,27803352.56,2026-09-26
alloc:austin,2023-07-01,29018047.05,2026-09-26
alloc:austin,2023-08-01,31417743.03,2026-09-26
alloc:austin,2023-09-01,27193833.85,2026-09-26
alloc:austin,2023-10-01,28588252.91,2026-09-26
alloc:austin,2023-11-01,29165734.20,2026-09-26
alloc:austin,2023-12-01,27937111.87,2026-09-26
alloc:austin,2024-01-01,29284944.49,2026-09-26
alloc:austin,2024-02-01,32971852,2026-09-26
alloc:austin,2024-03-01,25817068.29,2026-09-26
alloc:austin,2024-04-01,27867954.91,2026-09-26
alloc:austin,2024-05-01,34133613.39,2026-09-26
alloc:austin,2024-06-01,29051960.27,2026-09-26
alloc:austin,2024-07-01,29001057.25,2026-09-26
alloc:austin,2024-08-01,29385584.89,2026-09-26
alloc:austin,2024-09-01,28807890.17,2026-09-26
alloc:austin,2024-10-01,28285542.86,2026-09-26
alloc:austin,2024-11-01,29958882.24,2026-09-26
alloc:austin,2024-12-01,30114773.81,2026-09-26
alloc:austin,2025-01-01,27945768.65,2026-09-26
alloc:austin,2025-02-01,35194496.1,2026-09-26
alloc:austin,2025-03-01,27235535.75,2026-09-26
alloc:austin,2025-04-01,24795892.21,2026-09-26
alloc:austin,2025-05-01,31354897.9,2026-09-26
alloc:austin,2025-06-01,29284660.86,2026-09-26
alloc:austin,2025-07-01,29180762.19,2026-09-26
alloc:austin,2025-08-01,29325424,2026-09-26
alloc:austin,2025-09-01,29973203.8,2026-09-26
alloc:austin,2025-10-01,28519187.41,2026-09-26
alloc:austin,2025-11-01,31201194.72,2026-09-26
alloc:austin,2025-12-01,32051647.12,2026-09-26
alloc:austin,2026-01-01,29524404.31,2026-09-26
alloc:austin,2026-02-01,35782724.28,2026-09-26
alloc:austin,2026-03-01,28406515.71,2026-09-26
alloc:austin,2026-04-01,29524043.32,2026-09-26
alloc:austin,2026-05-01,34475163.6,2026-09-26
alloc:austin,2026-06-01,29821646.38,2026-09-26
alloc:austin,2026-07-01,31548563.67,2026-09-26
alloc:austin,2026-08-01,34902518.49,2026-09-26
alloc:austin,2026-09-01,31488717.01,2026-09-26
alloc:bee_cave,2019-01-01,848541.30,2026-09-26
alloc:bee_cave,2019-02-01,1103899.12,2026-09-26
alloc:bee_cave,2019-03-01,757595.82,2026-09-26
alloc:bee_cave,2019-04-01,785149.68,2026-09-26
alloc:bee_cave,2019-05-01,859459.56,2026-09-26
alloc:bee_cave,2019-06-01,870434.37,2026-09-26
alloc:bee_cave,2019-07-01,878780.48,2026-09-26
alloc:bee_cave,2019-08-01,957556.29,2026-09-26
alloc:bee_cave,2019-09-01,943414.04,2026-09-26
alloc:bee_cave,2019-10-01,847323.81,2026-09-26
alloc:bee_cave,2019-11-01,908057.21,2026-09-26
alloc:bee_cave,2019-12-01,918192.12,2026-09-26
alloc:bee_cave,2020-01-01,971484.92,2026-09-26
alloc:bee_cave,2020-02-01,1242920.74,2026-09-26
alloc:bee_cave,2020-03-01,772929.27,2026-09-26
alloc:bee_cave,2020-04-01,730757.27,2026-09-26
alloc:bee_cave,2020-05-01,815999.68,2026-09-26
alloc:bee_cave,2020-06-01,676612.32,2026-09-26
alloc:bee_cave,2020-07-01,797546.42,2026-09-26
alloc:bee_cave,2020-08-01,990095.99,2026-09-26
alloc:bee_cave,2020-09-01,912445.50,2026-09-26
alloc:bee_cave,2020-10-01,889177.43,2026-09-26
alloc:bee_cave,2020-11-01,1014167.09,2026-09-26
alloc:bee_cave,2020-12-01,929207.98,2026-09-26
alloc:bee_cave,2021-01-01,1028642.28,2026-09-26
alloc:bee_cave,2021-02-01,1330982.69,2026-09-26
alloc:bee_cave,2021-03-01,883881.12,2026-09-26
alloc:bee_cave,2021-04-01,788620.26,2026-09-26
alloc:bee_cave,2021-05-01,1206192.05,2026-09-26
alloc:bee_cave,2021-06-01,1035349.58,2026-09-26
alloc:bee_cave,2021-07-01,1165456.67,2026-09-26
alloc:bee_cave,2021-08-01,1250951.61,2026-09-26
alloc:bee_cave,2021-09-01,1123078.44,2026-09-26
alloc:bee_cave,2021-10-01,1080506.80,2026-09-26
alloc:bee_cave,2021-11-01,1253114.87,2026-09-26
alloc:bee_cave,2021-12-01,1066167.98,2026-09-26
alloc:bee_cave,2022-01-01,1182076.80,2026-09-26
alloc:bee_cave,2022-02-01,1484567.25,2026-09-26
alloc:bee_cave,2022-03-01,1025175.30,2026-09-26
alloc:bee_cave,2022-04-01,985370.23,2026-09-26
alloc:bee_cave,2022-05-01,1278811.88,2026-09-26
alloc:bee_cave,2022-06-01,1193198.99,2026-09-26
alloc:bee_cave,2022-07-01,1213842.19,2026-09-26
alloc:bee_cave,2022-08-01,1270264.10,2026-09-26
alloc:bee_cave,2022-09-01,1115322.71,2026-09-26
alloc:bee_cave,2022-10-01,1137301.05,2026-09-26
alloc:bee_cave,2022-11-01,1156217.01,2026-09-26
alloc:bee_cave,2022-12-01,1145021.79,2026-09-26
alloc:bee_cave,2023-01-01,1170215.58,2026-09-26
alloc:bee_cave,2023-02-01,1540674.90,2026-09-26
alloc:bee_cave,2023-03-01,1032428.37,2026-09-26
alloc:bee_cave,2023-04-01,1027471.26,2026-09-26
alloc:bee_cave,2023-05-01,1245470.59,2026-09-26
alloc:bee_cave,2023-06-01,1077982.46,2026-09-26
alloc:bee_cave,2023-07-01,1225552.79,2026-09-26
alloc:bee_cave,2023-08-01,1292225.28,2026-09-26
alloc:bee_cave,2023-09-01,1128803.87,2026-09-26
alloc:bee_cave,2023-10-01,1162026.77,2026-09-26
alloc:bee_cave,2023-11-01,1099351.56,2026-09-26
alloc:bee_cave,2023-12-01,1067352.17,2026-09-26
alloc:bee_cave,2024-01-01,1190228.03,2026-09-26
alloc:bee_cave,2024-02-01,1452508.6,2026-09-26
alloc:bee_cave,2024-03-01,1018994.14,2026-09-26
alloc:bee_cave,2024-04-01,1053851.76,2026-09-26
alloc:bee_cave,2024-05-01,1224548.91,2026-09-26
alloc:bee_cave,2024-06-01,1098867.49,2026-09-26
alloc:bee_cave,2024-07-01,1160905.14,2026-09-26
alloc:bee_cave,2024-08-01,1223294.03,2026-09-26
alloc:bee_cave,2024-09-01,1213704.38,2026-09-26
alloc:bee_cave,2024-10-01,1070460.71,2026-09-26
alloc:bee_cave,2024-11-01,1163284.59,2026-09-26
alloc:bee_cave,2024-12-01,1164325.88,2026-09-26
alloc:bee_cave,2025-01-01,1178351.16,2026-09-26
alloc:bee_cave,2025-02-01,1744129.81,2026-09-26
alloc:bee_cave,2025-03-01,1126861.76,2026-09-26
alloc:bee_cave,2025-04-01,977670.97,2026-09-26
alloc:bee_cave,2025-05-01,1248669.54,2026-09-26
alloc:bee_cave,2025-06-01,1186856.27,2026-09-26
alloc:bee_cave,2025-07-01,1267353.7,2026-09-26
alloc:bee_cave,2025-08-01,1363758.09,2026-09-26
alloc:bee_cave,2025-09-01,1790971.54,2026-09-26
alloc:bee_cave,2025-10-01,1143116.58,2026-09-26
alloc:bee_cave,2025-11-01,1200126.66,2026-09-26
alloc:bee_cave,2025-12-01,1197041.52,2026-09-26
alloc:bee_cave,2026-01-01,1272975.71,2026-09-26
alloc:bee_cave,2026-02-01,1696287.73,2026-09-26
alloc:bee_cave,2026-03-01,1076756.71,2026-09-26
alloc:bee_cave,2026-04-01,1071634.11,2026-09-26
alloc:bee_cave,2026-05-01,1364398.55,2026-09-26
alloc:bee_cave,2026-06-01,1194175.28,2026-09-26
alloc:bee_cave,2026-07-01,1300331.16,2026-09-26
alloc:bee_cave,2026-08-01,1398150.03,2026-09-26
alloc:bee_cave,2026-09-01,1260434.49,2026-09-26
alloc:buda,2019-01-01,522979.40,2026-09-26
alloc:buda,2019-02-01,668632.81,2026-09-26
alloc:buda,2019-03-01,541607.10,2026-09-26
alloc:buda,2019-04-01,578673.97,2026-09-26
alloc:buda,2019-05-01,653407.05,2026-09-26
alloc:buda,2019-06-01,670746.93,2026-09-26
alloc:buda,2019-07-01,637805.01,2026-09-26
alloc:buda,2019-08-01,720897.54,2026-09-26
alloc:buda,2019-09-01,647376.17,2026-09-26
alloc:buda,2019-10-01,645019.17,2026-09-26
alloc:buda,2019-11-01,658268.07,2026-09-26
alloc:buda,2019-12-01,717418.87,2026-09-26
alloc:buda,2020-01-01,638932.81,2026-09-26
alloc:buda,2020-02-01,897749.63,2026-09-26
alloc:buda,2020-03-01,602054.20,2026-09-26
alloc:buda,2020-04-01,587441.67,2026-09-26
alloc:buda,2020-05-01,672682.87,2026-09-26
alloc:buda,2020-06-01,615677.02,2026-09-26
alloc:buda,2020-07-01,656105.70,2026-09-26
alloc:buda,2020-08-01,779823.41,2026-09-26
alloc:buda,2020-09-01,677729.01,2026-09-26
alloc:buda,2020-10-01,679648.64,2026-09-26
alloc:buda,2020-11-01,821845.54,2026-09-26
alloc:buda,2020-12-01,741519.28,2026-09-26
alloc:buda,2021-01-01,753000.48,2026-09-26
alloc:buda,2021-02-01,919936.38,2026-09-26
alloc:buda,2021-03-01,730584.26,2026-09-26
alloc:buda,2021-04-01,637219.44,2026-09-26
alloc:buda,2021-05-01,1083219.70,2026-09-26
alloc:buda,2021-06-01,852153.73,2026-09-26
alloc:buda,2021-07-01,843431.91,2026-09-26
alloc:buda,2021-08-01,1022682.67,2026-09-26
alloc:buda,2021-09-01,990289.23,2026-09-26
alloc:buda,2021-10-01,967442.49,2026-09-26
alloc:buda,2021-11-01,1096060.21,2026-09-26
alloc:buda,2021-12-01,985207.24,2026-09-26
alloc:buda,2022-01-01,969490.45,2026-09-26
alloc:buda,2022-02-01,1132044.15,2026-09-26
alloc:buda,2022-03-01,828814.65,2026-09-26
alloc:buda,2022-04-01,767645.82,2026-09-26
alloc:buda,2022-05-01,1223355.67,2026-09-26
alloc:buda,2022-06-01,879284.43,2026-09-26
alloc:buda,2022-07-01,989829.67,2026-09-26
alloc:buda,2022-08-01,1188530.11,2026-09-26
alloc:buda,2022-09-01,798835.59,2026-09-26
alloc:buda,2022-10-01,1176794.56,2026-09-26
alloc:buda,2022-11-01,977360.59,2026-09-26
alloc:buda,2022-12-01,883690.42,2026-09-26
alloc:buda,2023-01-01,953993.79,2026-09-26
alloc:buda,2023-02-01,1310905.54,2026-09-26
alloc:buda,2023-03-01,979819.23,2026-09-26
alloc:buda,2023-04-01,928696.70,2026-09-26
alloc:buda,2023-05-01,1145883.51,2026-09-26
alloc:buda,2023-06-01,1018592.09,2026-09-26
alloc:buda,2023-07-01,1134018.80,2026-09-26
alloc:buda,2023-08-01,1152947.48,2026-09-26
alloc:buda,2023-09-01,1038653.19,2026-09-26
alloc:buda,2023-10-01,1120489.88,2026-09-26
alloc:buda,2023-11-01,1080300.20,2026-09-26
alloc:buda,2023-12-01,1028259.67,2026-09-26
alloc:buda,2024-01-01,1063002.22,2026-09-26
alloc:buda,2024-02-01,1255758.84,2026-09-26
alloc:buda,2024-03-01,926552.35,2026-09-26
alloc:buda,2024-04-01,928423.64,2026-09-26
alloc:buda,2024-05-01,1158548.21,2026-09-26
alloc:buda,2024-06-01,997796.68,2026-09-26
alloc:buda,2024-07-01,1054314.7,2026-09-26
alloc:buda,2024-08-01,1046300.43,2026-09-26
alloc:buda,2024-09-01,1050650.54,2026-09-26
alloc:buda,2024-10-01,1070661.74,2026-09-26
alloc:buda,2024-11-01,1206418.55,2026-09-26
alloc:buda,2024-12-01,1227059.28,2026-09-26
alloc:buda,2025-01-01,1060948.85,2026-09-26
alloc:buda,2025-02-01,1409622.39,2026-09-26
alloc:buda,2025-03-01,886834.43,2026-09-26
alloc:buda,2025-04-01,995785.2,2026-09-26
alloc:buda,2025-05-01,1121590.91,2026-09-26
alloc:buda,2025-06-01,1119947.6,2026-09-26
alloc:buda,2025-07-01,965580.16,2026-09-26
alloc:buda,2025-08-01,1089242.49,2026-09-26
alloc:buda,2025-09-01,1058051.49,2026-09-26
alloc:buda,2025-10-01,1225979.98,2026-09-26
alloc:buda,2025-11-01,1162054.82,2026-09-26
alloc:buda,2025-12-01,1213593.76,2026-09-26
alloc:buda,2026-01-01,1178193.13,2026-09-26
alloc:buda,2026-02-01,1445564.31,2026-09-26
alloc:buda,2026-03-01,1117351.6,2026-09-26
alloc:buda,2026-04-01,1082201.61,2026-09-26
alloc:buda,2026-05-01,1241152.78,2026-09-26
alloc:buda,2026-06-01,1151769.28,2026-09-26
alloc:buda,2026-07-01,1146053.29,2026-09-26
alloc:buda,2026-08-01,1325621.77,2026-09-26
alloc:buda,2026-09-01,1232579.45,2026-09-26
alloc:cedar_park,2019-01-01,2204142.72,2026-09-26
alloc:cedar_park,2019-02-01,3115678.45,2026-09-26
alloc:cedar_park,2019-03-01,2112611.28,2026-09-26
alloc:cedar_park,2019-04-01,2154930.13,2026-09-26
alloc:cedar_park,2019-05-01,2649936.50,2026-09-26
alloc:cedar_park,2019-06-01,2337654.50,2026-09-26
alloc:cedar_park,2019-07-01,2366451.09,2026-09-26
alloc:cedar_park,2019-08-01,2806100.35,2026-09-26
alloc:cedar_park,2019-09-01,2219836.64,2026-09-26
alloc:cedar_park,2019-10-01,2312867.18,2026-09-26
alloc:cedar_park,2019-11-01,2844464.97,2026-09-26
alloc:cedar_park,2019-12-01,2411707.52,2026-09-26
alloc:cedar_park,2020-01-01,2302249.87,2026-09-26
alloc:cedar_park,2020-02-01,3421752.60,2026-09-26
alloc:cedar_park,2020-03-01,2308052.33,2026-09-26
alloc:cedar_park,2020-04-01,2127378.59,2026-09-26
alloc:cedar_park,2020-05-01,2716077.15,2026-09-26
alloc:cedar_park,2020-06-01,2253199.82,2026-09-26
alloc:cedar_park,2020-07-01,2370795.83,2026-09-26
alloc:cedar_park,2020-08-01,3166646.05,2026-09-26
alloc:cedar_park,2020-09-01,2438519.68,2026-09-26
alloc:cedar_park,2020-10-01,2463140.49,2026-09-26
alloc:cedar_park,2020-11-01,3138591.42,2026-09-26
alloc:cedar_park,2020-12-01,2564992.66,2026-09-26
alloc:cedar_park,2021-01-01,2739028.41,2026-09-26
alloc:cedar_park,2021-02-01,3762636.29,2026-09-26
alloc:cedar_park,2021-03-01,2522347.34,2026-09-26
alloc:cedar_park,2021-04-01,2193232.39,2026-09-26
alloc:cedar_park,2021-05-01,3767026.95,2026-09-26
alloc:cedar_park,2021-06-01,3081912.58,2026-09-26
alloc:cedar_park,2021-07-01,2919702.76,2026-09-26
alloc:cedar_park,2021-08-01,3749236.85,2026-09-26
alloc:cedar_park,2021-09-01,3026095.28,2026-09-26
alloc:cedar_park,2021-10-01,2997939.99,2026-09-26
alloc:cedar_park,2021-11-01,4000035.50,2026-09-26
alloc:cedar_park,2021-12-01,3066952.66,2026-09-26
alloc:cedar_park,2022-01-01,3415953.49,2026-09-26
alloc:cedar_park,2022-02-01,4687687.82,2026-09-26
alloc:cedar_park,2022-03-01,3025925.31,2026-09-26
alloc:cedar_park,2022-04-01,2933529.46,2026-09-26
alloc:cedar_park,2022-05-01,4325588.64,2026-09-26
alloc:cedar_park,2022-06-01,3395482.43,2026-09-26
alloc:cedar_park,2022-07-01,3469208.18,2026-09-26
alloc:cedar_park,2022-08-01,4126711.08,2026-09-26
alloc:cedar_park,2022-09-01,3329067.29,2026-09-26
alloc:cedar_park,2022-10-01,3425462.41,2026-09-26
alloc:cedar_park,2022-11-01,4107961.54,2026-09-26
alloc:cedar_park,2022-12-01,3289312.70,2026-09-26
alloc:cedar_park,2023-01-01,3646758.08,2026-09-26
alloc:cedar_park,2023-02-01,4687566.16,2026-09-26
alloc:cedar_park,2023-03-01,3087348.77,2026-09-26
alloc:cedar_park,2023-04-01,3180011.98,2026-09-26
alloc:cedar_park,2023-05-01,4239425.85,2026-09-26
alloc:cedar_park,2023-06-01,3458886.18,2026-09-26
alloc:cedar_park,2023-07-01,3477827.02,2026-09-26
alloc:cedar_park,2023-08-01,4073603.51,2026-09-26
alloc:cedar_park,2023-09-01,3408211.17,2026-09-26
alloc:cedar_park,2023-10-01,3512088.50,2026-09-26
alloc:cedar_park,2023-11-01,3965527.90,2026-09-26
alloc:cedar_park,2023-12-01,3295385.94,2026-09-26
alloc:cedar_park,2024-01-01,3666249.89,2026-09-26
alloc:cedar_park,2024-02-01,4614802.13,2026-09-26
alloc:cedar_park,2024-03-01,3542071.97,2026-09-26
alloc:cedar_park,2024-04-01,3501409.95,2026-09-26
alloc:cedar_park,2024-05-01,3948998.63,2026-09-26
alloc:cedar_park,2024-06-01,3782652.88,2026-09-26
alloc:cedar_park,2024-07-01,3938722.49,2026-09-26
alloc:cedar_park,2024-08-01,4397413.05,2026-09-26
alloc:cedar_park,2024-09-01,3756932.7,2026-09-26
alloc:cedar_park,2024-10-01,3632413.19,2026-09-26
alloc:cedar_park,2024-11-01,4250889.5,2026-09-26
alloc:cedar_park,2024-12-01,3753151.33,2026-09-26
alloc:cedar_park,2025-01-01,3674294.96,2026-09-26
alloc:cedar_park,2025-02-01,5470553.4,2026-09-26
alloc:cedar_park,2025-03-01,3332797.69,2026-09-26
alloc:cedar_park,2025-04-01,3418598.66,2026-09-26
alloc:cedar_park,2025-05-01,4793923.14,2026-09-26
alloc:cedar_park,2025-06-01,3908459.81,2026-09-26
alloc:cedar_park,2025-07-01,4658434.76,2026-09-26
alloc:cedar_park,2025-08-01,4619064.05,2026-09-26
alloc:cedar_park,2025-09-01,3932651.66,2026-09-26
alloc:cedar_park,2025-10-01,3970217.11,2026-09-26
alloc:cedar_park,2025-11-01,4520599.51,2026-09-26
alloc:cedar_park,2025-12-01,4170293.65,2026-09-26
alloc:cedar_park,2026-01-01,4036289.44,2026-09-26
alloc:cedar_park,2026-02-01,5409507.52,2026-09-26
alloc:cedar_park,2026-03-01,3664599.91,2026-09-26
alloc:cedar_park,2026-04-01,3496863.68,2026-09-26
alloc:cedar_park,2026-05-01,4700642.79,2026-09-26
alloc:cedar_park,2026-06-01,4074447.28,2026-09-26
alloc:cedar_park,2026-07-01,3971490.75,2026-09-26
alloc:cedar_park,2026-08-01,4801021.45,2026-09-26
alloc:cedar_park,2026-09-01,3825929.2,2026-09-26
alloc:dripping_springs,2019-01-01,205151.56,2026-09-26
alloc:dripping_springs,2019-02-01,263523.42,2026-09-26
alloc:dripping_springs,2019-03-01,183818.21,2026-09-26
alloc:dripping_springs,2019-04-01,215123.59,2026-09-26
alloc:dripping_springs,2019-05-01,207957.99,2026-09-26
alloc:dripping_springs,2019-06-01,245116.16,2026-09-26
alloc:dripping_springs,2019-07-01,227512.50,2026-09-26
alloc:dripping_springs,2019-08-01,258089.07,2026-09-26
alloc:dripping_springs,2019-09-01,246972.20,2026-09-26
alloc:dripping_springs,2019-10-01,232001.87,2026-09-26
alloc:dripping_springs,2019-11-01,250372.59,2026-09-26
alloc:dripping_springs,2019-12-01,268784.59,2026-09-26
alloc:dripping_springs,2020-01-01,245258.59,2026-09-26
alloc:dripping_springs,2020-02-01,300305.90,2026-09-26
alloc:dripping_springs,2020-03-01,198671.55,2026-09-26
alloc:dripping_springs,2020-04-01,213371.44,2026-09-26
alloc:dripping_springs,2020-05-01,261219.88,2026-09-26
alloc:dripping_springs,2020-06-01,265642.78,2026-09-26
alloc:dripping_springs,2020-07-01,256233.04,2026-09-26
alloc:dripping_springs,2020-08-01,304996.49,2026-09-26
alloc:dripping_springs,2020-09-01,271517.15,2026-09-26
alloc:dripping_springs,2020-10-01,271948.69,2026-09-26
alloc:dripping_springs,2020-11-01,306378.93,2026-09-26
alloc:dripping_springs,2020-12-01,299847.24,2026-09-26
alloc:dripping_springs,2021-01-01,310446.03,2026-09-26
alloc:dripping_springs,2021-02-01,346407.74,2026-09-26
alloc:dripping_springs,2021-03-01,263320.80,2026-09-26
alloc:dripping_springs,2021-04-01,232221.38,2026-09-26
alloc:dripping_springs,2021-05-01,305035.27,2026-09-26
alloc:dripping_springs,2021-06-01,322931.85,2026-09-26
alloc:dripping_springs,2021-07-01,315809.89,2026-09-26
alloc:dripping_springs,2021-08-01,394504.13,2026-09-26
alloc:dripping_springs,2021-09-01,332448.55,2026-09-26
alloc:dripping_springs,2021-10-01,317159.68,2026-09-26
alloc:dripping_springs,2021-11-01,391228.68,2026-09-26
alloc:dripping_springs,2021-12-01,298696.73,2026-09-26
alloc:dripping_springs,2022-01-01,342932.67,2026-09-26
alloc:dripping_springs,2022-02-01,397135.86,2026-09-26
alloc:dripping_springs,2022-03-01,322486.96,2026-09-26
alloc:dripping_springs,2022-04-01,279072.43,2026-09-26
alloc:dripping_springs,2022-05-01,373479.14,2026-09-26
alloc:dripping_springs,2022-06-01,371263.01,2026-09-26
alloc:dripping_springs,2022-07-01,343377.34,2026-09-26
alloc:dripping_springs,2022-08-01,402244.58,2026-09-26
alloc:dripping_springs,2022-09-01,354000.78,2026-09-26
alloc:dripping_springs,2022-10-01,337693.12,2026-09-26
alloc:dripping_springs,2022-11-01,388491.39,2026-09-26
alloc:dripping_springs,2022-12-01,363230.68,2026-09-26
alloc:dripping_springs,2023-01-01,371265.22,2026-09-26
alloc:dripping_springs,2023-02-01,437831.75,2026-09-26
alloc:dripping_springs,2023-03-01,337593.52,2026-09-26
alloc:dripping_springs,2023-04-01,299637.36,2026-09-26
alloc:dripping_springs,2023-05-01,421940.73,2026-09-26
alloc:dripping_springs,2023-06-01,368621.45,2026-09-26
alloc:dripping_springs,2023-07-01,394864.40,2026-09-26
alloc:dripping_springs,2023-08-01,404839.48,2026-09-26
alloc:dripping_springs,2023-09-01,378449.37,2026-09-26
alloc:dripping_springs,2023-10-01,399925.07,2026-09-26
alloc:dripping_springs,2023-11-01,353563.16,2026-09-26
alloc:dripping_springs,2023-12-01,367083.23,2026-09-26
alloc:dripping_springs,2024-01-01,383737.07,2026-09-26
alloc:dripping_springs,2024-02-01,522919.67,2026-09-26
alloc:dripping_springs,2024-03-01,318509.12,2026-09-26
alloc:dripping_springs,2024-04-01,325900.36,2026-09-26
alloc:dripping_springs,2024-05-01,415693.3,2026-09-26
alloc:dripping_springs,2024-06-01,387963.27,2026-09-26
alloc:dripping_springs,2024-07-01,382444.92,2026-09-26
alloc:dripping_springs,2024-08-01,414465.54,2026-09-26
alloc:dripping_springs,2024-09-01,397646.98,2026-09-26
alloc:dripping_springs,2024-10-01,370170.97,2026-09-26
alloc:dripping_springs,2024-11-01,409340.8,2026-09-26
alloc:dripping_springs,2024-12-01,409113.68,2026-09-26
alloc:dripping_springs,2025-01-01,371332.48,2026-09-26
alloc:dripping_springs,2025-02-01,634718.49,2026-09-26
alloc:dripping_springs,2025-03-01,313140.84,2026-09-26
alloc:dripping_springs,2025-04-01,355665.43,2026-09-26
alloc:dripping_springs,2025-05-01,448915.34,2026-09-26
alloc:dripping_springs,2025-06-01,413015.18,2026-09-26
alloc:dripping_springs,2025-07-01,410720.04,2026-09-26
alloc:dripping_springs,2025-08-01,421187.29,2026-09-26
alloc:dripping_springs,2025-09-01,405105.54,2026-09-26
alloc:dripping_springs,2025-10-01,374024.82,2026-09-26
alloc:dripping_springs,2025-11-01,417580.76,2026-09-26
alloc:dripping_springs,2025-12-01,426771.29,2026-09-26
alloc:dripping_springs,2026-01-01,414003.74,2026-09-26
alloc:dripping_springs,2026-02-01,510566.84,2026-09-26
alloc:dripping_springs,2026-03-01,371740.71,2026-09-26
alloc:dripping_springs,2026-04-01,353602.55,2026-09-26
alloc:dripping_springs,2026-05-01,452159.08,2026-09-26
alloc:dripping_springs,2026-06-01,420704.16,2026-09-26
alloc:dripping_springs,2026-07-01,415178.67,2026-09-26
alloc:dripping_springs,2026-08-01,477849.33,2026-09-26
alloc:dripping_springs,2026-09-01,405282.08,2026-09-26
alloc:georgetown,2019-01-01,2083953.51,2026-09-26
alloc:georgetown,2019-02-01,2659792.82,2026-09-26
alloc:georgetown,2019-03-01,1920868.95,2026-09-26
alloc:georgetown,2019-04-01,2090407.67,2026-09-26
alloc:georgetown,2019-05-01,2562239.05,2026-09-26
alloc:georgetown,2019-06-01,2339339.47,2026-09-26
alloc:georgetown,2019-07-01,2322611.74,2026-09-26
alloc:georgetown,2019-08-01,2586171.89,2026-09-26
alloc:georgetown,2019-09-01,2531280.61,2026-09-26
alloc:georgetown,2019-10-01,2326597.96,2026-09-26
alloc:georgetown,2019-11-01,2509843.32,2026-09-26
alloc:georgetown,2019-12-01,2705859.45,2026-09-26
alloc:georgetown,2020-01-01,2637656.11,2026-09-26
alloc:georgetown,2020-02-01,3214650.24,2026-09-26
alloc:georgetown,2020-03-01,2222480.60,2026-09-26
alloc:georgetown,2020-04-01,2182467.61,2026-09-26
alloc:georgetown,2020-05-01,2611373.08,2026-09-26
alloc:georgetown,2020-06-01,2355640.02,2026-09-26
alloc:georgetown,2020-07-01,2592904.59,2026-09-26
alloc:georgetown,2020-08-01,3177998.00,2026-09-26
alloc:georgetown,2020-09-01,2803638.59,2026-09-26
alloc:georgetown,2020-10-01,2728664.26,2026-09-26
alloc:georgetown,2020-11-01,3329349.61,2026-09-26
alloc:georgetown,2020-12-01,3060826.66,2026-09-26
alloc:georgetown,2021-01-01,3022064.35,2026-09-26
alloc:georgetown,2021-02-01,3899049.33,2026-09-26
alloc:georgetown,2021-03-01,2742773.87,2026-09-26
alloc:georgetown,2021-04-01,2311155.57,2026-09-26
alloc:georgetown,2021-05-01,4071372.04,2026-09-26
alloc:georgetown,2021-06-01,3487838.31,2026-09-26
alloc:georgetown,2021-07-01,3499630.32,2026-09-26
alloc:georgetown,2021-08-01,4080335.42,2026-09-26
alloc:georgetown,2021-09-01,3522389.64,2026-09-26
alloc:georgetown,2021-10-01,3484137.47,2026-09-26
alloc:georgetown,2021-11-01,3973669.18,2026-09-26
alloc:georgetown,2021-12-01,3673419.79,2026-09-26
alloc:georgetown,2022-01-01,3709257.16,2026-09-26
alloc:georgetown,2022-02-01,4749941.75,2026-09-26
alloc:georgetown,2022-03-01,3789786.88,2026-09-26
alloc:georgetown,2022-04-01,3313706.75,2026-09-26
alloc:georgetown,2022-05-01,4565595.88,2026-09-26
alloc:georgetown,2022-06-01,4044357.92,2026-09-26
alloc:georgetown,2022-07-01,4026276.94,2026-09-26
alloc:georgetown,2022-08-01,4424217.48,2026-09-26
alloc:georgetown,2022-09-01,4146247.17,2026-09-26
alloc:georgetown,2022-10-01,3959053.29,2026-09-26
alloc:georgetown,2022-11-01,4560413.91,2026-09-26
alloc:georgetown,2022-12-01,3967192.70,2026-09-26
alloc:georgetown,2023-01-01,4127550.80,2026-09-26
alloc:georgetown,2023-02-01,4841183.83,2026-09-26
alloc:georgetown,2023-03-01,3766451.00,2026-09-26
alloc:georgetown,2023-04-01,3244330.79,2026-09-26
alloc:georgetown,2023-05-01,4530343.89,2026-09-26
alloc:georgetown,2023-06-01,3728361.08,2026-09-26
alloc:georgetown,2023-07-01,3979865.06,2026-09-26
alloc:georgetown,2023-08-01,4473223.25,2026-09-26
alloc:georgetown,2023-09-01,4051095.16,2026-09-26
alloc:georgetown,2023-10-01,4306865.13,2026-09-26
alloc:georgetown,2023-11-01,4263529.47,2026-09-26
alloc:georgetown,2023-12-01,4003933.72,2026-09-26
alloc:georgetown,2024-01-01,4225148.59,2026-09-26
alloc:georgetown,2024-02-01,4986807.47,2026-09-26
alloc:georgetown,2024-03-01,3710582.37,2026-09-26
alloc:georgetown,2024-04-01,3914301.1,2026-09-26
alloc:georgetown,2024-05-01,4639818.87,2026-09-26
alloc:georgetown,2024-06-01,4339590.59,2026-09-26
alloc:georgetown,2024-07-01,4320910.96,2026-09-26
alloc:georgetown,2024-08-01,4555782.01,2026-09-26
alloc:georgetown,2024-09-01,4269409.78,2026-09-26
alloc:georgetown,2024-10-01,4273129.77,2026-09-26
alloc:georgetown,2024-11-01,4870718.92,2026-09-26
alloc:georgetown,2024-12-01,4361188.1,2026-09-26
alloc:georgetown,2025-01-01,4346293.98,2026-09-26
alloc:georgetown,2025-02-01,6187471.91,2026-09-26
alloc:georgetown,2025-03-01,3881577.36,2026-09-26
alloc:georgetown,2025-04-01,3756995.28,2026-09-26
alloc:georgetown,2025-05-01,4971683.51,2026-09-26
alloc:georgetown,2025-06-01,4458266.71,2026-09-26
alloc:georgetown,2025-07-01,4414951.11,2026-09-26
alloc:georgetown,2025-08-01,4669194.74,2026-09-26
alloc:georgetown,2025-09-01,4314802.39,2026-09-26
alloc:georgetown,2025-10-01,4269966.92,2026-09-26
alloc:georgetown,2025-11-01,4716311.13,2026-09-26
alloc:georgetown,2025-12-01,4389032.93,2026-09-26
alloc:georgetown,2026-01-01,4597028.79,2026-09-26
alloc:georgetown,2026-02-01,5611631.06,2026-09-26
alloc:georgetown,2026-03-01,4252522.99,2026-09-26
alloc:georgetown,2026-04-01,3823808.98,2026-09-26
alloc:georgetown,2026-05-01,5013781.78,2026-09-26
alloc:georgetown,2026-06-01,4901151.79,2026-09-26
alloc:georgetown,2026-07-01,4857058.42,2026-09-26
alloc:georgetown,2026-08-01,5560762.03,2026-09-26
alloc:georgetown,2026-09-01,3951906.85,2026-09-26
alloc:hutto,2019-01-01,357339.68,2026-09-26
alloc:hutto,2019-02-01,501980.52,2026-09-26
alloc:hutto,2019-03-01,413621.31,2026-09-26
alloc:hutto,2019-04-01,457895.95,2026-09-26
alloc:hutto,2019-05-01,464344.36,2026-09-26
alloc:hutto,2019-06-01,465712.35,2026-09-26
alloc:hutto,2019-07-01,492082.90,2026-09-26
alloc:hutto,2019-08-01,568882.97,2026-09-26
alloc:hutto,2019-09-01,477730.72,2026-09-26
alloc:hutto,2019-10-01,475877.63,2026-09-26
alloc:hutto,2019-11-01,562669.45,2026-09-26
alloc:hutto,2019-12-01,506956.04,2026-09-26
alloc:hutto,2020-01-01,490708.23,2026-09-26
alloc:hutto,2020-02-01,628416.51,2026-09-26
alloc:hutto,2020-03-01,499327.62,2026-09-26
alloc:hutto,2020-04-01,465973.71,2026-09-26
alloc:hutto,2020-05-01,625087.68,2026-09-26
alloc:hutto,2020-06-01,635365.46,2026-09-26
alloc:hutto,2020-07-01,669240.51,2026-09-26
alloc:hutto,2020-08-01,744000.08,2026-09-26
alloc:hutto,2020-09-01,652155.07,2026-09-26
alloc:hutto,2020-10-01,628781.38,2026-09-26
alloc:hutto,2020-11-01,677062.41,2026-09-26
alloc:hutto,2020-12-01,614452.11,2026-09-26
alloc:hutto,2021-01-01,708121.25,2026-09-26
alloc:hutto,2021-02-01,803617.57,2026-09-26
alloc:hutto,2021-03-01,633444.02,2026-09-26
alloc:hutto,2021-04-01,526666.04,2026-09-26
alloc:hutto,2021-05-01,916583.66,2026-09-26
alloc:hutto,2021-06-01,770825.18,2026-09-26
alloc:hutto,2021-07-01,771258.97,2026-09-26
alloc:hutto,2021-08-01,884912.65,2026-09-26
alloc:hutto,2021-09-01,859528.79,2026-09-26
alloc:hutto,2021-10-01,795008.63,2026-09-26
alloc:hutto,2021-11-01,1087061.94,2026-09-26
alloc:hutto,2021-12-01,867705.76,2026-09-26
alloc:hutto,2022-01-01,846803.07,2026-09-26
alloc:hutto,2022-02-01,691117.40,2026-09-26
alloc:hutto,2022-03-01,763237.31,2026-09-26
alloc:hutto,2022-04-01,727223.18,2026-09-26
alloc:hutto,2022-05-01,1062146.09,2026-09-26
alloc:hutto,2022-06-01,936313.68,2026-09-26
alloc:hutto,2022-07-01,928575.86,2026-09-26
alloc:hutto,2022-08-01,1067137.49,2026-09-26
alloc:hutto,2022-09-01,959060.13,2026-09-26
alloc:hutto,2022-10-01,963590.54,2026-09-26
alloc:hutto,2022-11-01,1078183.76,2026-09-26
alloc:hutto,2022-12-01,929676.03,2026-09-26
alloc:hutto,2023-01-01,959307.96,2026-09-26
alloc:hutto,2023-02-01,1120670.23,2026-09-26
alloc:hutto,2023-03-01,899134.79,2026-09-26
alloc:hutto,2023-04-01,1047504.27,2026-09-26
alloc:hutto,2023-05-01,1272078.20,2026-09-26
alloc:hutto,2023-06-01,1045510.60,2026-09-26
alloc:hutto,2023-07-01,1053928.21,2026-09-26
alloc:hutto,2023-08-01,1183397.49,2026-09-26
alloc:hutto,2023-09-01,1122377.90,2026-09-26
alloc:hutto,2023-10-01,1015642.19,2026-09-26
alloc:hutto,2023-11-01,1153401.55,2026-09-26
alloc:hutto,2023-12-01,1084156.46,2026-09-26
alloc:hutto,2024-01-01,1124645.15,2026-09-26
alloc:hutto,2024-02-01,1273165.77,2026-09-26
alloc:hutto,2024-03-01,960897.04,2026-09-26
alloc:hutto,2024-04-01,1001684.85,2026-09-26
alloc:hutto,2024-05-01,1221123.02,2026-09-26
alloc:hutto,2024-06-01,1122058.83,2026-09-26
alloc:hutto,2024-07-01,1131066.97,2026-09-26
alloc:hutto,2024-08-01,1219811.63,2026-09-26
alloc:hutto,2024-09-01,1246914.04,2026-09-26
alloc:hutto,2024-10-01,1113246.11,2026-09-26
alloc:hutto,2024-11-01,1287024.15,2026-09-26
alloc:hutto,2024-12-01,1175405.31,2026-09-26
alloc:hutto,2025-01-01,1066451.67,2026-09-26
alloc:hutto,2025-02-01,1635578.64,2026-09-26
alloc:hutto,2025-03-01,1032718.67,2026-09-26
alloc:hutto,2025-04-01,1624243.78,2026-09-26
alloc:hutto,2025-05-01,1380879.7,2026-09-26
alloc:hutto,2025-06-01,1220391.24,2026-09-26
alloc:hutto,2025-07-01,1202102.57,2026-09-26
alloc:hutto,2025-08-01,1289951.47,2026-09-26
alloc:hutto,2025-09-01,1303610.49,2026-09-26
alloc:hutto,2025-10-01,1139416,2026-09-26
alloc:hutto,2025-11-01,1311644.58,2026-09-26
alloc:hutto,2025-12-01,1231439.32,2026-09-26
alloc:hutto,2026-01-01,1161550.58,2026-09-26
alloc:hutto,2026-02-01,1362095.42,2026-09-26
alloc:hutto,2026-03-01,1087451.73,2026-09-26
alloc:hutto,2026-04-01,983265.35,2026-09-26
alloc:hutto,2026-05-01,1485426,2026-09-26
alloc:hutto,2026-06-01,1150449.13,2026-09-26
alloc:hutto,2026-07-01,1188200.23,2026-09-26
alloc:hutto,2026-08-01,1519634.55,2026-09-26
alloc:hutto,2026-09-01,1437589.34,2026-09-26
alloc:kyle,2019-01-01,598595.74,2026-09-26
alloc:kyle,2019-02-01,860519.91,2026-09-26
alloc:kyle,2019-03-01,596816.39,2026-09-26
alloc:kyle,2019-04-01,661430.59,2026-09-26
alloc:kyle,2019-05-01,765827.88,2026-09-26
alloc:kyle,2019-06-01,715225.15,2026-09-26
alloc:kyle,2019-07-01,726804.24,2026-09-26
alloc:kyle,2019-08-01,813731.65,2026-09-26
alloc:kyle,2019-09-01,792204.99,2026-09-26
alloc:kyle,2019-10-01,721981.62,2026-09-26
alloc:kyle,2019-11-01,895336.72,2026-09-26
alloc:kyle,2019-12-01,743863.97,2026-09-26
alloc:kyle,2020-01-01,728242.35,2026-09-26
alloc:kyle,2020-02-01,1011001.35,2026-09-26
alloc:kyle,2020-03-01,685573.29,2026-09-26
alloc:kyle,2020-04-01,634908.41,2026-09-26
alloc:kyle,2020-05-01,870437.04,2026-09-26
alloc:kyle,2020-06-01,769765.52,2026-09-26
alloc:kyle,2020-07-01,833945.28,2026-09-26
alloc:kyle,2020-08-01,1013490.57,2026-09-26
alloc:kyle,2020-09-01,826924.71,2026-09-26
alloc:kyle,2020-10-01,805948.41,2026-09-26
alloc:kyle,2020-11-01,1067279.12,2026-09-26
alloc:kyle,2020-12-01,841818.68,2026-09-26
alloc:kyle,2021-01-01,870834.02,2026-09-26
alloc:kyle,2021-02-01,1145110.36,2026-09-26
alloc:kyle,2021-03-01,859595.58,2026-09-26
alloc:kyle,2021-04-01,732787.22,2026-09-26
alloc:kyle,2021-05-01,1208326.59,2026-09-26
alloc:kyle,2021-06-01,1041879.82,2026-09-26
alloc:kyle,2021-07-01,1007620.89,2026-09-26
alloc:kyle,2021-08-01,1204974.57,2026-09-26
alloc:kyle,2021-09-01,1031882.07,2026-09-26
alloc:kyle,2021-10-01,988828.48,2026-09-26
alloc:kyle,2021-11-01,1367589.48,2026-09-26
alloc:kyle,2021-12-01,1018911.95,2026-09-26
alloc:kyle,2022-01-01,1096243.77,2026-09-26
alloc:kyle,2022-02-01,1444852.78,2026-09-26
alloc:kyle,2022-03-01,1085149.49,2026-09-26
alloc:kyle,2022-04-01,995369.43,2026-09-26
alloc:kyle,2022-05-01,1455083.22,2026-09-26
alloc:kyle,2022-06-01,1213710.13,2026-09-26
alloc:kyle,2022-07-01,1242159.29,2026-09-26
alloc:kyle,2022-08-01,1478068.33,2026-09-26
alloc:kyle,2022-09-01,1294044.62,2026-09-26
alloc:kyle,2022-10-01,1160979.47,2026-09-26
alloc:kyle,2022-11-01,1495233.54,2026-09-26
alloc:kyle,2022-12-01,1306962.31,2026-09-26
alloc:kyle,2023-01-01,1285130.02,2026-09-26
alloc:kyle,2023-02-01,1590718.36,2026-09-26
alloc:kyle,2023-03-01,1184859.74,2026-09-26
alloc:kyle,2023-04-01,1141675.89,2026-09-26
alloc:kyle,2023-05-01,1524178.66,2026-09-26
alloc:kyle,2023-06-01,1320473.20,2026-09-26
alloc:kyle,2023-07-01,1441507.72,2026-09-26
alloc:kyle,2023-08-01,1562810.80,2026-09-26
alloc:kyle,2023-09-01,1388460.14,2026-09-26
alloc:kyle,2023-10-01,1425969.13,2026-09-26
alloc:kyle,2023-11-01,1599526.69,2026-09-26
alloc:kyle,2023-12-01,1385158.7,2026-09-26
alloc:kyle,2024-01-01,1423036.48,2026-09-26
alloc:kyle,2024-02-01,1785631.91,2026-09-26
alloc:kyle,2024-03-01,1234268.5,2026-09-26
alloc:kyle,2024-04-01,1270755.18,2026-09-26
alloc:kyle,2024-05-01,1625278.58,2026-09-26
alloc:kyle,2024-06-01,1500186.28,2026-09-26
alloc:kyle,2024-07-01,1539701.99,2026-09-26
alloc:kyle,2024-08-01,1679998.81,2026-09-26
alloc:kyle,2024-09-01,1518664.73,2026-09-26
alloc:kyle,2024-10-01,1369300.36,2026-09-26
alloc:kyle,2024-11-01,1713799.53,2026-09-26
alloc:kyle,2024-12-01,1452377.01,2026-09-26
alloc:kyle,2025-01-01,1433010.12,2026-09-26
alloc:kyle,2025-02-01,2195943.65,2026-09-26
alloc:kyle,2025-03-01,1354075.64,2026-09-26
alloc:kyle,2025-04-01,1317288.46,2026-09-26
alloc:kyle,2025-05-01,1769234.97,2026-09-26
alloc:kyle,2025-06-01,1566741.31,2026-09-26
alloc:kyle,2025-07-01,1609002.28,2026-09-26
alloc:kyle,2025-08-01,1803883.21,2026-09-26
alloc:kyle,2025-09-01,1549555.08,2026-09-26
alloc:kyle,2025-10-01,1526482.1,2026-09-26
alloc:kyle,2025-11-01,1776339.77,2026-09-26
alloc:kyle,2025-12-01,1579072.13,2026-09-26
alloc:kyle,2026-01-01,1544960.73,2026-09-26
alloc:kyle,2026-02-01,2211640.83,2026-09-26
alloc:kyle,2026-03-01,1465368.01,2026-09-26
alloc:kyle,2026-04-01,1564778.95,2026-09-26
alloc:kyle,2026-05-01,2026085.01,2026-09-26
alloc:kyle,2026-06-01,1711327.01,2026-09-26
alloc:kyle,2026-07-01,1621809.89,2026-09-26
alloc:kyle,2026-08-01,1976359.55,2026-09-26
alloc:kyle,2026-09-01,1633344.02,2026-09-26
alloc:lakeway,2019-01-01,323696.76,2026-09-26
alloc:lakeway,2019-02-01,483775.74,2026-09-26
alloc:lakeway,2019-03-01,323126.75,2026-09-26
alloc:lakeway,2019-04-01,377796.48,2026-09-26
alloc:lakeway,2019-05-01,390467.88,2026-09-26
alloc:lakeway,2019-06-01,395482.56,2026-09-26
alloc:lakeway,2019-07-01,371325.73,2026-09-26
alloc:lakeway,2019-08-01,460863.72,2026-09-26
alloc:lakeway,2019-09-01,306542.70,2026-09-26
alloc:lakeway,2019-10-01,399793.14,2026-09-26
alloc:lakeway,2019-11-01,469531.35,2026-09-26
alloc:lakeway,2019-12-01,475285.36,2026-09-26
alloc:lakeway,2020-01-01,384632.79,2026-09-26
alloc:lakeway,2020-02-01,514392.58,2026-09-26
alloc:lakeway,2020-03-01,459333.55,2026-09-26
alloc:lakeway,2020-04-01,359600.95,2026-09-26
alloc:lakeway,2020-05-01,424858.40,2026-09-26
alloc:lakeway,2020-06-01,341382.52,2026-09-26
alloc:lakeway,2020-07-01,403089.74,2026-09-26
alloc:lakeway,2020-08-01,527396.94,2026-09-26
alloc:lakeway,2020-09-01,411719.19,2026-09-26
alloc:lakeway,2020-10-01,389844.05,2026-09-26
alloc:lakeway,2020-11-01,530825.30,2026-09-26
alloc:lakeway,2020-12-01,414312.19,2026-09-26
alloc:lakeway,2021-01-01,407430.86,2026-09-26
alloc:lakeway,2021-02-01,583454.05,2026-09-26
alloc:lakeway,2021-03-01,498410.35,2026-09-26
alloc:lakeway,2021-04-01,343301.15,2026-09-26
alloc:lakeway,2021-05-01,546478.37,2026-09-26
alloc:lakeway,2021-06-01,441242.88,2026-09-26
alloc:lakeway,2021-07-01,460542.38,2026-09-26
alloc:lakeway,2021-08-01,565050.31,2026-09-26
alloc:lakeway,2021-09-01,484733.25,2026-09-26
alloc:lakeway,2021-10-01,467836.13,2026-09-26
alloc:lakeway,2021-11-01,651203.41,2026-09-26
alloc:lakeway,2021-12-01,434083.06,2026-09-26
alloc:lakeway,2022-01-01,490080.76,2026-09-26
alloc:lakeway,2022-02-01,598170.25,2026-09-26
alloc:lakeway,2022-03-01,444324.10,2026-09-26
alloc:lakeway,2022-04-01,421490.55,2026-09-26
alloc:lakeway,2022-05-01,590103.66,2026-09-26
alloc:lakeway,2022-06-01,480460.20,2026-09-26
alloc:lakeway,2022-07-01,506607.06,2026-09-26
alloc:lakeway,2022-08-01,620269.75,2026-09-26
alloc:lakeway,2022-09-01,496092.69,2026-09-26
alloc:lakeway,2022-10-01,518453.63,2026-09-26
alloc:lakeway,2022-11-01,622886.88,2026-09-26
alloc:lakeway,2022-12-01,506483.14,2026-09-26
alloc:lakeway,2023-01-01,539109.41,2026-09-26
alloc:lakeway,2023-02-01,676500.46,2026-09-26
alloc:lakeway,2023-03-01,492357.72,2026-09-26
alloc:lakeway,2023-04-01,478666.04,2026-09-26
alloc:lakeway,2023-05-01,611679.57,2026-09-26
alloc:lakeway,2023-06-01,493640.52,2026-09-26
alloc:lakeway,2023-07-01,546513.60,2026-09-26
alloc:lakeway,2023-08-01,632855.10,2026-09-26
alloc:lakeway,2023-09-01,528457.17,2026-09-26
alloc:lakeway,2023-10-01,549030.66,2026-09-26
alloc:lakeway,2023-11-01,646829.16,2026-09-26
alloc:lakeway,2023-12-01,549211.85,2026-09-26
alloc:lakeway,2024-01-01,563163.95,2026-09-26
alloc:lakeway,2024-02-01,674095.78,2026-09-26
alloc:lakeway,2024-03-01,469413.94,2026-09-26
alloc:lakeway,2024-04-01,481224.22,2026-09-26
alloc:lakeway,2024-05-01,601824.17,2026-09-26
alloc:lakeway,2024-06-01,526045.7,2026-09-26
alloc:lakeway,2024-07-01,600269.32,2026-09-26
alloc:lakeway,2024-08-01,614007.18,2026-09-26
alloc:lakeway,2024-09-01,529844.29,2026-09-26
alloc:lakeway,2024-10-01,497708.86,2026-09-26
alloc:lakeway,2024-11-01,624205.07,2026-09-26
alloc:lakeway,2024-12-01,264520.21,2026-09-26
alloc:lakeway,2025-01-01,511960.26,2026-09-26
alloc:lakeway,2025-02-01,736940.22,2026-09-26
alloc:lakeway,2025-03-01,468854.94,2026-09-26
alloc:lakeway,2025-04-01,451417.91,2026-09-26
alloc:lakeway,2025-05-01,641323.06,2026-09-26
alloc:lakeway,2025-06-01,547452.82,2026-09-26
alloc:lakeway,2025-07-01,556116.72,2026-09-26
alloc:lakeway,2025-08-01,659726.13,2026-09-26
alloc:lakeway,2025-09-01,565888.67,2026-09-26
alloc:lakeway,2025-10-01,538798.23,2026-09-26
alloc:lakeway,2025-11-01,663765.2,2026-09-26
alloc:lakeway,2025-12-01,570488.92,2026-09-26
alloc:lakeway,2026-01-01,572268.81,2026-09-26
alloc:lakeway,2026-02-01,734560.8,2026-09-26
alloc:lakeway,2026-03-01,513498.48,2026-09-26
alloc:lakeway,2026-04-01,482919.31,2026-09-26
alloc:lakeway,2026-05-01,662680.66,2026-09-26
alloc:lakeway,2026-06-01,573770.76,2026-09-26
alloc:lakeway,2026-07-01,596607.75,2026-09-26
alloc:lakeway,2026-08-01,715744.77,2026-09-26
alloc:lakeway,2026-09-01,568298.3,2026-09-26
alloc:leander,2019-01-01,411009.42,2026-09-26
alloc:leander,2019-02-01,592463.18,2026-09-26
alloc:leander,2019-03-01,424510.40,2026-09-26
alloc:leander,2019-04-01,449255.39,2026-09-26
alloc:leander,2019-05-01,563462.40,2026-09-26
alloc:leander,2019-06-01,497748.08,2026-09-26
alloc:leander,2019-07-01,466852.51,2026-09-26
alloc:leander,2019-08-01,609070.06,2026-09-26
alloc:leander,2019-09-01,373912.62,2026-09-26
alloc:leander,2019-10-01,547448.01,2026-09-26
alloc:leander,2019-11-01,605240.11,2026-09-26
alloc:leander,2019-12-01,543469.24,2026-09-26
alloc:leander,2020-01-01,550976.90,2026-09-26
alloc:leander,2020-02-01,739279.97,2026-09-26
alloc:leander,2020-03-01,599422.33,2026-09-26
alloc:leander,2020-04-01,506883.18,2026-09-26
alloc:leander,2020-05-01,704455.86,2026-09-26
alloc:leander,2020-06-01,524679.96,2026-09-26
alloc:leander,2020-07-01,656256.89,2026-09-26
alloc:leander,2020-08-01,774382.87,2026-09-26
alloc:leander,2020-09-01,637886.42,2026-09-26
alloc:leander,2020-10-01,638294.29,2026-09-26
alloc:leander,2020-11-01,904862.40,2026-09-26
alloc:leander,2020-12-01,579693.73,2026-09-26
alloc:leander,2021-01-01,703923.88,2026-09-26
alloc:leander,2021-02-01,937393.45,2026-09-26
alloc:leander,2021-03-01,649342.91,2026-09-26
alloc:leander,2021-04-01,586604.61,2026-09-26
alloc:leander,2021-05-01,958891.65,2026-09-26
alloc:leander,2021-06-01,753034.24,2026-09-26
alloc:leander,2021-07-01,779020.15,2026-09-26
alloc:leander,2021-08-01,980944.49,2026-09-26
alloc:leander,2021-09-01,776402.78,2026-09-26
alloc:leander,2021-10-01,791732.39,2026-09-26
alloc:leander,2021-11-01,1103451.77,2026-09-26
alloc:leander,2021-12-01,788913.94,2026-09-26
alloc:leander,2022-01-01,913446.68,2026-09-26
alloc:leander,2022-02-01,1148400.48,2026-09-26
alloc:leander,2022-03-01,825942.70,2026-09-26
alloc:leander,2022-04-01,806673.83,2026-09-26
alloc:leander,2022-05-01,1068907.89,2026-09-26
alloc:leander,2022-06-01,813100.35,2026-09-26
alloc:leander,2022-07-01,804068.87,2026-09-26
alloc:leander,2022-08-01,1007192.77,2026-09-26
alloc:leander,2022-09-01,806282.87,2026-09-26
alloc:leander,2022-10-01,811258.79,2026-09-26
alloc:leander,2022-11-01,1048575.74,2026-09-26
alloc:leander,2022-12-01,813682.75,2026-09-26
alloc:leander,2023-01-01,834128.44,2026-09-26
alloc:leander,2023-02-01,1136418.42,2026-09-26
alloc:leander,2023-03-01,753258.03,2026-09-26
alloc:leander,2023-04-01,772111.39,2026-09-26
alloc:leander,2023-05-01,1104867.65,2026-09-26
alloc:leander,2023-06-01,826275.83,2026-09-26
alloc:leander,2023-07-01,813131.73,2026-09-26
alloc:leander,2023-08-01,1045990.95,2026-09-26
alloc:leander,2023-09-01,845902.23,2026-09-26
alloc:leander,2023-10-01,811434.85,2026-09-26
alloc:leander,2023-11-01,1077950.12,2026-09-26
alloc:leander,2023-12-01,855914.84,2026-09-26
alloc:leander,2024-01-01,910787.29,2026-09-26
alloc:leander,2024-02-01,1176093.96,2026-09-26
alloc:leander,2024-03-01,821372.34,2026-09-26
alloc:leander,2024-04-01,796085.1,2026-09-26
alloc:leander,2024-05-01,1182981.63,2026-09-26
alloc:leander,2024-06-01,859026.47,2026-09-26
alloc:leander,2024-07-01,907639.61,2026-09-26
alloc:leander,2024-08-01,1107781.78,2026-09-26
alloc:leander,2024-09-01,939038.83,2026-09-26
alloc:leander,2024-10-01,779591.71,2026-09-26
alloc:leander,2024-11-01,1134567.58,2026-09-26
alloc:leander,2024-12-01,915251.68,2026-09-26
alloc:leander,2025-01-01,882382.08,2026-09-26
alloc:leander,2025-02-01,1493460.7,2026-09-26
alloc:leander,2025-03-01,832366,2026-09-26
alloc:leander,2025-04-01,736071.13,2026-09-26
alloc:leander,2025-05-01,1221281.25,2026-09-26
alloc:leander,2025-06-01,933727.75,2026-09-26
alloc:leander,2025-07-01,933536.86,2026-09-26
alloc:leander,2025-08-01,1196069.69,2026-09-26
alloc:leander,2025-09-01,958507.41,2026-09-26
alloc:leander,2025-10-01,929866.51,2026-09-26
alloc:leander,2025-11-01,1293257.32,2026-09-26
alloc:leander,2025-12-01,991919.47,2026-09-26
alloc:leander,2026-01-01,985111.13,2026-09-26
alloc:leander,2026-02-01,1459861.58,2026-09-26
alloc:leander,2026-03-01,897012.24,2026-09-26
alloc:leander,2026-04-01,865159.13,2026-09-26
alloc:leander,2026-05-01,1404763.54,2026-09-26
alloc:leander,2026-06-01,1033399.83,2026-09-26
alloc:leander,2026-07-01,1041096.75,2026-09-26
alloc:leander,2026-08-01,1391612.64,2026-09-26
alloc:leander,2026-09-01,1039691.4,2026-09-26
alloc:manor,2019-01-01,97291.36,2026-09-26
alloc:manor,2019-02-01,125880.97,2026-09-26
alloc:manor,2019-03-01,80858.82,2026-09-26
alloc:manor,2019-04-01,84775.72,2026-09-26
alloc:manor,2019-05-01,140262.19,2026-09-26
alloc:manor,2019-06-01,105071.11,2026-09-26
alloc:manor,2019-07-01,100514.69,2026-09-26
alloc:manor,2019-08-01,138889.92,2026-09-26
alloc:manor,2019-09-01,105029.10,2026-09-26
alloc:manor,2019-10-01,104974.43,2026-09-26
alloc:manor,2019-11-01,168389.87,2026-09-26
alloc:manor,2019-12-01,129343.45,2026-09-26
alloc:manor,2020-01-01,107442.85,2026-09-26
alloc:manor,2020-02-01,180654.14,2026-09-26
alloc:manor,2020-03-01,100248.30,2026-09-26
alloc:manor,2020-04-01,103086.20,2026-09-26
alloc:manor,2020-05-01,154261.48,2026-09-26
alloc:manor,2020-06-01,114010.89,2026-09-26
alloc:manor,2020-07-01,122454.71,2026-09-26
alloc:manor,2020-08-01,178318.95,2026-09-26
alloc:manor,2020-09-01,129081.28,2026-09-26
alloc:manor,2020-10-01,125287.67,2026-09-26
alloc:manor,2020-11-01,180749.02,2026-09-26
alloc:manor,2020-12-01,135150.83,2026-09-26
alloc:manor,2021-01-01,136037.45,2026-09-26
alloc:manor,2021-02-01,206067.64,2026-09-26
alloc:manor,2021-03-01,126256.16,2026-09-26
alloc:manor,2021-04-01,128067.51,2026-09-26
alloc:manor,2021-05-01,214025.27,2026-09-26
alloc:manor,2021-06-01,171234.02,2026-09-26
alloc:manor,2021-07-01,161382.19,2026-09-26
alloc:manor,2021-08-01,219156.68,2026-09-26
alloc:manor,2021-09-01,154682.09,2026-09-26
alloc:manor,2021-10-01,168991.65,2026-09-26
alloc:manor,2021-11-01,230535.22,2026-09-26
alloc:manor,2021-12-01,180169.06,2026-09-26
alloc:manor,2022-01-01,162109.77,2026-09-26
alloc:manor,2022-02-01,242001.95,2026-09-26
alloc:manor,2022-03-01,155816.34,2026-09-26
alloc:manor,2022-04-01,142233.99,2026-09-26
alloc:manor,2022-05-01,236012.90,2026-09-26
alloc:manor,2022-06-01,179888.02,2026-09-26
alloc:manor,2022-07-01,225308.00,2026-09-26
alloc:manor,2022-08-01,244911.27,2026-09-26
alloc:manor,2022-09-01,213600.89,2026-09-26
alloc:manor,2022-10-01,233083.02,2026-09-26
alloc:manor,2022-11-01,246801.16,2026-09-26
alloc:manor,2022-12-01,215096.18,2026-09-26
alloc:manor,2023-01-01,204671.68,2026-09-26
alloc:manor,2023-02-01,277846.74,2026-09-26
alloc:manor,2023-03-01,203717.25,2026-09-26
alloc:manor,2023-04-01,196960.34,2026-09-26
alloc:manor,2023-05-01,257267.97,2026-09-26
alloc:manor,2023-06-01,194979.38,2026-09-26
alloc:manor,2023-07-01,216659.77,2026-09-26
alloc:manor,2023-08-01,298817.15,2026-09-26
alloc:manor,2023-09-01,262439.17,2026-09-26
alloc:manor,2023-10-01,229427.72,2026-09-26
alloc:manor,2023-11-01,291723.42,2026-09-26
alloc:manor,2023-12-01,234020.67,2026-09-26
alloc:manor,2024-01-01,214428.47,2026-09-26
alloc:manor,2024-02-01,302279.21,2026-09-26
alloc:manor,2024-03-01,187067.73,2026-09-26
alloc:manor,2024-04-01,196462.68,2026-09-26
alloc:manor,2024-05-01,289324.8,2026-09-26
alloc:manor,2024-06-01,223407.96,2026-09-26
alloc:manor,2024-07-01,226334.42,2026-09-26
alloc:manor,2024-08-01,279402.76,2026-09-26
alloc:manor,2024-09-01,235396.13,2026-09-26
alloc:manor,2024-10-01,249565.26,2026-09-26
alloc:manor,2024-11-01,315680.85,2026-09-26
alloc:manor,2024-12-01,281813.32,2026-09-26
alloc:manor,2025-01-01,293640.95,2026-09-26
alloc:manor,2025-02-01,327199.51,2026-09-26
alloc:manor,2025-03-01,264801.21,2026-09-26
alloc:manor,2025-04-01,211167.3,2026-09-26
alloc:manor,2025-05-01,314440.47,2026-09-26
alloc:manor,2025-06-01,246848.84,2026-09-26
alloc:manor,2025-07-01,277186.13,2026-09-26
alloc:manor,2025-08-01,362273.74,2026-09-26
alloc:manor,2025-09-01,325065.11,2026-09-26
alloc:manor,2025-10-01,306187.65,2026-09-26
alloc:manor,2025-11-01,374367.06,2026-09-26
alloc:manor,2025-12-01,331152.79,2026-09-26
alloc:manor,2026-01-01,332889.02,2026-09-26
alloc:manor,2026-02-01,456253.25,2026-09-26
alloc:manor,2026-03-01,313766.93,2026-09-26
alloc:manor,2026-04-01,330876.14,2026-09-26
alloc:manor,2026-05-01,448741.55,2026-09-26
alloc:manor,2026-06-01,368507.61,2026-09-26
alloc:manor,2026-07-01,394411.77,2026-09-26
alloc:manor,2026-08-01,479637.83,2026-09-26
alloc:manor,2026-09-01,446602.03,2026-09-26
alloc:pflugerville,2019-01-01,1201748.29,2026-09-26
alloc:pflugerville,2019-02-01,1443413.01,2026-09-26
alloc:pflugerville,2019-03-01,1143661.69,2026-09-26
alloc:pflugerville,2019-04-01,1197589.15,2026-09-26
alloc:pflugerville,2019-05-01,1407360.59,2026-09-26
alloc:pflugerville,2019-06-01,1261073.39,2026-09-26
alloc:pflugerville,2019-07-01,1321182.03,2026-09-26
alloc:pflugerville,2019-08-01,1449958.85,2026-09-26
alloc:pflugerville,2019-09-01,1527211.28,2026-09-26
alloc:pflugerville,2019-10-01,1383211.30,2026-09-26
alloc:pflugerville,2019-11-01,1514457.32,2026-09-26
alloc:pflugerville,2019-12-01,1402435.92,2026-09-26
alloc:pflugerville,2020-01-01,1380854.04,2026-09-26
alloc:pflugerville,2020-02-01,1825554.32,2026-09-26
alloc:pflugerville,2020-03-01,1243785.13,2026-09-26
alloc:pflugerville,2020-04-01,1242915.14,2026-09-26
alloc:pflugerville,2020-05-01,1565045.12,2026-09-26
alloc:pflugerville,2020-06-01,1473653.27,2026-09-26
alloc:pflugerville,2020-07-01,1553222.59,2026-09-26
alloc:pflugerville,2020-08-01,1948671.01,2026-09-26
alloc:pflugerville,2020-09-01,1773608.51,2026-09-26
alloc:pflugerville,2020-10-01,1635452.47,2026-09-26
alloc:pflugerville,2020-11-01,1850996.37,2026-09-26
alloc:pflugerville,2020-12-01,1672573.87,2026-09-26
alloc:pflugerville,2021-01-01,1943215.46,2026-09-26
alloc:pflugerville,2021-02-01,2115637.57,2026-09-26
alloc:pflugerville,2021-03-01,1589931.52,2026-09-26
alloc:pflugerville,2021-04-01,1425856.53,2026-09-26
alloc:pflugerville,2021-05-01,2330319.35,2026-09-26
alloc:pflugerville,2021-06-01,2225315.11,2026-09-26
alloc:pflugerville,2021-07-01,1849889.80,2026-09-26
alloc:pflugerville,2021-08-01,2321795.92,2026-09-26
alloc:pflugerville,2021-09-01,2158683.82,2026-09-26
alloc:pflugerville,2021-10-01,2036319.98,2026-09-26
alloc:pflugerville,2021-11-01,2400363.69,2026-09-26
alloc:pflugerville,2021-12-01,2117530.31,2026-09-26
alloc:pflugerville,2022-01-01,2196151.20,2026-09-26
alloc:pflugerville,2022-02-01,2507525.59,2026-09-26
alloc:pflugerville,2022-03-01,1926955.95,2026-09-26
alloc:pflugerville,2022-04-01,1779871.19,2026-09-26
alloc:pflugerville,2022-05-01,2547091.89,2026-09-26
alloc:pflugerville,2022-06-01,2281446.86,2026-09-26
alloc:pflugerville,2022-07-01,2155918.99,2026-09-26
alloc:pflugerville,2022-08-01,2545625.96,2026-09-26
alloc:pflugerville,2022-09-01,2263514.45,2026-09-26
alloc:pflugerville,2022-10-01,2251275.25,2026-09-26
alloc:pflugerville,2022-11-01,2460991.57,2026-09-26
alloc:pflugerville,2022-12-01,2189860.32,2026-09-26
alloc:pflugerville,2023-01-01,2177747.38,2026-09-26
alloc:pflugerville,2023-02-01,2601334.13,2026-09-26
alloc:pflugerville,2023-03-01,2043561.11,2026-09-26
alloc:pflugerville,2023-04-01,2012430.30,2026-09-26
alloc:pflugerville,2023-05-01,2604518.36,2026-09-26
alloc:pflugerville,2023-06-01,2085668.42,2026-09-26
alloc:pflugerville,2023-07-01,2233443.13,2026-09-26
alloc:pflugerville,2023-08-01,2462363.94,2026-09-26
alloc:pflugerville,2023-09-01,2274981.62,2026-09-26
alloc:pflugerville,2023-10-01,2796296.16,2026-09-26
alloc:pflugerville,2023-11-01,2351745.46,2026-09-26
alloc:pflugerville,2023-12-01,2056622.35,2026-09-26
alloc:pflugerville,2024-01-01,2289819.37,2026-09-26
alloc:pflugerville,2024-02-01,2591308.26,2026-09-26
alloc:pflugerville,2024-03-01,1981149.24,2026-09-26
alloc:pflugerville,2024-04-01,2129655.94,2026-09-26
alloc:pflugerville,2024-05-01,2925314.05,2026-09-26
alloc:pflugerville,2024-06-01,2276439.66,2026-09-26
alloc:pflugerville,2024-07-01,2421826.89,2026-09-26
alloc:pflugerville,2024-08-01,2524121.08,2026-09-26
alloc:pflugerville,2024-09-01,2325845.11,2026-09-26
alloc:pflugerville,2024-10-01,2259924.29,2026-09-26
alloc:pflugerville,2024-11-01,2516381.51,2026-09-26
alloc:pflugerville,2024-12-01,2396480.75,2026-09-26
alloc:pflugerville,2025-01-01,2365432.99,2026-09-26
alloc:pflugerville,2025-02-01,3328116.69,2026-09-26
alloc:pflugerville,2025-03-01,1997252.38,2026-09-26
alloc:pflugerville,2025-04-01,1984145.74,2026-09-26
alloc:pflugerville,2025-05-01,2803503.79,2026-09-26
alloc:pflugerville,2025-06-01,2353395.21,2026-09-26
alloc:pflugerville,2025-07-01,2361725.9,2026-09-26
alloc:pflugerville,2025-08-01,2592897.99,2026-09-26
alloc:pflugerville,2025-09-01,2512160.12,2026-09-26
alloc:pflugerville,2025-10-01,2501355.48,2026-09-26
alloc:pflugerville,2025-11-01,2427560.91,2026-09-26
alloc:pflugerville,2025-12-01,2498708.04,2026-09-26
alloc:pflugerville,2026-01-01,2259877.15,2026-09-26
alloc:pflugerville,2026-02-01,2963157.37,2026-09-26
alloc:pflugerville,2026-03-01,2093182.6,2026-09-26
alloc:pflugerville,2026-04-01,2149380.88,2026-09-26
alloc:pflugerville,2026-05-01,2551434.07,2026-09-26
alloc:pflugerville,2026-06-01,2626684.9,2026-09-26
alloc:pflugerville,2026-07-01,2591298.81,2026-09-26
alloc:pflugerville,2026-08-01,2942647.65,2026-09-26
alloc:pflugerville,2026-09-01,2846801.84,2026-09-26
alloc:round_rock,2019-01-01,6584923.79,2026-09-26
alloc:round_rock,2019-02-01,7732865.30,2026-09-26
alloc:round_rock,2019-03-01,7800034.67,2026-09-26
alloc:round_rock,2019-04-01,6680349.64,2026-09-26
alloc:round_rock,2019-05-01,7007026.72,2026-09-26
alloc:round_rock,2019-06-01,7025229.31,2026-09-26
alloc:round_rock,2019-07-01,6572833.66,2026-09-26
alloc:round_rock,2019-08-01,7791694.05,2026-09-26
alloc:round_rock,2019-09-01,7477984.97,2026-09-26
alloc:round_rock,2019-10-01,5926453.06,2026-09-26
alloc:round_rock,2019-11-01,8425070.25,2026-09-26
alloc:round_rock,2019-12-01,8269340.16,2026-09-26
alloc:round_rock,2020-01-01,6787154.96,2026-09-26
alloc:round_rock,2020-02-01,9231971.09,2026-09-26
alloc:round_rock,2020-03-01,6953547.58,2026-09-26
alloc:round_rock,2020-04-01,6756428.69,2026-09-26
alloc:round_rock,2020-05-01,7200387.73,2026-09-26
alloc:round_rock,2020-06-01,6820840.31,2026-09-26
alloc:round_rock,2020-07-01,6476588.43,2026-09-26
alloc:round_rock,2020-08-01,7667069.52,2026-09-26
alloc:round_rock,2020-09-01,7646593.78,2026-09-26
alloc:round_rock,2020-10-01,5566396.77,2026-09-26
alloc:round_rock,2020-11-01,7538131.34,2026-09-26
alloc:round_rock,2020-12-01,7744713.86,2026-09-26
alloc:round_rock,2021-01-01,7051908.51,2026-09-26
alloc:round_rock,2021-02-01,8493962.80,2026-09-26
alloc:round_rock,2021-03-01,9302341.31,2026-09-26
alloc:round_rock,2021-04-01,6531342.75,2026-09-26
alloc:round_rock,2021-05-01,8580257.63,2026-09-26
alloc:round_rock,2021-06-01,9150916.03,2026-09-26
alloc:round_rock,2021-07-01,8296396.65,2026-09-26
alloc:round_rock,2021-08-01,8969200.25,2026-09-26
alloc:round_rock,2021-09-01,9679687.05,2026-09-26
alloc:round_rock,2021-10-01,8885443.30,2026-09-26
alloc:round_rock,2021-11-01,10156322.10,2026-09-26
alloc:round_rock,2021-12-01,9719441.43,2026-09-26
alloc:round_rock,2022-01-01,8941280.97,2026-09-26
alloc:round_rock,2022-02-01,10680888.72,2026-09-26
alloc:round_rock,2022-03-01,9562658.45,2026-09-26
alloc:round_rock,2022-04-01,9055717.00,2026-09-26
alloc:round_rock,2022-05-01,8407730.36,2026-09-26
alloc:round_rock,2022-06-01,8385771.17,2026-09-26
alloc:round_rock,2022-07-01,7723281.00,2026-09-26
alloc:round_rock,2022-08-01,10335984.57,2026-09-26
alloc:round_rock,2022-09-01,14091351.72,2026-09-26
alloc:round_rock,2022-10-01,9185791.47,2026-09-26
alloc:round_rock,2022-11-01,9802047.69,2026-09-26
alloc:round_rock,2022-12-01,10793934.12,2026-09-26
alloc:round_rock,2023-01-01,9046844.43,2026-09-26
alloc:round_rock,2023-02-01,11943475.35,2026-09-26
alloc:round_rock,2023-03-01,9780362.16,2026-09-26
alloc:round_rock,2023-04-01,8049727.30,2026-09-26
alloc:round_rock,2023-05-01,8114663.39,2026-09-26
alloc:round_rock,2023-06-01,9536962.79,2026-09-26
alloc:round_rock,2023-07-01,11247940.92,2026-09-26
alloc:round_rock,2023-08-01,9582342.34,2026-09-26
alloc:round_rock,2023-09-01,10194844.98,2026-09-26
alloc:round_rock,2023-10-01,9124831.38,2026-09-26
alloc:round_rock,2023-11-01,12220247.65,2026-09-26
alloc:round_rock,2023-12-01,9798720.51,2026-09-26
alloc:round_rock,2024-01-01,9610612.5,2026-09-26
alloc:round_rock,2024-02-01,11333930.28,2026-09-26
alloc:round_rock,2024-03-01,9485282.42,2026-09-26
alloc:round_rock,2024-04-01,8879280.38,2026-09-26
alloc:round_rock,2024-05-01,9854234.83,2026-09-26
alloc:round_rock,2024-06-01,10387975.45,2026-09-26
alloc:round_rock,2024-07-01,8963509.98,2026-09-26
alloc:round_rock,2024-08-01,9936143.5,2026-09-26
alloc:round_rock,2024-09-01,10883021.52,2026-09-26
alloc:round_rock,2024-10-01,8164491.78,2026-09-26
alloc:round_rock,2024-11-01,9700754.36,2026-09-26
alloc:round_rock,2024-12-01,9836438.15,2026-09-26
alloc:round_rock,2025-01-01,9598269.19,2026-09-26
alloc:round_rock,2025-02-01,12155130.73,2026-09-26
alloc:round_rock,2025-03-01,11539529.95,2026-09-26
alloc:round_rock,2025-04-01,9648115.2,2026-09-26
alloc:round_rock,2025-05-01,10338696.29,2026-09-26
alloc:round_rock,2025-06-01,14459198.04,2026-09-26
alloc:round_rock,2025-07-01,9293357.68,2026-09-26
alloc:round_rock,2025-08-01,10094814.38,2026-09-26
alloc:round_rock,2025-09-01,11214279.68,2026-09-26
alloc:round_rock,2025-10-01,9494140.34,2026-09-26
alloc:round_rock,2025-11-01,10648002.71,2026-09-26
alloc:round_rock,2025-12-01,10849149.41,2026-09-26
alloc:round_rock,2026-01-01,11066036.68,2026-09-26
alloc:round_rock,2026-02-01,11406171.98,2026-09-26
alloc:round_rock,2026-03-01,9963677.68,2026-09-26
alloc:round_rock,2026-04-01,9249213.76,2026-09-26
alloc:round_rock,2026-05-01,11571737.45,2026-09-26
alloc:round_rock,2026-06-01,16816307.08,2026-09-26
alloc:round_rock,2026-07-01,14784146.3,2026-09-26
alloc:round_rock,2026-08-01,38624412.34,2026-09-26
alloc:round_rock,2026-09-01,32662924.03,2026-09-26
alloc:san_marcos,2019-01-01,4273777.60,2026-09-26
alloc:san_marcos,2019-02-01,4455655.89,2026-09-26
alloc:san_marcos,2019-03-01,2533802.52,2026-09-26
alloc:san_marcos,2019-04-01,2591988.49,2026-09-26
alloc:san_marcos,2019-05-01,3038206.83,2026-09-26
alloc:san_marcos,2019-06-01,2847431.22,2026-09-26
alloc:san_marcos,2019-07-01,2849178.17,2026-09-26
alloc:san_marcos,2019-08-01,3236636.61,2026-09-26
alloc:san_marcos,2019-09-01,2705777.38,2026-09-26
alloc:san_marcos,2019-10-01,3275156.36,2026-09-26
alloc:san_marcos,2019-11-01,3113787.29,2026-09-26
alloc:san_marcos,2019-12-01,2854070.34,2026-09-26
alloc:san_marcos,2020-01-01,3955939.05,2026-09-26
alloc:san_marcos,2020-02-01,5841317.41,2026-09-26
alloc:san_marcos,2020-03-01,3359433.91,2026-09-26
alloc:san_marcos,2020-04-01,2613313.97,2026-09-26
alloc:san_marcos,2020-05-01,3741141.91,2026-09-26
alloc:san_marcos,2020-06-01,4299578.95,2026-09-26
alloc:san_marcos,2020-07-01,4645119.70,2026-09-26
alloc:san_marcos,2020-08-01,4946200.28,2026-09-26
alloc:san_marcos,2020-09-01,4046009.85,2026-09-26
alloc:san_marcos,2020-10-01,3972781.41,2026-09-26
alloc:san_marcos,2020-11-01,4273961.45,2026-09-26
alloc:san_marcos,2020-12-01,3618592.04,2026-09-26
alloc:san_marcos,2021-01-01,4916629.94,2026-09-26
alloc:san_marcos,2021-02-01,6841466.90,2026-09-26
alloc:san_marcos,2021-03-01,2268532.21,2026-09-26
alloc:san_marcos,2021-04-01,1833623.53,2026-09-26
alloc:san_marcos,2021-05-01,3114791.29,2026-09-26
alloc:san_marcos,2021-06-01,2730852.89,2026-09-26
alloc:san_marcos,2021-07-01,2883344.80,2026-09-26
alloc:san_marcos,2021-08-01,3558809.81,2026-09-26
alloc:san_marcos,2021-09-01,2979042.73,2026-09-26
alloc:san_marcos,2021-10-01,2979627.93,2026-09-26
alloc:san_marcos,2021-11-01,3179211.15,2026-09-26
alloc:san_marcos,2021-12-01,2676941.02,2026-09-26
alloc:san_marcos,2022-01-01,3076315.93,2026-09-26
alloc:san_marcos,2022-02-01,3726486.26,2026-09-26
alloc:san_marcos,2022-03-01,2706509.21,2026-09-26
alloc:san_marcos,2022-04-01,2383792.12,2026-09-26
alloc:san_marcos,2022-05-01,3315274.18,2026-09-26
alloc:san_marcos,2022-06-01,3030338.79,2026-09-26
alloc:san_marcos,2022-07-01,3102233.56,2026-09-26
alloc:san_marcos,2022-08-01,3325548.63,2026-09-26
alloc:san_marcos,2022-09-01,3113902.88,2026-09-26
alloc:san_marcos,2022-10-01,3609499.01,2026-09-26
alloc:san_marcos,2022-11-01,3341577.49,2026-09-26
alloc:san_marcos,2022-12-01,3284852.69,2026-09-26
alloc:san_marcos,2023-01-01,3468961.05,2026-09-26
alloc:san_marcos,2023-02-01,4027820.68,2026-09-26
alloc:san_marcos,2023-03-01,2996232.26,2026-09-26
alloc:san_marcos,2023-04-01,2791363.18,2026-09-26
alloc:san_marcos,2023-05-01,3435403.95,2026-09-26
alloc:san_marcos,2023-06-01,3021376.22,2026-09-26
alloc:san_marcos,2023-07-01,3105041.32,2026-09-26
alloc:san_marcos,2023-08-01,3580381.07,2026-09-26
alloc:san_marcos,2023-09-01,3420737.99,2026-09-26
alloc:san_marcos,2023-10-01,3502868.33,2026-09-26
alloc:san_marcos,2023-11-01,3247052.80,2026-09-26
alloc:san_marcos,2023-12-01,3028236.42,2026-09-26
alloc:san_marcos,2024-01-01,3389963.21,2026-09-26
alloc:san_marcos,2024-02-01,4036726.79,2026-09-26
alloc:san_marcos,2024-03-01,2899380.14,2026-09-26
alloc:san_marcos,2024-04-01,2838553.22,2026-09-26
alloc:san_marcos,2024-05-01,3409038.68,2026-09-26
alloc:san_marcos,2024-06-01,2898381.56,2026-09-26
alloc:san_marcos,2024-07-01,3018653.06,2026-09-26
alloc:san_marcos,2024-08-01,3297099.99,2026-09-26
alloc:san_marcos,2024-09-01,3558571,2026-09-26
alloc:san_marcos,2024-10-01,3023860.9,2026-09-26
alloc:san_marcos,2024-11-01,3239263.11,2026-09-26
alloc:san_marcos,2024-12-01,3173053.79,2026-09-26
alloc:san_marcos,2025-01-01,3258623.69,2026-09-26
alloc:san_marcos,2025-02-01,4274281.77,2026-09-26
alloc:san_marcos,2025-03-01,2763400.78,2026-09-26
alloc:san_marcos,2025-04-01,2550740.81,2026-09-26
alloc:san_marcos,2025-05-01,3308621.92,2026-09-26
alloc:san_marcos,2025-06-01,3084111.53,2026-09-26
alloc:san_marcos,2025-07-01,2989497.71,2026-09-26
alloc:san_marcos,2025-08-01,3421549.5,2026-09-26
alloc:san_marcos,2025-09-01,3226421.06,2026-09-26
alloc:san_marcos,2025-10-01,3430719.04,2026-09-26
alloc:san_marcos,2025-11-01,3419667.73,2026-09-26
alloc:san_marcos,2025-12-01,3248125.64,2026-09-26
alloc:san_marcos,2026-01-01,3413326.05,2026-09-26
alloc:san_marcos,2026-02-01,4231811.98,2026-09-26
alloc:san_marcos,2026-03-01,2770767.5,2026-09-26
alloc:san_marcos,2026-04-01,2786224.34,2026-09-26
alloc:san_marcos,2026-05-01,3572445.2,2026-09-26
alloc:san_marcos,2026-06-01,3158480.17,2026-09-26
alloc:san_marcos,2026-07-01,3073800.69,2026-09-26
alloc:san_marcos,2026-08-01,3520212.35,2026-09-26
alloc:san_marcos,2026-09-01,3378615.81,2026-09-26
alloc:sunset_valley,2019-01-01,496433.01,2026-09-26
alloc:sunset_valley,2019-02-01,652244.23,2026-09-26
alloc:sunset_valley,2019-03-01,444118.14,2026-09-26
alloc:sunset_valley,2019-04-01,438609.51,2026-09-26
alloc:sunset_valley,2019-05-01,504871.63,2026-09-26
alloc:sunset_valley,2019-06-01,512956.67,2026-09-26
alloc:sunset_valley,2019-07-01,491551.15,2026-09-26
alloc:sunset_valley,2019-08-01,518180.56,2026-09-26
alloc:sunset_valley,2019-09-01,497137.97,2026-09-26
alloc:sunset_valley,2019-10-01,465419.82,2026-09-26
alloc:sunset_valley,2019-11-01,495228.41,2026-09-26
alloc:sunset_valley,2019-12-01,517793.22,2026-09-26
alloc:sunset_valley,2020-01-01,525321.43,2026-09-26
alloc:sunset_valley,2020-02-01,679963.17,2026-09-26
alloc:sunset_valley,2020-03-01,462567.83,2026-09-26
alloc:sunset_valley,2020-04-01,387192.29,2026-09-26
alloc:sunset_valley,2020-05-01,388573.30,2026-09-26
alloc:sunset_valley,2020-06-01,294578.24,2026-09-26
alloc:sunset_valley,2020-07-01,390052.50,2026-09-26
alloc:sunset_valley,2020-08-01,487412.37,2026-09-26
alloc:sunset_valley,2020-09-01,440433.85,2026-09-26
alloc:sunset_valley,2020-10-01,433705.34,2026-09-26
alloc:sunset_valley,2020-11-01,497738.79,2026-09-26
alloc:sunset_valley,2020-12-01,476090.58,2026-09-26
alloc:sunset_valley,2021-01-01,492701.94,2026-09-26
alloc:sunset_valley,2021-02-01,673293.18,2026-09-26
alloc:sunset_valley,2021-03-01,430955.99,2026-09-26
alloc:sunset_valley,2021-04-01,360764.53,2026-09-26
alloc:sunset_valley,2021-05-01,652948.54,2026-09-26
alloc:sunset_valley,2021-06-01,570943.47,2026-09-26
alloc:sunset_valley,2021-07-01,572800.71,2026-09-26
alloc:sunset_valley,2021-08-01,640545.37,2026-09-26
alloc:sunset_valley,2021-09-01,579028.11,2026-09-26
alloc:sunset_valley,2021-10-01,537953.08,2026-09-26
alloc:sunset_valley,2021-11-01,586084.40,2026-09-26
alloc:sunset_valley,2021-12-01,589741.53,2026-09-26
alloc:sunset_valley,2022-01-01,609517.16,2026-09-26
alloc:sunset_valley,2022-02-01,759866.87,2026-09-26
alloc:sunset_valley,2022-03-01,509904.94,2026-09-26
alloc:sunset_valley,2022-04-01,484118.44,2026-09-26
alloc:sunset_valley,2022-05-01,627823.33,2026-09-26
alloc:sunset_valley,2022-06-01,630171.35,2026-09-26
alloc:sunset_valley,2022-07-01,603493.76,2026-09-26
alloc:sunset_valley,2022-08-01,640808.69,2026-09-26
alloc:sunset_valley,2022-09-01,595393.45,2026-09-26
alloc:sunset_valley,2022-10-01,552771.15,2026-09-26
alloc:sunset_valley,2022-11-01,621464.88,2026-09-26
alloc:sunset_valley,2022-12-01,585976.83,2026-09-26
alloc:sunset_valley,2023-01-01,603435.12,2026-09-26
alloc:sunset_valley,2023-02-01,747299.10,2026-09-26
alloc:sunset_valley,2023-03-01,520916.94,2026-09-26
alloc:sunset_valley,2023-04-01,503573.58,2026-09-26
alloc:sunset_valley,2023-05-01,614550.94,2026-09-26
alloc:sunset_valley,2023-06-01,573413.95,2026-09-26
alloc:sunset_valley,2023-07-01,606565.33,2026-09-26
alloc:sunset_valley,2023-08-01,643279.57,2026-09-26
alloc:sunset_valley,2023-09-01,616761.86,2026-09-26
alloc:sunset_valley,2023-10-01,543595.33,2026-09-26
alloc:sunset_valley,2023-11-01,561738.25,2026-09-26
alloc:sunset_valley,2023-12-01,563843.03,2026-09-26
alloc:sunset_valley,2024-01-01,582438.19,2026-09-26
alloc:sunset_valley,2024-02-01,743466.45,2026-09-26
alloc:sunset_valley,2024-03-01,495222.85,2026-09-26
alloc:sunset_valley,2024-04-01,485613.39,2026-09-26
alloc:sunset_valley,2024-05-01,618915.79,2026-09-26
alloc:sunset_valley,2024-06-01,588626.03,2026-09-26
alloc:sunset_valley,2024-07-01,573160.33,2026-09-26
alloc:sunset_valley,2024-08-01,603004.59,2026-09-26
alloc:sunset_valley,2024-09-01,554049.74,2026-09-26
alloc:sunset_valley,2024-10-01,519923.06,2026-09-26
alloc:sunset_valley,2024-11-01,570298.72,2026-09-26
alloc:sunset_valley,2024-12-01,579373.12,2026-09-26
alloc:sunset_valley,2025-01-01,597746.21,2026-09-26
alloc:sunset_valley,2025-02-01,984752.16,2026-09-26
alloc:sunset_valley,2025-03-01,526794.72,2026-09-26
alloc:sunset_valley,2025-04-01,484186.37,2026-09-26
alloc:sunset_valley,2025-05-01,634515.26,2026-09-26
alloc:sunset_valley,2025-06-01,629422.38,2026-09-26
alloc:sunset_valley,2025-07-01,566035.67,2026-09-26
alloc:sunset_valley,2025-08-01,623799.65,2026-09-26
alloc:sunset_valley,2025-09-01,580930.94,2026-09-26
alloc:sunset_valley,2025-10-01,553521.35,2026-09-26
alloc:sunset_valley,2025-11-01,598923.58,2026-09-26
alloc:sunset_valley,2025-12-01,596669.55,2026-09-26
alloc:sunset_valley,2026-01-01,609492.71,2026-09-26
alloc:sunset_valley,2026-02-01,791377.23,2026-09-26
alloc:sunset_valley,2026-03-01,496299.13,2026-09-26
alloc:sunset_valley,2026-04-01,520113.6,2026-09-26
alloc:sunset_valley,2026-05-01,649962.52,2026-09-26
alloc:sunset_valley,2026-06-01,608913.95,2026-09-26
alloc:sunset_valley,2026-07-01,606595.78,2026-09-26
alloc:sunset_valley,2026-08-01,672412.86,2026-09-26
alloc:sunset_valley,2026-09-01,615838.23,2026-09-26
alloc:west_lake_hills,2019-01-01,236297.21,2026-09-26
alloc:west_lake_hills,2019-02-01,370974.32,2026-09-26
alloc:west_lake_hills,2019-03-01,269190.57,2026-09-26
alloc:west_lake_hills,2019-04-01,312226.94,2026-09-26
alloc:west_lake_hills,2019-05-01,270335.31,2026-09-26
alloc:west_lake_hills,2019-06-01,258480.72,2026-09-26
alloc:west_lake_hills,2019-07-01,276391.99,2026-09-26
alloc:west_lake_hills,2019-08-01,285937.29,2026-09-26
alloc:west_lake_hills,2019-09-01,210834.93,2026-09-26
alloc:west_lake_hills,2019-10-01,274130.53,2026-09-26
alloc:west_lake_hills,2019-11-01,267949.21,2026-09-26
alloc:west_lake_hills,2019-12-01,273417.64,2026-09-26
alloc:west_lake_hills,2020-01-01,321321.29,2026-09-26
alloc:west_lake_hills,2020-02-01,347250.34,2026-09-26
alloc:west_lake_hills,2020-03-01,222518.62,2026-09-26
alloc:west_lake_hills,2020-04-01,225202.97,2026-09-26
alloc:west_lake_hills,2020-05-01,225977.54,2026-09-26
alloc:west_lake_hills,2020-06-01,205377.80,2026-09-26
alloc:west_lake_hills,2020-07-01,237690.11,2026-09-26
alloc:west_lake_hills,2020-08-01,220077.43,2026-09-26
alloc:west_lake_hills,2020-09-01,225865.80,2026-09-26
alloc:west_lake_hills,2020-10-01,233612.26,2026-09-26
alloc:west_lake_hills,2020-11-01,268101.85,2026-09-26
alloc:west_lake_hills,2020-12-01,238612.46,2026-09-26
alloc:west_lake_hills,2021-01-01,266369.03,2026-09-26
alloc:west_lake_hills,2021-02-01,337595.68,2026-09-26
alloc:west_lake_hills,2021-03-01,228983.05,2026-09-26
alloc:west_lake_hills,2021-04-01,220278.38,2026-09-26
alloc:west_lake_hills,2021-05-01,305800.92,2026-09-26
alloc:west_lake_hills,2021-06-01,291186.48,2026-09-26
alloc:west_lake_hills,2021-07-01,301549.24,2026-09-26
alloc:west_lake_hills,2021-08-01,317234.30,2026-09-26
alloc:west_lake_hills,2021-09-01,267544.46,2026-09-26
alloc:west_lake_hills,2021-10-01,325279.15,2026-09-26
alloc:west_lake_hills,2021-11-01,338064.98,2026-09-26
alloc:west_lake_hills,2021-12-01,267374.94,2026-09-26
alloc:west_lake_hills,2022-01-01,388978.82,2026-09-26
alloc:west_lake_hills,2022-02-01,354122.15,2026-09-26
alloc:west_lake_hills,2022-03-01,282660.29,2026-09-26
alloc:west_lake_hills,2022-04-01,294761.89,2026-09-26
alloc:west_lake_hills,2022-05-01,387460.71,2026-09-26
alloc:west_lake_hills,2022-06-01,243585.27,2026-09-26
alloc:west_lake_hills,2022-07-01,229301.76,2026-09-26
alloc:west_lake_hills,2022-08-01,382177.09,2026-09-26
alloc:west_lake_hills,2022-09-01,298803.26,2026-09-26
alloc:west_lake_hills,2022-10-01,268752.55,2026-09-26
alloc:west_lake_hills,2022-11-01,416154.76,2026-09-26
alloc:west_lake_hills,2022-12-01,341188.46,2026-09-26
alloc:west_lake_hills,2023-01-01,341160.10,2026-09-26
alloc:west_lake_hills,2023-02-01,444028.26,2026-09-26
alloc:west_lake_hills,2023-03-01,324843.70,2026-09-26
alloc:west_lake_hills,2023-04-01,242444.70,2026-09-26
alloc:west_lake_hills,2023-05-01,272127.81,2026-09-26
alloc:west_lake_hills,2023-06-01,335912.10,2026-09-26
alloc:west_lake_hills,2023-07-01,381566.32,2026-09-26
alloc:west_lake_hills,2023-08-01,377097.43,2026-09-26
alloc:west_lake_hills,2023-09-01,297287.61,2026-09-26
alloc:west_lake_hills,2023-10-01,362456.68,2026-09-26
alloc:west_lake_hills,2023-11-01,330886.14,2026-09-26
alloc:west_lake_hills,2023-12-01,322229.84,2026-09-26
alloc:west_lake_hills,2024-01-01,326796.85,2026-09-26
alloc:west_lake_hills,2024-02-01,392625.77,2026-09-26
alloc:west_lake_hills,2024-03-01,321872.98,2026-09-26
alloc:west_lake_hills,2024-04-01,305291.34,2026-09-26
alloc:west_lake_hills,2024-05-01,345349.7,2026-09-26
alloc:west_lake_hills,2024-06-01,331121.8,2026-09-26
alloc:west_lake_hills,2024-07-01,359747.46,2026-09-26
alloc:west_lake_hills,2024-08-01,338982,2026-09-26
alloc:west_lake_hills,2024-09-01,349099.81,2026-09-26
alloc:west_lake_hills,2024-10-01,318822.86,2026-09-26
alloc:west_lake_hills,2024-11-01,368249.85,2026-09-26
alloc:west_lake_hills,2024-12-01,348779,2026-09-26
alloc:west_lake_hills,2025-01-01,398215.59,2026-09-26
alloc:west_lake_hills,2025-02-01,437775,2026-09-26
alloc:west_lake_hills,2025-03-01,322533.58,2026-09-26
alloc:west_lake_hills,2025-04-01,293589.58,2026-09-26
alloc:west_lake_hills,2025-05-01,365999.36,2026-09-26
alloc:west_lake_hills,2025-06-01,364077.93,2026-09-26
alloc:west_lake_hills,2025-07-01,372934.85,2026-09-26
alloc:west_lake_hills,2025-08-01,350879.18,2026-09-26
alloc:west_lake_hills,2025-09-01,316166.64,2026-09-26
alloc:west_lake_hills,2025-10-01,367361.92,2026-09-26
alloc:west_lake_hills,2025-11-01,352114.6,2026-09-26
alloc:west_lake_hills,2025-12-01,405445.37,2026-09-26
alloc:west_lake_hills,2026-01-01,349551.97,2026-09-26
alloc:west_lake_hills,2026-02-01,440863.49,2026-09-26
alloc:west_lake_hills,2026-03-01,327800.7,2026-09-26
alloc:west_lake_hills,2026-04-01,330715.22,2026-09-26
alloc:west_lake_hills,2026-05-01,488291.86,2026-09-26
alloc:west_lake_hills,2026-06-01,472402.29,2026-09-26
alloc:west_lake_hills,2026-07-01,421847.41,2026-09-26
alloc:west_lake_hills,2026-08-01,420407.08,2026-09-26
alloc:west_lake_hills,2026-09-01,405266.08,2026-09-26
bls:CUUR0000SEFV,2018-01-01,272.772,2026-09-26
bls:CUUR0000SEFV,2018-02-01,273.435,2026-09-26
bls:CUUR0000SEFV,2018-03-01,273.733,2026-09-26
bls:CUUR0000SEFV,2018-04-01,274.393,2026-09-26
bls:CUUR0000SEFV,2018-05-01,275.307,2026-09-26
bls:CUUR0000SEFV,2018-06-01,275.808,2026-09-26
bls:CUUR0000SEFV,2018-07-01,276.125,2026-09-26
bls:CUUR0000SEFV,2018-08-01,276.648,2026-09-26
bls:CUUR0000SEFV,2018-09-01,277.258,2026-09-26
bls:CUUR0000SEFV,2018-10-01,277.513,2026-09-26
bls:CUUR0000SEFV,2018-11-01,278.306,2026-09-26
bls:CUUR0000SEFV,2018-12-01,279.419,2026-09-26
bls:CUUR0000SEFV,2019-01-01,280.380,2026-09-26
bls:CUUR0000SEFV,2019-02-01,281.373,2026-09-26
bls:CUUR0000SEFV,2019-03-01,281.887,2026-09-26
bls:CUUR0000SEFV,2019-04-01,282.798,2026-09-26
bls:CUUR0000SEFV,2019-05-01,283.394,2026-09-26
bls:CUUR0000SEFV,2019-06-01,284.316,2026-09-26
bls:CUUR0000SEFV,2019-07-01,284.891,2026-09-26
bls:CUUR0000SEFV,2019-08-01,285.507,2026-09-26
bls:CUUR0000SEFV,2019-09-01,286.246,2026-09-26
bls:CUUR0000SEFV,2019-10-01,286.791,2026-09-26
bls:CUUR0000SEFV,2019-11-01,287.255,2026-09-26
bls:CUUR0000SEFV,2019-12-01,288.078,2026-09-26
bls:CUUR0000SEFV,2020-01-01,289.137,2026-09-26
bls:CUUR0000SEFV,2020-02-01,289.781,2026-09-26
bls:CUUR0000SEFV,2020-03-01,290.216,2026-09-26
bls:CUUR0000SEFV,2020-04-01,290.639,2026-09-26
bls:CUUR0000SEFV,2020-05-01,291.709,2026-09-26
bls:CUUR0000SEFV,2020-06-01,293.219,2026-09-26
bls:CUUR0000SEFV,2020-07-01,294.599,2026-09-26
bls:CUUR0000SEFV,2020-08-01,295.437,2026-09-26
bls:CUUR0000SEFV,2020-09-01,297.080,2026-09-26
bls:CUUR0000SEFV,2020-10-01,297.893,2026-09-26
bls:CUUR0000SEFV,2020-11-01,298.253,2026-09-26
bls:CUUR0000SEFV,2020-12-01,299.369,2026-09-26
bls:CUUR0000SEFV,2021-01-01,300.382,2026-09-26
bls:CUUR0000SEFV,2021-02-01,300.540,2026-09-26
bls:CUUR0000SEFV,2021-03-01,300.897,2026-09-26
bls:CUUR0000SEFV,2021-04-01,301.819,2026-09-26
bls:CUUR0000SEFV,2021-05-01,303.481,2026-09-26
bls:CUUR0000SEFV,2021-06-01,305.634,2026-09-26
bls:CUUR0000SEFV,2021-07-01,308.023,2026-09-26
bls:CUUR0000SEFV,2021-08-01,309.336,2026-09-26
bls:CUUR0000SEFV,2021-09-01,310.996,2026-09-26
bls:CUUR0000SEFV,2021-10-01,313.592,2026-09-26
bls:CUUR0000SEFV,2021-11-01,315.481,2026-09-26
bls:CUUR0000SEFV,2021-12-01,317.372,2026-09-26
bls:CUUR0000SEFV,2022-01-01,319.471,2026-09-26
bls:CUUR0000SEFV,2022-02-01,320.880,2026-09-26
bls:CUUR0000SEFV,2022-03-01,321.689,2026-09-26
bls:CUUR0000SEFV,2022-04-01,323.559,2026-09-26
bls:CUUR0000SEFV,2022-05-01,325.952,2026-09-26
bls:CUUR0000SEFV,2022-06-01,329.033,2026-09-26
bls:CUUR0000SEFV,2022-07-01,331.342,2026-09-26
bls:CUUR0000SEFV,2022-08-01,334.212,2026-09-26
bls:CUUR0000SEFV,2022-09-01,337.369,2026-09-26
bls:CUUR0000SEFV,2022-10-01,340.532,2026-09-26
bls:CUUR0000SEFV,2022-11-01,342.266,2026-09-26
bls:CUUR0000SEFV,2022-12-01,343.559,2026-09-26
bls:CUUR0000SEFV,2023-01-01,345.677,2026-09-26
bls:CUUR0000SEFV,2023-02-01,347.869,2026-09-26
bls:CUUR0000SEFV,2023-03-01,349.944,2026-09-26
bls:CUUR0000SEFV,2023-04-01,351.237,2026-09-26
bls:CUUR0000SEFV,2023-05-01,352.892,2026-09-26
bls:CUUR0000SEFV,2023-06-01,354.245,2026-09-26
bls:CUUR0000SEFV,2023-07-01,354.862,2026-09-26
bls:CUUR0000SEFV,2023-08-01,356.083,2026-09-26
bls:CUUR0000SEFV,2023-09-01,357.488,2026-09-26
bls:CUUR0000SEFV,2023-10-01,358.824,2026-09-26
bls:CUUR0000SEFV,2023-11-01,360.383,2026-09-26
bls:CUUR0000SEFV,2023-12-01,361.564,2026-09-26
bls:CUUR0000SEFV,2024-01-01,363.249,2026-09-26
bls:CUUR0000SEFV,2024-02-01,363.596,2026-09-26
bls:CUUR0000SEFV,2024-03-01,364.546,2026-09-26
bls:CUUR0000SEFV,2024-04-01,365.813,2026-09-26
bls:CUUR0000SEFV,2024-05-01,367.099,2026-09-26
bls:CUUR0000SEFV,2024-06-01,368.616,2026-09-26
bls:CUUR0000SEFV,2024-07-01,369.383,2026-09-26
bls:CUUR0000SEFV,2024-08-01,370.348,2026-09-26
bls:CUUR0000SEFV,2024-09-01,371.604,2026-09-26
bls:CUUR0000SEFV,2024-10-01,372.486,2026-09-26
bls:CUUR0000SEFV,2024-11-01,373.530,2026-09-26
bls:CUUR0000SEFV,2024-12-01,374.644,2026-09-26
bls:CUUR0000SEFV,2025-01-01,375.532,2026-09-26
bls:CUUR0000SEFV,2025-02-01,376.991,2026-09-26
bls:CUUR0000SEFV,2025-03-01,378.363,2026-09-26
bls:CUUR0000SEFV,2025-04-01,380.039,2026-09-26
bls:CUUR0000SEFV,2025-05-01,381.228,2026-09-26
bls:CUUR0000SEFV,2025-06-01,382.750,2026-09-26
bls:CUUR0000SEFV,2025-07-01,383.808,2026-09-26
bls:CUUR0000SEFV,2025-08-01,384.909,2026-09-26
bls:CUUR0000SEFV,2025-09-01,385.451,2026-09-26
bls:CUUR0000SEFV,2025-10-01,-,2026-09-26
bls:CUUR0000SEFV,2025-11-01,387.202,2026-09-26
bls:CUUR0000SEFV,2025-12-01,389.889,2026-09-26
bls:CUUR0000SEFV,2026-01-01,390.471,2026-09-26
bls:CUUR0000SEFV,2026-02-01,391.706,2026-09-26
bls:CUUR0000SEFV,2026-03-01,392.652,2026-09-26
bls:CUUR0000SEFV,2026-04-01,393.546,2026-09-26
bls:CUUR0000SEFV,2026-05-01,394.728,2026-09-26
bls:CUUR0000SEFV,2026-06-01,395.633,2026-09-26
bls:CUUR0000SEFV,2026-07-01,396.859,2026-09-26
bls:CUUR0000SEFV,2026-08-01,397.868,2026-09-26
bls:CUUR0300SEFV,2018-01-01,272.970,2026-09-26
bls:CUUR0300SEFV,2018-02-01,273.685,2026-09-26
bls:CUUR0300SEFV,2018-03-01,273.787,2026-09-26
bls:CUUR0300SEFV,2018-04-01,273.864,2026-09-26
bls:CUUR0300SEFV,2018-05-01,274.544,2026-09-26
bls:CUUR0300SEFV,2018-06-01,275.224,2026-09-26
bls:CUUR0300SEFV,2018-07-01,275.619,2026-09-26
bls:CUUR0300SEFV,2018-08-01,276.255,2026-09-26
bls:CUUR0300SEFV,2018-09-01,276.736,2026-09-26
bls:CUUR0300SEFV,2018-10-01,276.530,2026-09-26
bls:CUUR0300SEFV,2018-11-01,277.422,2026-09-26
bls:CUUR0300SEFV,2018-12-01,279.035,2026-09-26
bls:CUUR0300SEFV,2019-01-01,280.009,2026-09-26
bls:CUUR0300SEFV,2019-02-01,281.561,2026-09-26
bls:CUUR0300SEFV,2019-03-01,281.996,2026-09-26
bls:CUUR0300SEFV,2019-04-01,282.804,2026-09-26
bls:CUUR0300SEFV,2019-05-01,283.012,2026-09-26
bls:CUUR0300SEFV,2019-06-01,284.053,2026-09-26
bls:CUUR0300SEFV,2019-07-01,284.385,2026-09-26
bls:CUUR0300SEFV,2019-08-01,285.022,2026-09-26
bls:CUUR0300SEFV,2019-09-01,285.294,2026-09-26
bls:CUUR0300SEFV,2019-10-01,285.649,2026-09-26
bls:CUUR0300SEFV,2019-11-01,286.511,2026-09-26
bls:CUUR0300SEFV,2019-12-01,287.006,2026-09-26
bls:CUUR0300SEFV,2020-01-01,287.598,2026-09-26
bls:CUUR0300SEFV,2020-02-01,288.107,2026-09-26
bls:CUUR0300SEFV,2020-03-01,288.735,2026-09-26
bls:CUUR0300SEFV,2020-04-01,289.440,2026-09-26
bls:CUUR0300SEFV,2020-05-01,290.280,2026-09-26
bls:CUUR0300SEFV,2020-06-01,290.776,2026-09-26
bls:CUUR0300SEFV,2020-07-01,292.021,2026-09-26
bls:CUUR0300SEFV,2020-08-01,292.515,2026-09-26
bls:CUUR0300SEFV,2020-09-01,293.894,2026-09-26
bls:CUUR0300SEFV,2020-10-01,294.665,2026-09-26
bls:CUUR0300SEFV,2020-11-01,295.680,2026-09-26
bls:CUUR0300SEFV,2020-12-01,296.626,2026-09-26
bls:CUUR0300SEFV,2021-01-01,297.930,2026-09-26
bls:CUUR0300SEFV,2021-02-01,297.797,2026-09-26
bls:CUUR0300SEFV,2021-03-01,296.709,2026-09-26
bls:CUUR0300SEFV,2021-04-01,297.504,2026-09-26
bls:CUUR0300SEFV,2021-05-01,298.872,2026-09-26
bls:CUUR0300SEFV,2021-06-01,301.136,2026-09-26
bls:CUUR0300SEFV,2021-07-01,303.120,2026-09-26
bls:CUUR0300SEFV,2021-08-01,304.448,2026-09-26
bls:CUUR0300SEFV,2021-09-01,306.240,2026-09-26
bls:CUUR0300SEFV,2021-10-01,309.069,2026-09-26
bls:CUUR0300SEFV,2021-11-01,310.275,2026-09-26
bls:CUUR0300SEFV,2021-12-01,312.602,2026-09-26
bls:CUUR0300SEFV,2022-01-01,315.411,2026-09-26
bls:CUUR0300SEFV,2022-02-01,317.675,2026-09-26
bls:CUUR0300SEFV,2022-03-01,318.933,2026-09-26
bls:CUUR0300SEFV,2022-04-01,319.932,2026-09-26
bls:CUUR0300SEFV,2022-05-01,321.619,2026-09-26
bls:CUUR0300SEFV,2022-06-01,324.482,2026-09-26
bls:CUUR0300SEFV,2022-07-01,326.863,2026-09-26
bls:CUUR0300SEFV,2022-08-01,330.085,2026-09-26
bls:CUUR0300SEFV,2022-09-01,332.769,2026-09-26
bls:CUUR0300SEFV,2022-10-01,335.110,2026-09-26
bls:CUUR0300SEFV,2022-11-01,337.045,2026-09-26
bls:CUUR0300SEFV,2022-12-01,338.303,2026-09-26
bls:CUUR0300SEFV,2023-01-01,340.027,2026-09-26
bls:CUUR0300SEFV,2023-02-01,342.563,2026-09-26
bls:CUUR0300SEFV,2023-03-01,345.117,2026-09-26
bls:CUUR0300SEFV,2023-04-01,347.009,2026-09-26
bls:CUUR0300SEFV,2023-05-01,348.234,2026-09-26
bls:CUUR0300SEFV,2023-06-01,349.976,2026-09-26
bls:CUUR0300SEFV,2023-07-01,350.940,2026-09-26
bls:CUUR0300SEFV,2023-08-01,352.143,2026-09-26
bls:CUUR0300SEFV,2023-09-01,353.478,2026-09-26
bls:CUUR0300SEFV,2023-10-01,354.065,2026-09-26
bls:CUUR0300SEFV,2023-11-01,356.306,2026-09-26
bls:CUUR0300SEFV,2023-12-01,357.099,2026-09-26
bls:CUUR0300SEFV,2024-01-01,358.053,2026-09-26
bls:CUUR0300SEFV,2024-02-01,358.820,2026-09-26
bls:CUUR0300SEFV,2024-03-01,359.756,2026-09-26
bls:CUUR0300SEFV,2024-04-01,360.513,2026-09-26
bls:CUUR0300SEFV,2024-05-01,361.542,2026-09-26
bls:CUUR0300SEFV,2024-06-01,362.702,2026-09-26
bls:CUUR0300SEFV,2024-07-01,363.562,2026-09-26
bls:CUUR0300SEFV,2024-08-01,364.733,2026-09-26
bls:CUUR0300SEFV,2024-09-01,365.773,2026-09-26
bls:CUUR0300SEFV,2024-10-01,366.957,2026-09-26
bls:CUUR0300SEFV,2024-11-01,368.386,2026-09-26
bls:CUUR0300SEFV,2024-12-01,369.237,2026-09-26
bls:CUUR0300SEFV,2025-01-01,369.651,2026-09-26
bls:CUUR0300SEFV,2025-02-01,371.150,2026-09-26
bls:CUUR0300SEFV,2025-03-01,372.381,2026-09-26
bls:CUUR0300SEFV,2025-04-01,373.342,2026-09-26
bls:CUUR0300SEFV,2025-05-01,374.616,2026-09-26
bls:CUUR0300SEFV,2025-06-01,376.770,2026-09-26
bls:CUUR0300SEFV,2025-07-01,377.892,2026-09-26
bls:CUUR0300SEFV,2025-08-01,379.571,2026-09-26
bls:CUUR0300SEFV,2025-09-01,379.816,2026-09-26
bls:CUUR0300SEFV,2025-10-01,-,2026-09-26
bls:CUUR0300SEFV,2025-11-01,381.488,2026-09-26
bls:CUUR0300SEFV,2025-12-01,383.662,2026-09-26
bls:CUUR0300SEFV,2026-01-01,383.916,2026-09-26
bls:CUUR0300SEFV,2026-02-01,384.716,2026-09-26
bls:CUUR0300SEFV,2026-03-01,385.957,2026-09-26
bls:CUUR0300SEFV,2026-04-01,386.955,2026-09-26
bls:CUUR0300SEFV,2026-05-01,388.181,2026-09-26
bls:CUUR0300SEFV,2026-06-01,389.187,2026-09-26
bls:CUUR0300SEFV,2026-07-01,390.607,2026-09-26
bls:CUUR0300SEFV,2026-08-01,390.710,2026-09-26
bls:LAUMT481242000000003,2018-01-01,3.2,2026-09-26
bls:LAUMT481242000000003,2018-02-01,3.2,2026-09-26
bls:LAUMT481242000000003,2018-03-01,3.1,2026-09-26
bls:LAUMT481242000000003,2018-04-01,2.8,2026-09-26
bls:LAUMT481242000000003,2018-05-01,2.8,2026-09-26
bls:LAUMT481242000000003,2018-06-01,3.3,2026-09-26
bls:LAUMT481242000000003,2018-07-01,3.2,2026-09-26
bls:LAUMT481242000000003,2018-08-01,3.1,2026-09-26
bls:LAUMT481242000000003,2018-09-01,3.0,2026-09-26
bls:LAUMT481242000000003,2018-10-01,2.8,2026-09-26
bls:LAUMT481242000000003,2018-11-01,2.8,2026-09-26
bls:LAUMT481242000000003,2018-12-01,2.8,2026-09-26
bls:LAUMT481242000000003,2019-01-01,3.4,2026-09-26
bls:LAUMT481242000000003,2019-02-01,3.0,2026-09-26
bls:LAUMT481242000000003,2019-03-01,2.8,2026-09-26
bls:LAUMT481242000000003,2019-04-01,2.4,2026-09-26
bls:LAUMT481242000000003,2019-05-01,2.4,2026-09-26
bls:LAUMT481242000000003,2019-06-01,2.9,2026-09-26
bls:LAUMT481242000000003,2019-07-01,3.0,2026-09-26
bls:LAUMT481242000000003,2019-08-01,2.9,2026-09-26
bls:LAUMT481242000000003,2019-09-01,2.7,2026-09-26
bls:LAUMT481242000000003,2019-10-01,2.6,2026-09-26
bls:LAUMT481242000000003,2019-11-01,2.5,2026-09-26
bls:LAUMT481242000000003,2019-12-01,2.4,2026-09-26
bls:LAUMT481242000000003,2020-01-01,2.8,2026-09-26
bls:LAUMT481242000000003,2020-02-01,2.6,2026-09-26
bls:LAUMT481242000000003,2020-03-01,4.1,2026-09-26
bls:LAUMT481242000000003,2020-04-01,11.5,2026-09-26
bls:LAUMT481242000000003,2020-05-01,10.5,2026-09-26
bls:LAUMT481242000000003,2020-06-01,8.8,2026-09-26
bls:LAUMT481242000000003,2020-07-01,8.0,2026-09-26
bls:LAUMT481242000000003,2020-08-01,6.3,2026-09-26
bls:LAUMT481242000000003,2020-09-01,6.1,2026-09-26
bls:LAUMT481242000000003,2020-10-01,5.1,2026-09-26
bls:LAUMT481242000000003,2020-11-01,5.1,2026-09-26
bls:LAUMT481242000000003,2020-12-01,4.9,2026-09-26
bls:LAUMT481242000000003,2021-01-01,5.3,2026-09-26
bls:LAUMT481242000000003,2021-02-01,5.2,2026-09-26
bls:LAUMT481242000000003,2021-03-01,4.9,2026-09-26
bls:LAUMT481242000000003,2021-04-01,4.3,2026-09-26
bls:LAUMT481242000000003,2021-05-01,4.1,2026-09-26
bls:LAUMT481242000000003,2021-06-01,4.6,2026-09-26
bls:LAUMT481242000000003,2021-07-01,4.2,2026-09-26
bls:LAUMT481242000000003,2021-08-01,4.0,2026-09-26
bls:LAUMT481242000000003,2021-09-01,3.7,2026-09-26
bls:LAUMT481242000000003,2021-10-01,3.5,2026-09-26
bls:LAUMT481242000000003,2021-11-01,3.3,2026-09-26
bls:LAUMT481242000000003,2021-12-01,3.0,2026-09-26
bls:LAUMT481242000000003,2022-01-01,3.5,2026-09-26
bls:LAUMT481242000000003,2022-02-01,3.3,2026-09-26
bls:LAUMT481242000000003,2022-03-01,2.9,2026-09-26
bls:LAUMT481242000000003,2022-04-01,2.6,2026-09-26
bls:LAUMT481242000000003,2022-05-01,2.8,2026-09-26
bls:LAUMT481242000000003,2022-06-01,3.2,2026-09-26
bls:LAUMT481242000000003,2022-07-01,3.1,2026-09-26
bls:LAUMT481242000000003,2022-08-01,3.1,2026-09-26
bls:LAUMT481242000000003,2022-09-01,2.9,2026-09-26
bls:LAUMT481242000000003,2022-10-01,3.0,2026-09-26
bls:LAUMT481242000000003,2022-11-01,3.0,2026-09-26
bls:LAUMT481242000000003,2022-12-01,2.9,2026-09-26
bls:LAUMT481242000000003,2023-01-01,3.4,2026-09-26
bls:LAUMT481242000000003,2023-02-01,3.6,2026-09-26
bls:LAUMT481242000000003,2023-03-01,3.4,2026-09-26
bls:LAUMT481242000000003,2023-04-01,3.0,2026-09-26
bls:LAUMT481242000000003,2023-05-01,3.4,2026-09-26
bls:LAUMT481242000000003,2023-06-01,3.6,2026-09-26
bls:LAUMT481242000000003,2023-07-01,3.7,2026-09-26
bls:LAUMT481242000000003,2023-08-01,3.8,2026-09-26
bls:LAUMT481242000000003,2023-09-01,3.6,2026-09-26
bls:LAUMT481242000000003,2023-10-01,3.4,2026-09-26
bls:LAUMT481242000000003,2023-11-01,3.2,2026-09-26
bls:LAUMT481242000000003,2023-12-01,3.2,2026-09-26
bls:LAUMT481242000000003,2024-01-01,3.6,2026-09-26
bls:LAUMT481242000000003,2024-02-01,3.7,2026-09-26
bls:LAUMT481242000000003,2024-03-01,3.5,2026-09-26
bls:LAUMT481242000000003,2024-04-01,3.1,2026-09-26
bls:LAUMT481242000000003,2024-05-01,3.3,2026-09-26
bls:LAUMT481242000000003,2024-06-01,3.8,2026-09-26
bls:LAUMT481242000000003,2024-07-01,3.8,2026-09-26
bls:LAUMT481242000000003,2024-08-01,3.9,2026-09-26
bls:LAUMT481242000000003,2024-09-01,3.6,2026-09-26
bls:LAUMT481242000000003,2024-10-01,3.5,2026-09-26
bls:LAUMT481242000000003,2024-11-01,3.5,2026-09-26
bls:LAUMT481242000000003,2024-12-01,3.2,2026-09-26
bls:LAUMT481242000000003,2025-01-01,3.5,2026-09-26
bls:LAUMT481242000000003,2025-02-01,3.6,2026-09-26
bls:LAUMT481242000000003,2025-03-01,3.4,2026-09-26
bls:LAUMT481242000000003,2025-04-01,3.1,2026-09-26
bls:LAUMT481242000000003,2025-05-01,3.3,2026-09-26
bls:LAUMT481242000000003,2025-06-01,3.5,2026-09-26
bls:LAUMT481242000000003,2025-07-01,3.6,2026-09-26
bls:LAUMT481242000000003,2025-08-01,3.8,2026-09-26
bls:LAUMT481242000000003,2025-09-01,3.7,2026-09-26
bls:LAUMT481242000000003,2025-10-01,-,2026-09-26
bls:LAUMT481242000000003,2025-11-01,3.5,2026-09-26
bls:LAUMT481242000000003,2025-12-01,3.2,2026-09-26
bls:LAUMT481242000000003,2026-01-01,3.7,2026-09-26
bls:LAUMT481242000000003,2026-02-01,3.7,2026-09-26
bls:LAUMT481242000000003,2026-03-01,3.4,2026-09-26
bls:LAUMT481242000000003,2026-04-01,3.4,2026-09-26
bls:LAUMT481242000000003,2026-05-01,3.5,2026-09-26
bls:LAUMT481242000000003,2026-06-01,4.1,2026-09-26
bls:LAUMT481242000000003,2026-07-01,4.0,2026-09-26
bls:SMU48124200000000001,2018-01-01,1046.4,2026-09-26
bls:SMU48124200000000001,2018-02-01,1057.8,2026-09-26
bls:SMU48124200000000001,2018-03-01,1063.6,2026-09-26
bls:SMU48124200000000001,2018-04-01,1069.2,2026-09-26
bls:SMU48124200000000001,2018-05-01,1076.3,2026-09-26
bls:SMU48124200000000001,2018-06-01,1084.2,2026-09-26
bls:SMU48124200000000001,2018-07-01,1075.1,2026-09-26
bls:SMU48124200000000001,2018-08-01,1078.2,2026-09-26
bls:SMU48124200000000001,2018-09-01,1082.6,2026-09-26
bls:SMU48124200000000001,2018-10-01,1096.1,2026-09-26
bls:SMU48124200000000001,2018-11-01,1103.0,2026-09-26
bls:SMU48124200000000001,2018-12-01,1103.0,2026-09-26
bls:SMU48124200000000001,2019-01-01,1089.6,2026-09-26
bls:SMU48124200000000001,2019-02-01,1102.1,2026-09-26
bls:SMU48124200000000001,2019-03-01,1105.9,2026-09-26
bls:SMU48124200000000001,2019-04-01,1113.2,2026-09-26
bls:SMU48124200000000001,2019-05-01,1117.6,2026-09-26
bls:SMU48124200000000001,2019-06-01,1123.3,2026-09-26
bls:SMU48124200000000001,2019-07-01,1118.1,2026-09-26
bls:SMU48124200000000001,2019-08-01,1121.0,2026-09-26
bls:SMU48124200000000001,2019-09-01,1123.7,2026-09-26
bls:SMU48124200000000001,2019-10-01,1136.7,2026-09-26
bls:SMU48124200000000001,2019-11-01,1146.5,2026-09-26
bls:SMU48124200000000001,2019-12-01,1147.1,2026-09-26
bls:SMU48124200000000001,2020-01-01,1136.4,2026-09-26
bls:SMU48124200000000001,2020-02-01,1144.8,2026-09-26
bls:SMU48124200000000001,2020-03-01,1140.1,2026-09-26
bls:SMU48124200000000001,2020-04-01,1007.6,2026-09-26
bls:SMU48124200000000001,2020-05-01,1032.7,2026-09-26
bls:SMU48124200000000001,2020-06-01,1062.6,2026-09-26
bls:SMU48124200000000001,2020-07-01,1064.8,2026-09-26
bls:SMU48124200000000001,2020-08-01,1074.8,2026-09-26
bls:SMU48124200000000001,2020-09-01,1084.6,2026-09-26
bls:SMU48124200000000001,2020-10-01,1107.3,2026-09-26
bls:SMU48124200000000001,2020-11-01,1117.5,2026-09-26
bls:SMU48124200000000001,2020-12-01,1123.7,2026-09-26
bls:SMU48124200000000001,2021-01-01,1111.1,2026-09-26
bls:SMU48124200000000001,2021-02-01,1115.1,2026-09-26
bls:SMU48124200000000001,2021-03-01,1130.0,2026-09-26
bls:SMU48124200000000001,2021-04-01,1146.4,2026-09-26
bls:SMU48124200000000001,2021-05-01,1157.5,2026-09-26
bls:SMU48124200000000001,2021-06-01,1170.8,2026-09-26
bls:SMU48124200000000001,2021-07-01,1179.1,2026-09-26
bls:SMU48124200000000001,2021-08-01,1182.3,2026-09-26
bls:SMU48124200000000001,2021-09-01,1189.3,2026-09-26
bls:SMU48124200000000001,2021-10-01,1219.6,2026-09-26
bls:SMU48124200000000001,2021-11-01,1231.3,2026-09-26
bls:SMU48124200000000001,2021-12-01,1237.4,2026-09-26
bls:SMU48124200000000001,2022-01-01,1220.9,2026-09-26
bls:SMU48124200000000001,2022-02-01,1238.9,2026-09-26
bls:SMU48124200000000001,2022-03-01,1245.4,2026-09-26
bls:SMU48124200000000001,2022-04-01,1264.0,2026-09-26
bls:SMU48124200000000001,2022-05-01,1268.7,2026-09-26
bls:SMU48124200000000001,2022-06-01,1276.6,2026-09-26
bls:SMU48124200000000001,2022-07-01,1288.3,2026-09-26
bls:SMU48124200000000001,2022-08-01,1294.7,2026-09-26
bls:SMU48124200000000001,2022-09-01,1299.4,2026-09-26
bls:SMU48124200000000001,2022-10-01,1314.9,2026-09-26
bls:SMU48124200000000001,2022-11-01,1323.9,2026-09-26
bls:SMU48124200000000001,2022-12-01,1324.5,2026-09-26
bls:SMU48124200000000001,2023-01-01,1313.7,2026-09-26
bls:SMU48124200000000001,2023-02-01,1325.0,2026-09-26
bls:SMU48124200000000001,2023-03-01,1332.6,2026-09-26
bls:SMU48124200000000001,2023-04-01,1337.8,2026-09-26
bls:SMU48124200000000001,2023-05-01,1341.9,2026-09-26
bls:SMU48124200000000001,2023-06-01,1352.3,2026-09-26
bls:SMU48124200000000001,2023-07-01,1336.5,2026-09-26
bls:SMU48124200000000001,2023-08-01,1339.1,2026-09-26
bls:SMU48124200000000001,2023-09-01,1341.5,2026-09-26
bls:SMU48124200000000001,2023-10-01,1356.0,2026-09-26
bls:SMU48124200000000001,2023-11-01,1364.0,2026-09-26
bls:SMU48124200000000001,2023-12-01,1363.5,2026-09-26
bls:SMU48124200000000001,2024-01-01,1349.3,2026-09-26
bls:SMU48124200000000001,2024-02-01,1360.2,2026-09-26
bls:SMU48124200000000001,2024-03-01,1364.3,2026-09-26
bls:SMU48124200000000001,2024-04-01,1371.3,2026-09-26
bls:SMU48124200000000001,2024-05-01,1375.8,2026-09-26
bls:SMU48124200000000001,2024-06-01,1380.1,2026-09-26
bls:SMU48124200000000001,2024-07-01,1368.7,2026-09-26
bls:SMU48124200000000001,2024-08-01,1371.9,2026-09-26
bls:SMU48124200000000001,2024-09-01,1378.0,2026-09-26
bls:SMU48124200000000001,2024-10-01,1390.7,2026-09-26
bls:SMU48124200000000001,2024-11-01,1398.7,2026-09-26
bls:SMU48124200000000001,2024-12-01,1398.8,2026-09-26
bls:SMU48124200000000001,2025-01-01,1385.8,2026-09-26
bls:SMU48124200000000001,2025-02-01,1393.0,2026-09-26
bls:SMU48124200000000001,2025-03-01,1395.7,2026-09-26
bls:SMU48124200000000001,2025-04-01,1405.1,2026-09-26
bls:SMU48124200000000001,2025-05-01,1409.4,2026-09-26
bls:SMU48124200000000001,2025-06-01,1405.5,2026-09-26
bls:SMU48124200000000001,2025-07-01,1397.9,2026-09-26
bls:SMU48124200000000001,2025-08-01,1399.7,2026-09-26
bls:SMU48124200000000001,2025-09-01,1401.5,2026-09-26
bls:SMU48124200000000001,2025-10-01,1407.2,2026-09-26
bls:SMU48124200000000001,2025-11-01,1413.9,2026-09-26
bls:SMU48124200000000001,2025-12-01,1420.1,2026-09-26
bls:SMU48124200000000001,2026-01-01,1403.8,2026-09-26
bls:SMU48124200000000001,2026-02-01,1406.7,2026-09-26
bls:SMU48124200000000001,2026-03-01,1410.0,2026-09-26
bls:SMU48124200000000001,2026-04-01,1417.4,2026-09-26
bls:SMU48124200000000001,2026-05-01,1422.9,2026-09-26
bls:SMU48124200000000001,2026-06-01,1432.0,2026-09-26
bls:SMU48124200000000001,2026-07-01,1420.7,2026-09-26
bls:SMU48124200000000001,2026-08-01,1415.9,2026-09-26
bls:SMU48124207000000001,2018-01-01,124.1,2026-09-26
bls:SMU48124207000000001,2018-02-01,126.5,2026-09-26
bls:SMU48124207000000001,2018-03-01,129.5,2026-09-26
bls:SMU48124207000000001,2018-04-01,130.5,2026-09-26
bls:SMU48124207000000001,2018-05-01,132.3,2026-09-26
bls:SMU48124207000000001,2018-06-01,134.1,2026-09-26
bls:SMU48124207000000001,2018-07-01,132.2,2026-09-26
bls:SMU48124207000000001,2018-08-01,131.8,2026-09-26
bls:SMU48124207000000001,2018-09-01,130.5,2026-09-26
bls:SMU48124207000000001,2018-10-01,132.1,2026-09-26
bls:SMU48124207000000001,2018-11-01,131.9,2026-09-26
bls:SMU48124207000000001,2018-12-01,132.3,2026-09-26
bls:SMU48124207000000001,2019-01-01,129.3,2026-09-26
bls:SMU48124207000000001,2019-02-01,131.7,2026-09-26
bls:SMU48124207000000001,2019-03-01,134.0,2026-09-26
bls:SMU48124207000000001,2019-04-01,135.5,2026-09-26
bls:SMU48124207000000001,2019-05-01,136.9,2026-09-26
bls:SMU48124207000000001,2019-06-01,138.1,2026-09-26
bls:SMU48124207000000001,2019-07-01,137.3,2026-09-26
bls:SMU48124207000000001,2019-08-01,136.0,2026-09-26
bls:SMU48124207000000001,2019-09-01,135.1,2026-09-26
bls:SMU48124207000000001,2019-10-01,135.0,2026-09-26
bls:SMU48124207000000001,2019-11-01,134.8,2026-09-26
bls:SMU48124207000000001,2019-12-01,134.8,2026-09-26
bls:SMU48124207000000001,2020-01-01,132.5,2026-09-26
bls:SMU48124207000000001,2020-02-01,134.3,2026-09-26
bls:SMU48124207000000001,2020-03-01,132.6,2026-09-26
bls:SMU48124207000000001,2020-04-01,72.2,2026-09-26
bls:SMU48124207000000001,2020-05-01,86.8,2026-09-26
bls:SMU48124207000000001,2020-06-01,99.0,2026-09-26
bls:SMU48124207000000001,2020-07-01,97.0,2026-09-26
bls:SMU48124207000000001,2020-08-01,98.1,2026-09-26
bls:SMU48124207000000001,2020-09-01,101.8,2026-09-26
bls:SMU48124207000000001,2020-10-01,106.1,2026-09-26
bls:SMU48124207000000001,2020-11-01,107.5,2026-09-26
bls:SMU48124207000000001,2020-12-01,108.5,2026-09-26
bls:SMU48124207000000001,2021-01-01,105.5,2026-09-26
bls:SMU48124207000000001,2021-02-01,105.7,2026-09-26
bls:SMU48124207000000001,2021-03-01,111.0,2026-09-26
bls:SMU48124207000000001,2021-04-01,115.4,2026-09-26
bls:SMU48124207000000001,2021-05-01,119.0,2026-09-26
bls:SMU48124207000000001,2021-06-01,122.8,2026-09-26
bls:SMU48124207000000001,2021-07-01,125.9,2026-09-26
bls:SMU48124207000000001,2021-08-01,125.5,2026-09-26
bls:SMU48124207000000001,2021-09-01,124.4,2026-09-26
bls:SMU48124207000000001,2021-10-01,127.4,2026-09-26
bls:SMU48124207000000001,2021-11-01,127.9,2026-09-26
bls:SMU48124207000000001,2021-12-01,128.8,2026-09-26
bls:SMU48124207000000001,2022-01-01,125.9,2026-09-26
bls:SMU48124207000000001,2022-02-01,128.8,2026-09-26
bls:SMU48124207000000001,2022-03-01,132.1,2026-09-26
bls:SMU48124207000000001,2022-04-01,136.2,2026-09-26
bls:SMU48124207000000001,2022-05-01,138.1,2026-09-26
bls:SMU48124207000000001,2022-06-01,140.9,2026-09-26
bls:SMU48124207000000001,2022-07-01,141.3,2026-09-26
bls:SMU48124207000000001,2022-08-01,141.0,2026-09-26
bls:SMU48124207000000001,2022-09-01,140.5,2026-09-26
bls:SMU48124207000000001,2022-10-01,141.0,2026-09-26
bls:SMU48124207000000001,2022-11-01,141.4,2026-09-26
bls:SMU48124207000000001,2022-12-01,140.9,2026-09-26
bls:SMU48124207000000001,2023-01-01,139.8,2026-09-26
bls:SMU48124207000000001,2023-02-01,141.7,2026-09-26
bls:SMU48124207000000001,2023-03-01,145.8,2026-09-26
bls:SMU48124207000000001,2023-04-01,146.7,2026-09-26
bls:SMU48124207000000001,2023-05-01,148.7,2026-09-26
bls:SMU48124207000000001,2023-06-01,151.2,2026-09-26
bls:SMU48124207000000001,2023-07-01,148.6,2026-09-26
bls:SMU48124207000000001,2023-08-01,147.8,2026-09-26
bls:SMU48124207000000001,2023-09-01,147.3,2026-09-26
bls:SMU48124207000000001,2023-10-01,147.3,2026-09-26
bls:SMU48124207000000001,2023-11-01,147.9,2026-09-26
bls:SMU48124207000000001,2023-12-01,147.6,2026-09-26
bls:SMU48124207000000001,2024-01-01,143.6,2026-09-26
bls:SMU48124207000000001,2024-02-01,145.6,2026-09-26
bls:SMU48124207000000001,2024-03-01,149.1,2026-09-26
bls:SMU48124207000000001,2024-04-01,150.7,2026-09-26
bls:SMU48124207000000001,2024-05-01,152.3,2026-09-26
bls:SMU48124207000000001,2024-06-01,152.4,2026-09-26
bls:SMU48124207000000001,2024-07-01,150.6,2026-09-26
bls:SMU48124207000000001,2024-08-01,149.7,2026-09-26
bls:SMU48124207000000001,2024-09-01,149.2,2026-09-26
bls:SMU48124207000000001,2024-10-01,151.1,2026-09-26
bls:SMU48124207000000001,2024-11-01,151.7,2026-09-26
bls:SMU48124207000000001,2024-12-01,151.3,2026-09-26
bls:SMU48124207000000001,2025-01-01,147.8,2026-09-26
bls:SMU48124207000000001,2025-02-01,149.5,2026-09-26
bls:SMU48124207000000001,2025-03-01,152.5,2026-09-26
bls:SMU48124207000000001,2025-04-01,154.4,2026-09-26
bls:SMU48124207000000001,2025-05-01,155.5,2026-09-26
bls:SMU48124207000000001,2025-06-01,154.3,2026-09-26
bls:SMU48124207000000001,2025-07-01,152.6,2026-09-26
bls:SMU48124207000000001,2025-08-01,152.3,2026-09-26
bls:SMU48124207000000001,2025-09-01,151.6,2026-09-26
bls:SMU48124207000000001,2025-10-01,150.3,2026-09-26
bls:SMU48124207000000001,2025-11-01,150.5,2026-09-26
bls:SMU48124207000000001,2025-12-01,149.5,2026-09-26
bls:SMU48124207000000001,2026-01-01,148.8,2026-09-26
bls:SMU48124207000000001,2026-02-01,149.8,2026-09-26
bls:SMU48124207000000001,2026-03-01,151.6,2026-09-26
bls:SMU48124207000000001,2026-04-01,153.4,2026-09-26
bls:SMU48124207000000001,2026-05-01,155.1,2026-09-26
bls:SMU48124207000000001,2026-06-01,156.8,2026-09-26
bls:SMU48124207000000001,2026-07-01,154.6,2026-09-26
bls:SMU48124207000000001,2026-08-01,156.0,2026-09-26
fred:AUSLEIHA175MFRBDAL,2018-01-01,128.48481711,2026-09-26
fred:AUSLEIHA175MFRBDAL,2018-02-01,128.84118599,2026-09-26
fred:AUSLEIHA175MFRBDAL,2018-03-01,129.78965127,2026-09-26
fred:AUSLEIHA175MFRBDAL,2018-04-01,129.55656278,2026-09-26
fred:AUSLEIHA175MFRBDAL,2018-05-01,129.97361935,2026-09-26
fred:AUSLEIHA175MFRBDAL,2018-06-01,130.74812559,2026-09-26
fred:AUSLEIHA175MFRBDAL,2018-07-01,130.46957497,2026-09-26
fred:AUSLEIHA175MFRBDAL,2018-08-01,131.11069636,2026-09-26
fred:AUSLEIHA175MFRBDAL,2018-09-01,130.6650733,2026-09-26
fred:AUSLEIHA175MFRBDAL,2018-10-01,132.2659021,2026-09-26
fred:AUSLEIHA175MFRBDAL,2018-11-01,132.48694817,2026-09-26
fred:AUSLEIHA175MFRBDAL,2018-12-01,133.38754907,2026-09-26
fred:AUSLEIHA175MFRBDAL,2019-01-01,133.82551202,2026-09-26
fred:AUSLEIHA175MFRBDAL,2019-02-01,134.2127978,2026-09-26
fred:AUSLEIHA175MFRBDAL,2019-03-01,134.20253755,2026-09-26
fred:AUSLEIHA175MFRBDAL,2019-04-01,134.51249766,2026-09-26
fred:AUSLEIHA175MFRBDAL,2019-05-01,134.46960311,2026-09-26
fred:AUSLEIHA175MFRBDAL,2019-06-01,134.58884369,2026-09-26
fred:AUSLEIHA175MFRBDAL,2019-07-01,135.47011763,2026-09-26
fred:AUSLEIHA175MFRBDAL,2019-08-01,135.32638127,2026-09-26
fred:AUSLEIHA175MFRBDAL,2019-09-01,135.44867223,2026-09-26
fred:AUSLEIHA175MFRBDAL,2019-10-01,135.22355626,2026-09-26
fred:AUSLEIHA175MFRBDAL,2019-11-01,135.43107276,2026-09-26
fred:AUSLEIHA175MFRBDAL,2019-12-01,135.78264805,2026-09-26
fred:AUSLEIHA175MFRBDAL,2020-01-01,137.11404248,2026-09-26
fred:AUSLEIHA175MFRBDAL,2020-02-01,136.94656601,2026-09-26
fred:AUSLEIHA175MFRBDAL,2020-03-01,132.70546087,2026-09-26
fred:AUSLEIHA175MFRBDAL,2020-04-01,71.667060814,2026-09-26
fred:AUSLEIHA175MFRBDAL,2020-05-01,85.240661346,2026-09-26
fred:AUSLEIHA175MFRBDAL,2020-06-01,96.46293945,2026-09-26
fred:AUSLEIHA175MFRBDAL,2020-07-01,95.689547425,2026-09-26
fred:AUSLEIHA175MFRBDAL,2020-08-01,97.645322324,2026-09-26
fred:AUSLEIHA175MFRBDAL,2020-09-01,102.14093411,2026-09-26
fred:AUSLEIHA175MFRBDAL,2020-10-01,106.32732196,2026-09-26
fred:AUSLEIHA175MFRBDAL,2020-11-01,108.00795089,2026-09-26
fred:AUSLEIHA175MFRBDAL,2020-12-01,109.21855227,2026-09-26
fred:AUSLEIHA175MFRBDAL,2021-01-01,109.14835752,2026-09-26
fred:AUSLEIHA175MFRBDAL,2021-02-01,107.8473757,2026-09-26
fred:AUSLEIHA175MFRBDAL,2021-03-01,111.01273389,2026-09-26
fred:AUSLEIHA175MFRBDAL,2021-04-01,114.49377173,2026-09-26
fred:AUSLEIHA175MFRBDAL,2021-05-01,116.83830008,2026-09-26
fred:AUSLEIHA175MFRBDAL,2021-06-01,119.69623682,2026-09-26
fred:AUSLEIHA175MFRBDAL,2021-07-01,124.22635954,2026-09-26
fred:AUSLEIHA175MFRBDAL,2021-08-01,124.9747041,2026-09-26
fred:AUSLEIHA175MFRBDAL,2021-09-01,124.89540364,2026-09-26
fred:AUSLEIHA175MFRBDAL,2021-10-01,127.70779566,2026-09-26
fred:AUSLEIHA175MFRBDAL,2021-11-01,128.4423695,2026-09-26
fred:AUSLEIHA175MFRBDAL,2021-12-01,129.59455067,2026-09-26
fred:AUSLEIHA175MFRBDAL,2022-01-01,130.21106078,2026-09-26
fred:AUSLEIHA175MFRBDAL,2022-02-01,131.44730713,2026-09-26
fred:AUSLEIHA175MFRBDAL,2022-03-01,132.02591038,2026-09-26
fred:AUSLEIHA175MFRBDAL,2022-04-01,135.05402099,2026-09-26
fred:AUSLEIHA175MFRBDAL,2022-05-01,135.54133175,2026-09-26
fred:AUSLEIHA175MFRBDAL,2022-06-01,137.43681588,2026-09-26
fred:AUSLEIHA175MFRBDAL,2022-07-01,139.56923495,2026-09-26
fred:AUSLEIHA175MFRBDAL,2022-08-01,140.52510642,2026-09-26
fred:AUSLEIHA175MFRBDAL,2022-09-01,141.12043214,2026-09-26
fred:AUSLEIHA175MFRBDAL,2022-10-01,141.32423628,2026-09-26
fred:AUSLEIHA175MFRBDAL,2022-11-01,141.8749027,2026-09-26
fred:AUSLEIHA175MFRBDAL,2022-12-01,141.74083868,2026-09-26
fred:AUSLEIHA175MFRBDAL,2023-01-01,144.50729895,2026-09-26
fred:AUSLEIHA175MFRBDAL,2023-02-01,144.60050155,2026-09-26
fred:AUSLEIHA175MFRBDAL,2023-03-01,145.64118371,2026-09-26
fred:AUSLEIHA175MFRBDAL,2023-04-01,145.3321711,2026-09-26
fred:AUSLEIHA175MFRBDAL,2023-05-01,145.89359193,2026-09-26
fred:AUSLEIHA175MFRBDAL,2023-06-01,147.63735849,2026-09-26
fred:AUSLEIHA175MFRBDAL,2023-07-01,147.00803804,2026-09-26
fred:AUSLEIHA175MFRBDAL,2023-08-01,147.43845112,2026-09-26
fred:AUSLEIHA175MFRBDAL,2023-09-01,148.02029079,2026-09-26
fred:AUSLEIHA175MFRBDAL,2023-10-01,147.59775713,2026-09-26
fred:AUSLEIHA175MFRBDAL,2023-11-01,148.26212214,2026-09-26
fred:AUSLEIHA175MFRBDAL,2023-12-01,148.4577315,2026-09-26
fred:AUSLEIHA175MFRBDAL,2024-01-01,148.31231231,2026-09-26
fred:AUSLEIHA175MFRBDAL,2024-02-01,148.52490546,2026-09-26
fred:AUSLEIHA175MFRBDAL,2024-03-01,148.86378656,2026-09-26
fred:AUSLEIHA175MFRBDAL,2024-04-01,149.1717355,2026-09-26
fred:AUSLEIHA175MFRBDAL,2024-05-01,149.37900446,2026-09-26
fred:AUSLEIHA175MFRBDAL,2024-06-01,148.97031185,2026-09-26
fred:AUSLEIHA175MFRBDAL,2024-07-01,149.23039071,2026-09-26
fred:AUSLEIHA175MFRBDAL,2024-08-01,149.48217639,2026-09-26
fred:AUSLEIHA175MFRBDAL,2024-09-01,149.97117042,2026-09-26
fred:AUSLEIHA175MFRBDAL,2024-10-01,151.37092031,2026-09-26
fred:AUSLEIHA175MFRBDAL,2024-11-01,151.93342947,2026-09-26
fred:AUSLEIHA175MFRBDAL,2024-12-01,152.16447653,2026-09-26
fred:AUSLEIHA175MFRBDAL,2025-01-01,152.5337865,2026-09-26
fred:AUSLEIHA175MFRBDAL,2025-02-01,152.44466957,2026-09-26
fred:AUSLEIHA175MFRBDAL,2025-03-01,152.22400417,2026-09-26
fred:AUSLEIHA175MFRBDAL,2025-04-01,152.71453838,2026-09-26
fred:AUSLEIHA175MFRBDAL,2025-05-01,152.46070771,2026-09-26
fred:AUSLEIHA175MFRBDAL,2025-06-01,150.97164098,2026-09-26
fred:AUSLEIHA175MFRBDAL,2025-07-01,151.40479674,2026-09-26
fred:AUSLEIHA175MFRBDAL,2025-08-01,152.19345682,2026-09-26
fred:AUSLEIHA175MFRBDAL,2025-09-01,152.45016319,2026-09-26
fred:AUSLEIHA175MFRBDAL,2025-10-01,152.64421743,2026-09-26
fred:AUSLEIHA175MFRBDAL,2025-11-01,152.70932114,2026-09-26
fred:AUSLEIHA175MFRBDAL,2025-12-01,152.51795997,2026-09-26
fred:AUSLEIHA175MFRBDAL,2026-01-01,154.40801601,2026-09-26
fred:AUSLEIHA175MFRBDAL,2026-02-01,153.80320199,2026-09-26
fred:AUSLEIHA175MFRBDAL,2026-03-01,153.7704886,2026-09-26
fred:AUSLEIHA175MFRBDAL,2026-04-01,154.02303422,2026-09-26
fred:AUSLEIHA175MFRBDAL,2026-05-01,153.6014455,2026-09-26
fred:AUSLEIHA175MFRBDAL,2026-06-01,154.57230064,2026-09-26
fred:AUSLEIHA175MFRBDAL,2026-07-01,154.70286607,2026-09-26
fred:AUST448LEIHN,2018-01-01,124.1,2026-09-26
fred:AUST448LEIHN,2018-02-01,126.5,2026-09-26
fred:AUST448LEIHN,2018-03-01,129.5,2026-09-26
fred:AUST448LEIHN,2018-04-01,130.5,2026-09-26
fred:AUST448LEIHN,2018-05-01,132.3,2026-09-26
fred:AUST448LEIHN,2018-06-01,134.1,2026-09-26
fred:AUST448LEIHN,2018-07-01,132.2,2026-09-26
fred:AUST448LEIHN,2018-08-01,131.8,2026-09-26
fred:AUST448LEIHN,2018-09-01,130.5,2026-09-26
fred:AUST448LEIHN,2018-10-01,132.1,2026-09-26
fred:AUST448LEIHN,2018-11-01,131.9,2026-09-26
fred:AUST448LEIHN,2018-12-01,132.3,2026-09-26
fred:AUST448LEIHN,2019-01-01,129.3,2026-09-26
fred:AUST448LEIHN,2019-02-01,131.7,2026-09-26
fred:AUST448LEIHN,2019-03-01,134.0,2026-09-26
fred:AUST448LEIHN,2019-04-01,135.5,2026-09-26
fred:AUST448LEIHN,2019-05-01,136.9,2026-09-26
fred:AUST448LEIHN,2019-06-01,138.1,2026-09-26
fred:AUST448LEIHN,2019-07-01,137.3,2026-09-26
fred:AUST448LEIHN,2019-08-01,136.0,2026-09-26
fred:AUST448LEIHN,2019-09-01,135.1,2026-09-26
fred:AUST448LEIHN,2019-10-01,135.0,2026-09-26
fred:AUST448LEIHN,2019-11-01,134.8,2026-09-26
fred:AUST448LEIHN,2019-12-01,134.8,2026-09-26
fred:AUST448LEIHN,2020-01-01,132.5,2026-09-26
fred:AUST448LEIHN,2020-02-01,134.3,2026-09-26
fred:AUST448LEIHN,2020-03-01,132.6,2026-09-26
fred:AUST448LEIHN,2020-04-01,72.2,2026-09-26
fred:AUST448LEIHN,2020-05-01,86.8,2026-09-26
fred:AUST448LEIHN,2020-06-01,99.0,2026-09-26
fred:AUST448LEIHN,2020-07-01,97.0,2026-09-26
fred:AUST448LEIHN,2020-08-01,98.1,2026-09-26
fred:AUST448LEIHN,2020-09-01,101.8,2026-09-26
fred:AUST448LEIHN,2020-10-01,106.1,2026-09-26
fred:AUST448LEIHN,2020-11-01,107.5,2026-09-26
fred:AUST448LEIHN,2020-12-01,108.5,2026-09-26
fred:AUST448LEIHN,2021-01-01,105.5,2026-09-26
fred:AUST448LEIHN,2021-02-01,105.7,2026-09-26
fred:AUST448LEIHN,2021-03-01,111.0,2026-09-26
fred:AUST448LEIHN,2021-04-01,115.4,2026-09-26
fred:AUST448LEIHN,2021-05-01,119.0,2026-09-26
fred:AUST448LEIHN,2021-06-01,122.8,2026-09-26
fred:AUST448LEIHN,2021-07-01,125.9,2026-09-26
fred:AUST448LEIHN,2021-08-01,125.5,2026-09-26
fred:AUST448LEIHN,2021-09-01,124.4,2026-09-26
fred:AUST448LEIHN,2021-10-01,127.4,2026-09-26
fred:AUST448LEIHN,2021-11-01,127.9,2026-09-26
fred:AUST448LEIHN,2021-12-01,128.8,2026-09-26
fred:AUST448LEIHN,2022-01-01,125.9,2026-09-26
fred:AUST448LEIHN,2022-02-01,128.8,2026-09-26
fred:AUST448LEIHN,2022-03-01,132.1,2026-09-26
fred:AUST448LEIHN,2022-04-01,136.2,2026-09-26
fred:AUST448LEIHN,2022-05-01,138.1,2026-09-26
fred:AUST448LEIHN,2022-06-01,140.9,2026-09-26
fred:AUST448LEIHN,2022-07-01,141.3,2026-09-26
fred:AUST448LEIHN,2022-08-01,141.0,2026-09-26
fred:AUST448LEIHN,2022-09-01,140.5,2026-09-26
fred:AUST448LEIHN,2022-10-01,141.0,2026-09-26
fred:AUST448LEIHN,2022-11-01,141.4,2026-09-26
fred:AUST448LEIHN,2022-12-01,140.9,2026-09-26
fred:AUST448LEIHN,2023-01-01,139.8,2026-09-26
fred:AUST448LEIHN,2023-02-01,141.7,2026-09-26
fred:AUST448LEIHN,2023-03-01,145.8,2026-09-26
fred:AUST448LEIHN,2023-04-01,146.7,2026-09-26
fred:AUST448LEIHN,2023-05-01,148.7,2026-09-26
fred:AUST448LEIHN,2023-06-01,151.2,2026-09-26
fred:AUST448LEIHN,2023-07-01,148.6,2026-09-26
fred:AUST448LEIHN,2023-08-01,147.8,2026-09-26
fred:AUST448LEIHN,2023-09-01,147.3,2026-09-26
fred:AUST448LEIHN,2023-10-01,147.3,2026-09-26
fred:AUST448LEIHN,2023-11-01,147.9,2026-09-26
fred:AUST448LEIHN,2023-12-01,147.6,2026-09-26
fred:AUST448LEIHN,2024-01-01,143.6,2026-09-26
fred:AUST448LEIHN,2024-02-01,145.6,2026-09-26
fred:AUST448LEIHN,2024-03-01,149.1,2026-09-26
fred:AUST448LEIHN,2024-04-01,150.7,2026-09-26
fred:AUST448LEIHN,2024-05-01,152.3,2026-09-26
fred:AUST448LEIHN,2024-06-01,152.4,2026-09-26
fred:AUST448LEIHN,2024-07-01,150.6,2026-09-26
fred:AUST448LEIHN,2024-08-01,149.7,2026-09-26
fred:AUST448LEIHN,2024-09-01,149.2,2026-09-26
fred:AUST448LEIHN,2024-10-01,151.1,2026-09-26
fred:AUST448LEIHN,2024-11-01,151.7,2026-09-26
fred:AUST448LEIHN,2024-12-01,151.3,2026-09-26
fred:AUST448LEIHN,2025-01-01,147.8,2026-09-26
fred:AUST448LEIHN,2025-02-01,149.5,2026-09-26
fred:AUST448LEIHN,2025-03-01,152.5,2026-09-26
fred:AUST448LEIHN,2025-04-01,154.4,2026-09-26
fred:AUST448LEIHN,2025-05-01,155.5,2026-09-26
fred:AUST448LEIHN,2025-06-01,154.3,2026-09-26
fred:AUST448LEIHN,2025-07-01,152.6,2026-09-26
fred:AUST448LEIHN,2025-08-01,152.3,2026-09-26
fred:AUST448LEIHN,2025-09-01,151.6,2026-09-26
fred:AUST448LEIHN,2025-10-01,150.3,2026-09-26
fred:AUST448LEIHN,2025-11-01,150.5,2026-09-26
fred:AUST448LEIHN,2025-12-01,149.5,2026-09-26
fred:AUST448LEIHN,2026-01-01,148.8,2026-09-26
fred:AUST448LEIHN,2026-02-01,149.8,2026-09-26
fred:AUST448LEIHN,2026-03-01,151.6,2026-09-26
fred:AUST448LEIHN,2026-04-01,153.4,2026-09-26
fred:AUST448LEIHN,2026-05-01,155.1,2026-09-26
fred:AUST448LEIHN,2026-06-01,156.8,2026-09-26
fred:AUST448LEIHN,2026-07-01,154.6,2026-09-26
fred:AUST448LEIHN,2026-08-01,156,2026-09-26
fred:GASREGW,2018-01-01,2.52,2026-09-26
fred:GASREGW,2018-01-08,2.522,2026-09-26
fred:GASREGW,2018-01-15,2.557,2026-09-26
fred:GASREGW,2018-01-22,2.567,2026-09-26
fred:GASREGW,2018-01-29,2.607,2026-09-26
fred:GASREGW,2018-02-05,2.637,2026-09-26
fred:GASREGW,2018-02-12,2.607,2026-09-26
fred:GASREGW,2018-02-19,2.557,2026-09-26
fred:GASREGW,2018-02-26,2.548,2026-09-26
fred:GASREGW,2018-03-05,2.56,2026-09-26
fred:GASREGW,2018-03-12,2.559,2026-09-26
fred:GASREGW,2018-03-19,2.598,2026-09-26
fred:GASREGW,2018-03-26,2.648,2026-09-26
fred:GASREGW,2018-04-02,2.7,2026-09-26
fred:GASREGW,2018-04-09,2.694,2026-09-26
fred:GASREGW,2018-04-16,2.747,2026-09-26
fred:GASREGW,2018-04-23,2.798,2026-09-26
fred:GASREGW,2018-04-30,2.846,2026-09-26
fred:GASREGW,2018-05-07,2.845,2026-09-26
fred:GASREGW,2018-05-14,2.873,2026-09-26
fred:GASREGW,2018-05-21,2.923,2026-09-26
fred:GASREGW,2018-05-28,2.962,2026-09-26
fred:GASREGW,2018-06-04,2.94,2026-09-26
fred:GASREGW,2018-06-11,2.911,2026-09-26
fred:GASREGW,2018-06-18,2.879,2026-09-26
fred:GASREGW,2018-06-25,2.833,2026-09-26
fred:GASREGW,2018-07-02,2.844,2026-09-26
fred:GASREGW,2018-07-09,2.857,2026-09-26
fred:GASREGW,2018-07-16,2.865,2026-09-26
fred:GASREGW,2018-07-23,2.831,2026-09-26
fred:GASREGW,2018-07-30,2.846,2026-09-26
fred:GASREGW,2018-08-06,2.852,2026-09-26
fred:GASREGW,2018-08-13,2.843,2026-09-26
fred:GASREGW,2018-08-20,2.821,2026-09-26
fred:GASREGW,2018-08-27,2.827,2026-09-26
fred:GASREGW,2018-09-03,2.824,2026-09-26
fred:GASREGW,2018-09-10,2.833,2026-09-26
fred:GASREGW,2018-09-17,2.841,2026-09-26
fred:GASREGW,2018-09-24,2.844,2026-09-26
fred:GASREGW,2018-10-01,2.866,2026-09-26
fred:GASREGW,2018-10-08,2.903,2026-09-26
fred:GASREGW,2018-10-15,2.879,2026-09-26
fred:GASREGW,2018-10-22,2.841,2026-09-26
fred:GASREGW,2018-10-29,2.811,2026-09-26
fred:GASREGW,2018-11-05,2.753,2026-09-26
fred:GASREGW,2018-11-12,2.686,2026-09-26
fred:GASREGW,2018-11-19,2.611,2026-09-26
fred:GASREGW,2018-11-26,2.539,2026-09-26
fred:GASREGW,2018-12-03,2.451,2026-09-26
fred:GASREGW,2018-12-10,2.421,2026-09-26
fred:GASREGW,2018-12-17,2.369,2026-09-26
fred:GASREGW,2018-12-24,2.321,2026-09-26
fred:GASREGW,2018-12-31,2.266,2026-09-26
fred:GASREGW,2019-01-07,2.237,2026-09-26
fred:GASREGW,2019-01-14,2.247,2026-09-26
fred:GASREGW,2019-01-21,2.251,2026-09-26
fred:GASREGW,2019-01-28,2.256,2026-09-26
fred:GASREGW,2019-02-04,2.254,2026-09-26
fred:GASREGW,2019-02-11,2.276,2026-09-26
fred:GASREGW,2019-02-18,2.317,2026-09-26
fred:GASREGW,2019-02-25,2.39,2026-09-26
fred:GASREGW,2019-03-04,2.422,2026-09-26
fred:GASREGW,2019-03-11,2.471,2026-09-26
fred:GASREGW,2019-03-18,2.548,2026-09-26
fred:GASREGW,2019-03-25,2.623,2026-09-26
fred:GASREGW,2019-04-01,2.691,2026-09-26
fred:GASREGW,2019-04-08,2.745,2026-09-26
fred:GASREGW,2019-04-15,2.828,2026-09-26
fred:GASREGW,2019-04-22,2.841,2026-09-26
fred:GASREGW,2019-04-29,2.887,2026-09-26
fred:GASREGW,2019-05-06,2.897,2026-09-26
fred:GASREGW,2019-05-13,2.866,2026-09-26
fred:GASREGW,2019-05-20,2.852,2026-09-26
fred:GASREGW,2019-05-27,2.822,2026-09-26
fred:GASREGW,2019-06-03,2.807,2026-09-26
fred:GASREGW,2019-06-10,2.732,2026-09-26
fred:GASREGW,2019-06-17,2.67,2026-09-26
fred:GASREGW,2019-06-24,2.654,2026-09-26
fred:GASREGW,2019-07-01,2.713,2026-09-26
fred:GASREGW,2019-07-08,2.743,2026-09-26
fred:GASREGW,2019-07-15,2.779,2026-09-26
fred:GASREGW,2019-07-22,2.75,2026-09-26
fred:GASREGW,2019-07-29,2.715,2026-09-26
fred:GASREGW,2019-08-05,2.688,2026-09-26
fred:GASREGW,2019-08-12,2.624,2026-09-26
fred:GASREGW,2019-08-19,2.598,2026-09-26
fred:GASREGW,2019-08-26,2.574,2026-09-26
fred:GASREGW,2019-09-02,2.563,2026-09-26
fred:GASREGW,2019-09-09,2.55,2026-09-26
fred:GASREGW,2019-09-16,2.552,2026-09-26
fred:GASREGW,2019-09-23,2.654,2026-09-26
fred:GASREGW,2019-09-30,2.642,2026-09-26
fred:GASREGW,2019-10-07,2.645,2026-09-26
fred:GASREGW,2019-10-14,2.629,2026-09-26
fred:GASREGW,2019-10-21,2.638,2026-09-26
fred:GASREGW,2019-10-28,2.596,2026-09-26
fred:GASREGW,2019-11-04,2.605,2026-09-26
fred:GASREGW,2019-11-11,2.615,2026-09-26
fred:GASREGW,2019-11-18,2.592,2026-09-26
fred:GASREGW,2019-11-25,2.579,2026-09-26
fred:GASREGW,2019-12-02,2.575,2026-09-26
fred:GASREGW,2019-12-09,2.561,2026-09-26
fred:GASREGW,2019-12-16,2.536,2026-09-26
fred:GASREGW,2019-12-23,2.532,2026-09-26
fred:GASREGW,2019-12-30,2.571,2026-09-26
fred:GASREGW,2020-01-06,2.578,2026-09-26
fred:GASREGW,2020-01-13,2.57,2026-09-26
fred:GASREGW,2020-01-20,2.537,2026-09-26
fred:GASREGW,2020-01-27,2.506,2026-09-26
fred:GASREGW,2020-02-03,2.455,2026-09-26
fred:GASREGW,2020-02-10,2.419,2026-09-26
fred:GASREGW,2020-02-17,2.428,2026-09-26
fred:GASREGW,2020-02-24,2.466,2026-09-26
fred:GASREGW,2020-03-02,2.423,2026-09-26
fred:GASREGW,2020-03-09,2.375,2026-09-26
fred:GASREGW,2020-03-16,2.248,2026-09-26
fred:GASREGW,2020-03-23,2.12,2026-09-26
fred:GASREGW,2020-03-30,2.005,2026-09-26
fred:GASREGW,2020-04-06,1.924,2026-09-26
fred:GASREGW,2020-04-13,1.853,2026-09-26
fred:GASREGW,2020-04-20,1.812,2026-09-26
fred:GASREGW,2020-04-27,1.773,2026-09-26
fred:GASREGW,2020-05-04,1.789,2026-09-26
fred:GASREGW,2020-05-11,1.851,2026-09-26
fred:GASREGW,2020-05-18,1.878,2026-09-26
fred:GASREGW,2020-05-25,1.96,2026-09-26
fred:GASREGW,2020-06-01,1.974,2026-09-26
fred:GASREGW,2020-06-08,2.036,2026-09-26
fred:GASREGW,2020-06-15,2.098,2026-09-26
fred:GASREGW,2020-06-22,2.129,2026-09-26
fred:GASREGW,2020-06-29,2.174,2026-09-26
fred:GASREGW,2020-07-06,2.177,2026-09-26
fred:GASREGW,2020-07-13,2.195,2026-09-26
fred:GASREGW,2020-07-20,2.186,2026-09-26
fred:GASREGW,2020-07-27,2.175,2026-09-26
fred:GASREGW,2020-08-03,2.176,2026-09-26
fred:GASREGW,2020-08-10,2.166,2026-09-26
fred:GASREGW,2020-08-17,2.166,2026-09-26
fred:GASREGW,2020-08-24,2.182,2026-09-26
fred:GASREGW,2020-08-31,2.222,2026-09-26
fred:GASREGW,2020-09-07,2.211,2026-09-26
fred:GASREGW,2020-09-14,2.183,2026-09-26
fred:GASREGW,2020-09-21,2.168,2026-09-26
fred:GASREGW,2020-09-28,2.169,2026-09-26
fred:GASREGW,2020-10-05,2.172,2026-09-26
fred:GASREGW,2020-10-12,2.167,2026-09-26
fred:GASREGW,2020-10-19,2.15,2026-09-26
fred:GASREGW,2020-10-26,2.143,2026-09-26
fred:GASREGW,2020-11-02,2.112,2026-09-26
fred:GASREGW,2020-11-09,2.096,2026-09-26
fred:GASREGW,2020-11-16,2.111,2026-09-26
fred:GASREGW,2020-11-23,2.102,2026-09-26
fred:GASREGW,2020-11-30,2.12,2026-09-26
fred:GASREGW,2020-12-07,2.156,2026-09-26
fred:GASREGW,2020-12-14,2.158,2026-09-26
fred:GASREGW,2020-12-21,2.224,2026-09-26
fred:GASREGW,2020-12-28,2.243,2026-09-26
fred:GASREGW,2021-01-04,2.249,2026-09-26
fred:GASREGW,2021-01-11,2.317,2026-09-26
fred:GASREGW,2021-01-18,2.379,2026-09-26
fred:GASREGW,2021-01-25,2.392,2026-09-26
fred:GASREGW,2021-02-01,2.409,2026-09-26
fred:GASREGW,2021-02-08,2.461,2026-09-26
fred:GASREGW,2021-02-15,2.501,2026-09-26
fred:GASREGW,2021-02-22,2.633,2026-09-26
fred:GASREGW,2021-03-01,2.711,2026-09-26
fred:GASREGW,2021-03-08,2.771,2026-09-26
fred:GASREGW,2021-03-15,2.853,2026-09-26
fred:GASREGW,2021-03-22,2.865,2026-09-26
fred:GASREGW,2021-03-29,2.852,2026-09-26
fred:GASREGW,2021-04-05,2.857,2026-09-26
fred:GASREGW,2021-04-12,2.849,2026-09-26
fred:GASREGW,2021-04-19,2.855,2026-09-26
fred:GASREGW,2021-04-26,2.872,2026-09-26
fred:GASREGW,2021-05-03,2.89,2026-09-26
fred:GASREGW,2021-05-10,2.961,2026-09-26
fred:GASREGW,2021-05-17,3.028,2026-09-26
fred:GASREGW,2021-05-24,3.02,2026-09-26
fred:GASREGW,2021-05-31,3.027,2026-09-26
fred:GASREGW,2021-06-07,3.035,2026-09-26
fred:GASREGW,2021-06-14,3.069,2026-09-26
fred:GASREGW,2021-06-21,3.06,2026-09-26
fred:GASREGW,2021-06-28,3.091,2026-09-26
fred:GASREGW,2021-07-05,3.122,2026-09-26
fred:GASREGW,2021-07-12,3.133,2026-09-26
fred:GASREGW,2021-07-19,3.153,2026-09-26
fred:GASREGW,2021-07-26,3.136,2026-09-26
fred:GASREGW,2021-08-02,3.159,2026-09-26
fred:GASREGW,2021-08-09,3.172,2026-09-26
fred:GASREGW,2021-08-16,3.174,2026-09-26
fred:GASREGW,2021-08-23,3.145,2026-09-26
fred:GASREGW,2021-08-30,3.139,2026-09-26
fred:GASREGW,2021-09-06,3.176,2026-09-26
fred:GASREGW,2021-09-13,3.165,2026-09-26
fred:GASREGW,2021-09-20,3.184,2026-09-26
fred:GASREGW,2021-09-27,3.175,2026-09-26
fred:GASREGW,2021-10-04,3.19,2026-09-26
fred:GASREGW,2021-10-11,3.267,2026-09-26
fred:GASREGW,2021-10-18,3.322,2026-09-26
fred:GASREGW,2021-10-25,3.383,2026-09-26
fred:GASREGW,2021-11-01,3.39,2026-09-26
fred:GASREGW,2021-11-08,3.41,2026-09-26
fred:GASREGW,2021-11-15,3.399,2026-09-26
fred:GASREGW,2021-11-22,3.395,2026-09-26
fred:GASREGW,2021-11-29,3.38,2026-09-26
fred:GASREGW,2021-12-06,3.341,2026-09-26
fred:GASREGW,2021-12-13,3.315,2026-09-26
fred:GASREGW,2021-12-20,3.295,2026-09-26
fred:GASREGW,2021-12-27,3.275,2026-09-26
fred:GASREGW,2022-01-03,3.281,2026-09-26
fred:GASREGW,2022-01-10,3.295,2026-09-26
fred:GASREGW,2022-01-17,3.306,2026-09-26
fred:GASREGW,2022-01-24,3.323,2026-09-26
fred:GASREGW,2022-01-31,3.368,2026-09-26
fred:GASREGW,2022-02-07,3.444,2026-09-26
fred:GASREGW,2022-02-14,3.487,2026-09-26
fred:GASREGW,2022-02-21,3.53,2026-09-26
fred:GASREGW,2022-02-28,3.608,2026-09-26
fred:GASREGW,2022-03-07,4.102,2026-09-26
fred:GASREGW,2022-03-14,4.315,2026-09-26
fred:GASREGW,2022-03-21,4.239,2026-09-26
fred:GASREGW,2022-03-28,4.231,2026-09-26
fred:GASREGW,2022-04-04,4.17,2026-09-26
fred:GASREGW,2022-04-11,4.091,2026-09-26
fred:GASREGW,2022-04-18,4.066,2026-09-26
fred:GASREGW,2022-04-25,4.107,2026-09-26
fred:GASREGW,2022-05-02,4.182,2026-09-26
fred:GASREGW,2022-05-09,4.328,2026-09-26
fred:GASREGW,2022-05-16,4.491,2026-09-26
fred:GASREGW,2022-05-23,4.593,2026-09-26
fred:GASREGW,2022-05-30,4.624,2026-09-26
fred:GASREGW,2022-06-06,4.876,2026-09-26
fred:GASREGW,2022-06-13,5.006,2026-09-26
fred:GASREGW,2022-06-20,4.962,2026-09-26
fred:GASREGW,2022-06-27,4.872,2026-09-26
fred:GASREGW,2022-07-04,4.771,2026-09-26
fred:GASREGW,2022-07-11,4.646,2026-09-26
fred:GASREGW,2022-07-18,4.49,2026-09-26
fred:GASREGW,2022-07-25,4.33,2026-09-26
fred:GASREGW,2022-08-01,4.192,2026-09-26
fred:GASREGW,2022-08-08,4.038,2026-09-26
fred:GASREGW,2022-08-15,3.938,2026-09-26
fred:GASREGW,2022-08-22,3.88,2026-09-26
fred:GASREGW,2022-08-29,3.827,2026-09-26
fred:GASREGW,2022-09-05,3.746,2026-09-26
fred:GASREGW,2022-09-12,3.69,2026-09-26
fred:GASREGW,2022-09-19,3.654,2026-09-26
fred:GASREGW,2022-09-26,3.711,2026-09-26
fred:GASREGW,2022-10-03,3.782,2026-09-26
fred:GASREGW,2022-10-10,3.912,2026-09-26
fred:GASREGW,2022-10-17,3.871,2026-09-26
fred:GASREGW,2022-10-24,3.769,2026-09-26
fred:GASREGW,2022-10-31,3.742,2026-09-26
fred:GASREGW,2022-11-07,3.796,2026-09-26
fred:GASREGW,2022-11-14,3.762,2026-09-26
fred:GASREGW,2022-11-21,3.648,2026-09-26
fred:GASREGW,2022-11-28,3.534,2026-09-26
fred:GASREGW,2022-12-05,3.39,2026-09-26
fred:GASREGW,2022-12-12,3.239,2026-09-26
fred:GASREGW,2022-12-19,3.12,2026-09-26
fred:GASREGW,2022-12-26,3.091,2026-09-26
fred:GASREGW,2023-01-02,3.223,2026-09-26
fred:GASREGW,2023-01-09,3.259,2026-09-26
fred:GASREGW,2023-01-16,3.31,2026-09-26
fred:GASREGW,2023-01-23,3.415,2026-09-26
fred:GASREGW,2023-01-30,3.489,2026-09-26
fred:GASREGW,2023-02-06,3.444,2026-09-26
fred:GASREGW,2023-02-13,3.39,2026-09-26
fred:GASREGW,2023-02-20,3.379,2026-09-26
fred:GASREGW,2023-02-27,3.342,2026-09-26
fred:GASREGW,2023-03-06,3.389,2026-09-26
fred:GASREGW,2023-03-13,3.456,2026-09-26
fred:GASREGW,2023-03-20,3.422,2026-09-26
fred:GASREGW,2023-03-27,3.421,2026-09-26
fred:GASREGW,2023-04-03,3.497,2026-09-26
fred:GASREGW,2023-04-10,3.596,2026-09-26
fred:GASREGW,2023-04-17,3.663,2026-09-26
fred:GASREGW,2023-04-24,3.656,2026-09-26
fred:GASREGW,2023-05-01,3.6,2026-09-26
fred:GASREGW,2023-05-08,3.533,2026-09-26
fred:GASREGW,2023-05-15,3.536,2026-09-26
fred:GASREGW,2023-05-22,3.534,2026-09-26
fred:GASREGW,2023-05-29,3.571,2026-09-26
fred:GASREGW,2023-06-05,3.541,2026-09-26
fred:GASREGW,2023-06-12,3.595,2026-09-26
fred:GASREGW,2023-06-19,3.577,2026-09-26
fred:GASREGW,2023-06-26,3.571,2026-09-26
fred:GASREGW,2023-07-03,3.527,2026-09-26
fred:GASREGW,2023-07-10,3.546,2026-09-26
fred:GASREGW,2023-07-17,3.559,2026-09-26
fred:GASREGW,2023-07-24,3.596,2026-09-26
fred:GASREGW,2023-07-31,3.757,2026-09-26
fred:GASREGW,2023-08-07,3.828,2026-09-26
fred:GASREGW,2023-08-14,3.85,2026-09-26
fred:GASREGW,2023-08-21,3.868,2026-09-26
fred:GASREGW,2023-08-28,3.813,2026-09-26
fred:GASREGW,2023-09-04,3.807,2026-09-26
fred:GASREGW,2023-09-11,3.822,2026-09-26
fred:GASREGW,2023-09-18,3.878,2026-09-26
fred:GASREGW,2023-09-25,3.837,2026-09-26
fred:GASREGW,2023-10-02,3.798,2026-09-26
fred:GASREGW,2023-10-09,3.684,2026-09-26
fred:GASREGW,2023-10-16,3.576,2026-09-26
fred:GASREGW,2023-10-23,3.533,2026-09-26
fred:GASREGW,2023-10-30,3.473,2026-09-26
fred:GASREGW,2023-11-06,3.396,2026-09-26
fred:GASREGW,2023-11-13,3.349,2026-09-26
fred:GASREGW,2023-11-20,3.289,2026-09-26
fred:GASREGW,2023-11-27,3.238,2026-09-26
fred:GASREGW,2023-12-04,3.231,2026-09-26
fred:GASREGW,2023-12-11,3.136,2026-09-26
fred:GASREGW,2023-12-18,3.053,2026-09-26
fred:GASREGW,2023-12-25,3.116,2026-09-26
fred:GASREGW,2024-01-01,3.089,2026-09-26
fred:GASREGW,2024-01-08,3.073,2026-09-26
fred:GASREGW,2024-01-15,3.058,2026-09-26
fred:GASREGW,2024-01-22,3.062,2026-09-26
fred:GASREGW,2024-01-29,3.095,2026-09-26
fred:GASREGW,2024-02-05,3.136,2026-09-26
fred:GASREGW,2024-02-12,3.192,2026-09-26
fred:GASREGW,2024-02-19,3.269,2026-09-26
fred:GASREGW,2024-02-26,3.249,2026-09-26
fred:GASREGW,2024-03-04,3.35,2026-09-26
fred:GASREGW,2024-03-11,3.376,2026-09-26
fred:GASREGW,2024-03-18,3.453,2026-09-26
fred:GASREGW,2024-03-25,3.523,2026-09-26
fred:GASREGW,2024-04-01,3.517,2026-09-26
fred:GASREGW,2024-04-08,3.591,2026-09-26
fred:GASREGW,2024-04-15,3.628,2026-09-26
fred:GASREGW,2024-04-22,3.668,2026-09-26
fred:GASREGW,2024-04-29,3.653,2026-09-26
fred:GASREGW,2024-05-06,3.643,2026-09-26
fred:GASREGW,2024-05-13,3.608,2026-09-26
fred:GASREGW,2024-05-20,3.584,2026-09-26
fred:GASREGW,2024-05-27,3.577,2026-09-26
fred:GASREGW,2024-06-03,3.516,2026-09-26
fred:GASREGW,2024-06-10,3.429,2026-09-26
fred:GASREGW,2024-06-17,3.435,2026-09-26
fred:GASREGW,2024-06-24,3.438,2026-09-26
fred:GASREGW,2024-07-01,3.479,2026-09-26
fred:GASREGW,2024-07-08,3.489,2026-09-26
fred:GASREGW,2024-07-15,3.496,2026-09-26
fred:GASREGW,2024-07-22,3.471,2026-09-26
fred:GASREGW,2024-07-29,3.484,2026-09-26
fred:GASREGW,2024-08-05,3.448,2026-09-26
fred:GASREGW,2024-08-12,3.414,2026-09-26
fred:GASREGW,2024-08-19,3.382,2026-09-26
fred:GASREGW,2024-08-26,3.313,2026-09-26
fred:GASREGW,2024-09-02,3.289,2026-09-26
fred:GASREGW,2024-09-09,3.236,2026-09-26
fred:GASREGW,2024-09-16,3.18,2026-09-26
fred:GASREGW,2024-09-23,3.185,2026-09-26
fred:GASREGW,2024-09-30,3.179,2026-09-26
fred:GASREGW,2024-10-07,3.136,2026-09-26
fred:GASREGW,2024-10-14,3.171,2026-09-26
fred:GASREGW,2024-10-21,3.144,2026-09-26
fred:GASREGW,2024-10-28,3.097,2026-09-26
fred:GASREGW,2024-11-04,3.069,2026-09-26
fred:GASREGW,2024-11-11,3.052,2026-09-26
fred:GASREGW,2024-11-18,3.046,2026-09-26
fred:GASREGW,2024-11-25,3.044,2026-09-26
fred:GASREGW,2024-12-02,3.034,2026-09-26
fred:GASREGW,2024-12-09,3.008,2026-09-26
fred:GASREGW,2024-12-16,3.016,2026-09-26
fred:GASREGW,2024-12-23,3.024,2026-09-26
fred:GASREGW,2024-12-30,3.006,2026-09-26
fred:GASREGW,2025-01-06,3.047,2026-09-26
fred:GASREGW,2025-01-13,3.043,2026-09-26
fred:GASREGW,2025-01-20,3.109,2026-09-26
fred:GASREGW,2025-01-27,3.103,2026-09-26
fred:GASREGW,2025-02-03,3.082,2026-09-26
fred:GASREGW,2025-02-10,3.128,2026-09-26
fred:GASREGW,2025-02-17,3.148,2026-09-26
fred:GASREGW,2025-02-24,3.125,2026-09-26
fred:GASREGW,2025-03-03,3.078,2026-09-26
fred:GASREGW,2025-03-10,3.069,2026-09-26
fred:GASREGW,2025-03-17,3.058,2026-09-26
fred:GASREGW,2025-03-24,3.115,2026-09-26
fred:GASREGW,2025-03-31,3.162,2026-09-26
fred:GASREGW,2025-04-07,3.243,2026-09-26
fred:GASREGW,2025-04-14,3.168,2026-09-26
fred:GASREGW,2025-04-21,3.141,2026-09-26
fred:GASREGW,2025-04-28,3.133,2026-09-26
fred:GASREGW,2025-05-05,3.147,2026-09-26
fred:GASREGW,2025-05-12,3.12,2026-09-26
fred:GASREGW,2025-05-19,3.173,2026-09-26
fred:GASREGW,2025-05-26,3.16,2026-09-26
fred:GASREGW,2025-06-02,3.127,2026-09-26
fred:GASREGW,2025-06-09,3.108,2026-09-26
fred:GASREGW,2025-06-16,3.139,2026-09-26
fred:GASREGW,2025-06-23,3.213,2026-09-26
fred:GASREGW,2025-06-30,3.164,2026-09-26
fred:GASREGW,2025-07-07,3.125,2026-09-26
fred:GASREGW,2025-07-14,3.13,2026-09-26
fred:GASREGW,2025-07-21,3.121,2026-09-26
fred:GASREGW,2025-07-28,3.123,2026-09-26
fred:GASREGW,2025-08-04,3.14,2026-09-26
fred:GASREGW,2025-08-11,3.118,2026-09-26
fred:GASREGW,2025-08-18,3.125,2026-09-26
fred:GASREGW,2025-08-25,3.147,2026-09-26
fred:GASREGW,2025-09-01,3.177,2026-09-26
fred:GASREGW,2025-09-08,3.192,2026-09-26
fred:GASREGW,2025-09-15,3.168,2026-09-26
fred:GASREGW,2025-09-22,3.173,2026-09-26
fred:GASREGW,2025-09-29,3.118,2026-09-26
fred:GASREGW,2025-10-06,3.124,2026-09-26
fred:GASREGW,2025-10-13,3.061,2026-09-26
fred:GASREGW,2025-10-20,3.019,2026-09-26
fred:GASREGW,2025-10-27,3.035,2026-09-26
fred:GASREGW,2025-11-03,3.019,2026-09-26
fred:GASREGW,2025-11-10,3.056,2026-09-26
fred:GASREGW,2025-11-17,3.062,2026-09-26
fred:GASREGW,2025-11-24,3.061,2026-09-26
fred:GASREGW,2025-12-01,2.985,2026-09-26
fred:GASREGW,2025-12-08,2.94,2026-09-26
fred:GASREGW,2025-12-15,2.895,2026-09-26
fred:GASREGW,2025-12-22,2.841,2026-09-26
fred:GASREGW,2025-12-29,2.811,2026-09-26
fred:GASREGW,2026-01-05,2.796,2026-09-26
fred:GASREGW,2026-01-12,2.779,2026-09-26
fred:GASREGW,2026-01-19,2.806,2026-09-26
fred:GASREGW,2026-01-26,2.853,2026-09-26
fred:GASREGW,2026-02-02,2.867,2026-09-26
fred:GASREGW,2026-02-09,2.902,2026-09-26
fred:GASREGW,2026-02-16,2.924,2026-09-26
fred:GASREGW,2026-02-23,2.937,2026-09-26
fred:GASREGW,2026-03-02,3.015,2026-09-26
fred:GASREGW,2026-03-09,3.502,2026-09-26
fred:GASREGW,2026-03-16,3.72,2026-09-26
fred:GASREGW,2026-03-23,3.961,2026-09-26
fred:GASREGW,2026-03-30,3.99,2026-09-26
fred:GASREGW,2026-04-06,4.12,2026-09-26
fred:GASREGW,2026-04-13,4.123,2026-09-26
fred:GASREGW,2026-04-20,4.044,2026-09-26
fred:GASREGW,2026-04-27,4.123,2026-09-26
fred:GASREGW,2026-05-04,4.452,2026-09-26
fred:GASREGW,2026-05-11,4.5,2026-09-26
fred:GASREGW,2026-05-18,4.49,2026-09-26
fred:GASREGW,2026-05-25,4.475,2026-09-26
fred:GASREGW,2026-06-01,4.305,2026-09-26
fred:GASREGW,2026-06-08,4.146,2026-09-26
fred:GASREGW,2026-06-15,4.052,2026-09-26
fred:GASREGW,2026-06-22,3.914,2026-09-26
fred:GASREGW,2026-06-29,3.831,2026-09-26
fred:GASREGW,2026-07-06,3.777,2026-09-26
fred:GASREGW,2026-07-13,3.855,2026-09-26
fred:GASREGW,2026-07-20,4.001,2026-09-26
fred:GASREGW,2026-07-27,4.096,2026-09-26
fred:GASREGW,2026-08-03,4.079,2026-09-26
fred:GASREGW,2026-08-10,4.006,2026-09-26
fred:GASREGW,2026-08-17,4.049,2026-09-26
fred:GASREGW,2026-08-24,4.085,2026-09-26
fred:GASREGW,2026-08-31,4.071,2026-09-26
fred:GASREGW,2026-09-07,4.157,2026-09-26
fred:GASREGW,2026-09-14,4.319,2026-09-26
fred:GASREGW,2026-09-21,4.478,2026-09-26
fred:TXUR,2018-01-01,4.1,2026-09-26
fred:TXUR,2018-02-01,4.1,2026-09-26
fred:TXUR,2018-03-01,4.0,2026-09-26
fred:TXUR,2018-04-01,4.0,2026-09-26
fred:TXUR,2018-05-01,4.0,2026-09-26
fred:TXUR,2018-06-01,3.9,2026-09-26
fred:TXUR,2018-07-01,3.9,2026-09-26
fred:TXUR,2018-08-01,3.8,2026-09-26
fred:TXUR,2018-09-01,3.8,2026-09-26
fred:TXUR,2018-10-01,3.8,2026-09-26
fred:TXUR,2018-11-01,3.8,2026-09-26
fred:TXUR,2018-12-01,3.8,2026-09-26
fred:TXUR,2019-01-01,3.7,2026-09-26
fred:TXUR,2019-02-01,3.7,2026-09-26
fred:TXUR,2019-03-01,3.6,2026-09-26
fred:TXUR,2019-04-01,3.5,2026-09-26
fred:TXUR,2019-05-01,3.4,2026-09-26
fred:TXUR,2019-06-01,3.4,2026-09-26
fred:TXUR,2019-07-01,3.5,2026-09-26
fred:TXUR,2019-08-01,3.5,2026-09-26
fred:TXUR,2019-09-01,3.5,2026-09-26
fred:TXUR,2019-10-01,3.5,2026-09-26
fred:TXUR,2019-11-01,3.5,2026-09-26
fred:TXUR,2019-12-01,3.5,2026-09-26
fred:TXUR,2020-01-01,3.5,2026-09-26
fred:TXUR,2020-02-01,3.6,2026-09-26
fred:TXUR,2020-03-01,5.0,2026-09-26
fred:TXUR,2020-04-01,12.8,2026-09-26
fred:TXUR,2020-05-01,11.7,2026-09-26
fred:TXUR,2020-06-01,10.1,2026-09-26
fred:TXUR,2020-07-01,9.3,2026-09-26
fred:TXUR,2020-08-01,8.0,2026-09-26
fred:TXUR,2020-09-01,7.7,2026-09-26
fred:TXUR,2020-10-01,7.1,2026-09-26
fred:TXUR,2020-11-01,7.0,2026-09-26
fred:TXUR,2020-12-01,6.9,2026-09-26
fred:TXUR,2021-01-01,6.8,2026-09-26
fred:TXUR,2021-02-01,6.6,2026-09-26
fred:TXUR,2021-03-01,6.4,2026-09-26
fred:TXUR,2021-04-01,6.2,2026-09-26
fred:TXUR,2021-05-01,6.0,2026-09-26
fred:TXUR,2021-06-01,5.8,2026-09-26
fred:TXUR,2021-07-01,5.6,2026-09-26
fred:TXUR,2021-08-01,5.3,2026-09-26
fred:TXUR,2021-09-01,5.0,2026-09-26
fred:TXUR,2021-10-01,4.8,2026-09-26
fred:TXUR,2021-11-01,4.6,2026-09-26
fred:TXUR,2021-12-01,4.5,2026-09-26
fred:TXUR,2022-01-01,4.3,2026-09-26
fred:TXUR,2022-02-01,4.1,2026-09-26
fred:TXUR,2022-03-01,4.0,2026-09-26
fred:TXUR,2022-04-01,3.9,2026-09-26
fred:TXUR,2022-05-01,3.8,2026-09-26
fred:TXUR,2022-06-01,3.8,2026-09-26
fred:TXUR,2022-07-01,3.8,2026-09-26
fred:TXUR,2022-08-01,3.7,2026-09-26
fred:TXUR,2022-09-01,3.8,2026-09-26
fred:TXUR,2022-10-01,3.9,2026-09-26
fred:TXUR,2022-11-01,4.0,2026-09-26
fred:TXUR,2022-12-01,4.1,2026-09-26
fred:TXUR,2023-01-01,4.1,2026-09-26
fred:TXUR,2023-02-01,4.1,2026-09-26
fred:TXUR,2023-03-01,4.1,2026-09-26
fred:TXUR,2023-04-01,4.0,2026-09-26
fred:TXUR,2023-05-01,4.0,2026-09-26
fred:TXUR,2023-06-01,4.0,2026-09-26
fred:TXUR,2023-07-01,4.0,2026-09-26
fred:TXUR,2023-08-01,4.0,2026-09-26
fred:TXUR,2023-09-01,4.0,2026-09-26
fred:TXUR,2023-10-01,4.0,2026-09-26
fred:TXUR,2023-11-01,4.0,2026-09-26
fred:TXUR,2023-12-01,4.0,2026-09-26
fred:TXUR,2024-01-01,4.0,2026-09-26
fred:TXUR,2024-02-01,4.0,2026-09-26
fred:TXUR,2024-03-01,4.0,2026-09-26
fred:TXUR,2024-04-01,4.1,2026-09-26
fred:TXUR,2024-05-01,4.1,2026-09-26
fred:TXUR,2024-06-01,4.1,2026-09-26
fred:TXUR,2024-07-01,4.2,2026-09-26
fred:TXUR,2024-08-01,4.2,2026-09-26
fred:TXUR,2024-09-01,4.2,2026-09-26
fred:TXUR,2024-10-01,4.2,2026-09-26
fred:TXUR,2024-11-01,4.2,2026-09-26
fred:TXUR,2024-12-01,4.1,2026-09-26
fred:TXUR,2025-01-01,4.1,2026-09-26
fred:TXUR,2025-02-01,4.1,2026-09-26
fred:TXUR,2025-03-01,4.1,2026-09-26
fred:TXUR,2025-04-01,4.1,2026-09-26
fred:TXUR,2025-05-01,4.1,2026-09-26
fred:TXUR,2025-06-01,4.1,2026-09-26
fred:TXUR,2025-07-01,4.2,2026-09-26
fred:TXUR,2025-08-01,4.2,2026-09-26
fred:TXUR,2025-09-01,4.3,2026-09-26
fred:TXUR,2025-11-01,4.3,2026-09-26
fred:TXUR,2025-12-01,4.3,2026-09-26
fred:TXUR,2026-01-01,4.3,2026-09-26
fred:TXUR,2026-02-01,4.3,2026-09-26
fred:TXUR,2026-03-01,4.3,2026-09-26
fred:TXUR,2026-04-01,4.3,2026-09-26
fred:TXUR,2026-05-01,4.3,2026-09-26
fred:TXUR,2026-06-01,4.4,2026-09-26
fred:TXUR,2026-07-01,4.5,2026-09-26
fred:TXUR,2026-08-01,4.4,2026-09-26
fred:UMCSENT,2018-01-01,95.7,2026-09-26
fred:UMCSENT,2018-02-01,99.7,2026-09-26
fred:UMCSENT,2018-03-01,101.4,2026-09-26
fred:UMCSENT,2018-04-01,98.8,2026-09-26
fred:UMCSENT,2018-05-01,98,2026-09-26
fred:UMCSENT,2018-06-01,98.2,2026-09-26
fred:UMCSENT,2018-07-01,97.9,2026-09-26
fred:UMCSENT,2018-08-01,96.2,2026-09-26
fred:UMCSENT,2018-09-01,100.1,2026-09-26
fred:UMCSENT,2018-10-01,98.6,2026-09-26
fred:UMCSENT,2018-11-01,97.5,2026-09-26
fred:UMCSENT,2018-12-01,98.3,2026-09-26
fred:UMCSENT,2019-01-01,91.2,2026-09-26
fred:UMCSENT,2019-02-01,93.8,2026-09-26
fred:UMCSENT,2019-03-01,98.4,2026-09-26
fred:UMCSENT,2019-04-01,97.2,2026-09-26
fred:UMCSENT,2019-05-01,100,2026-09-26
fred:UMCSENT,2019-06-01,98.2,2026-09-26
fred:UMCSENT,2019-07-01,98.4,2026-09-26
fred:UMCSENT,2019-08-01,89.8,2026-09-26
fred:UMCSENT,2019-09-01,93.2,2026-09-26
fred:UMCSENT,2019-10-01,95.5,2026-09-26
fred:UMCSENT,2019-11-01,96.8,2026-09-26
fred:UMCSENT,2019-12-01,99.3,2026-09-26
fred:UMCSENT,2020-01-01,99.8,2026-09-26
fred:UMCSENT,2020-02-01,101,2026-09-26
fred:UMCSENT,2020-03-01,89.1,2026-09-26
fred:UMCSENT,2020-04-01,71.8,2026-09-26
fred:UMCSENT,2020-05-01,72.3,2026-09-26
fred:UMCSENT,2020-06-01,78.1,2026-09-26
fred:UMCSENT,2020-07-01,72.5,2026-09-26
fred:UMCSENT,2020-08-01,74.1,2026-09-26
fred:UMCSENT,2020-09-01,80.4,2026-09-26
fred:UMCSENT,2020-10-01,81.8,2026-09-26
fred:UMCSENT,2020-11-01,76.9,2026-09-26
fred:UMCSENT,2020-12-01,80.7,2026-09-26
fred:UMCSENT,2021-01-01,79,2026-09-26
fred:UMCSENT,2021-02-01,76.8,2026-09-26
fred:UMCSENT,2021-03-01,84.9,2026-09-26
fred:UMCSENT,2021-04-01,88.3,2026-09-26
fred:UMCSENT,2021-05-01,82.9,2026-09-26
fred:UMCSENT,2021-06-01,85.5,2026-09-26
fred:UMCSENT,2021-07-01,81.2,2026-09-26
fred:UMCSENT,2021-08-01,70.3,2026-09-26
fred:UMCSENT,2021-09-01,72.8,2026-09-26
fred:UMCSENT,2021-10-01,71.7,2026-09-26
fred:UMCSENT,2021-11-01,67.4,2026-09-26
fred:UMCSENT,2021-12-01,70.6,2026-09-26
fred:UMCSENT,2022-01-01,67.2,2026-09-26
fred:UMCSENT,2022-02-01,62.8,2026-09-26
fred:UMCSENT,2022-03-01,59.4,2026-09-26
fred:UMCSENT,2022-04-01,65.2,2026-09-26
fred:UMCSENT,2022-05-01,58.4,2026-09-26
fred:UMCSENT,2022-06-01,50,2026-09-26
fred:UMCSENT,2022-07-01,51.5,2026-09-26
fred:UMCSENT,2022-08-01,58.2,2026-09-26
fred:UMCSENT,2022-09-01,58.6,2026-09-26
fred:UMCSENT,2022-10-01,59.9,2026-09-26
fred:UMCSENT,2022-11-01,56.7,2026-09-26
fred:UMCSENT,2022-12-01,59.8,2026-09-26
fred:UMCSENT,2023-01-01,64.9,2026-09-26
fred:UMCSENT,2023-02-01,66.9,2026-09-26
fred:UMCSENT,2023-03-01,62,2026-09-26
fred:UMCSENT,2023-04-01,63.7,2026-09-26
fred:UMCSENT,2023-05-01,59,2026-09-26
fred:UMCSENT,2023-06-01,64.2,2026-09-26
fred:UMCSENT,2023-07-01,71.5,2026-09-26
fred:UMCSENT,2023-08-01,69.4,2026-09-26
fred:UMCSENT,2023-09-01,67.8,2026-09-26
fred:UMCSENT,2023-10-01,63.8,2026-09-26
fred:UMCSENT,2023-11-01,61.3,2026-09-26
fred:UMCSENT,2023-12-01,69.7,2026-09-26
fred:UMCSENT,2024-01-01,79,2026-09-26
fred:UMCSENT,2024-02-01,76.9,2026-09-26
fred:UMCSENT,2024-03-01,79.4,2026-09-26
fred:UMCSENT,2024-04-01,77.2,2026-09-26
fred:UMCSENT,2024-05-01,69.1,2026-09-26
fred:UMCSENT,2024-06-01,68.2,2026-09-26
fred:UMCSENT,2024-07-01,66.4,2026-09-26
fred:UMCSENT,2024-08-01,67.9,2026-09-26
fred:UMCSENT,2024-09-01,70.1,2026-09-26
fred:UMCSENT,2024-10-01,70.5,2026-09-26
fred:UMCSENT,2024-11-01,71.8,2026-09-26
fred:UMCSENT,2024-12-01,74,2026-09-26
fred:UMCSENT,2025-01-01,71.7,2026-09-26
fred:UMCSENT,2025-02-01,64.7,2026-09-26
fred:UMCSENT,2025-03-01,57,2026-09-26
fred:UMCSENT,2025-04-01,52.2,2026-09-26
fred:UMCSENT,2025-05-01,52.2,2026-09-26
fred:UMCSENT,2025-06-01,60.7,2026-09-26
fred:UMCSENT,2025-07-01,61.7,2026-09-26
fred:UMCSENT,2025-08-01,58.2,2026-09-26
fred:UMCSENT,2025-09-01,55.1,2026-09-26
fred:UMCSENT,2025-10-01,53.6,2026-09-26
fred:UMCSENT,2025-11-01,51,2026-09-26
fred:UMCSENT,2025-12-01,52.9,2026-09-26
fred:UMCSENT,2026-01-01,56.4,2026-09-26
fred:UMCSENT,2026-02-01,56.6,2026-09-26
fred:UMCSENT,2026-03-01,53.3,2026-09-26
fred:UMCSENT,2026-04-01,49.8,2026-09-26
fred:UMCSENT,2026-05-01,44.8,2026-09-26
fred:UMCSENT,2026-06-01,49.5,2026-09-26
fred:UMCSENT,2026-07-01,55.2,2026-09-26
fred:UMCSENT,2026-08-01,51.7,2026-09-26
tssos:bact,2007-01-01,19.9,2026-09-26
tssos:bact,2007-02-01,22.4,2026-09-26
tssos:bact,2007-03-01,16.3,2026-09-26
tssos:bact,2007-04-01,9.8,2026-09-26
tssos:bact,2007-05-01,14.0,2026-09-26
tssos:bact,2007-06-01,6.6,2026-09-26
tssos:bact,2007-07-01,4.7,2026-09-26
tssos:bact,2007-08-01,9.4,2026-09-26
tssos:bact,2007-09-01,8.1,2026-09-26
tssos:bact,2007-10-01,6.0,2026-09-26
tssos:bact,2007-11-01,-0.5,2026-09-26
tssos:bact,2007-12-01,-5.1,2026-09-26
tssos:bact,2008-01-01,-18.8,2026-09-26
tssos:bact,2008-02-01,-13.0,2026-09-26
tssos:bact,2008-03-01,-26.4,2026-09-26
tssos:bact,2008-04-01,-19.3,2026-09-26
tssos:bact,2008-05-01,-10.6,2026-09-26
tssos:bact,2008-06-01,-16.8,2026-09-26
tssos:bact,2008-07-01,-18.5,2026-09-26
tssos:bact,2008-08-01,-13.0,2026-09-26
tssos:bact,2008-09-01,-32.8,2026-09-26
tssos:bact,2008-10-01,-42.3,2026-09-26
tssos:bact,2008-11-01,-48.1,2026-09-26
tssos:bact,2008-12-01,-48.3,2026-09-26
tssos:bact,2009-01-01,-42.5,2026-09-26
tssos:bact,2009-02-01,-46.9,2026-09-26
tssos:bact,2009-03-01,-32.0,2026-09-26
tssos:bact,2009-04-01,-9.0,2026-09-26
tssos:bact,2009-05-01,-8.0,2026-09-26
tssos:bact,2009-06-01,-11.5,2026-09-26
tssos:bact,2009-07-01,-15.1,2026-09-26
tssos:bact,2009-08-01,-1.5,2026-09-26
tssos:bact,2009-09-01,-6.6,2026-09-26
tssos:bact,2009-10-01,-0.8,2026-09-26
tssos:bact,2009-11-01,-3.7,2026-09-26
tssos:bact,2009-12-01,2.8,2026-09-26
tssos:bact,2010-01-01,2.3,2026-09-26
tssos:bact,2010-02-01,-0.9,2026-09-26
tssos:bact,2010-03-01,13.7,2026-09-26
tssos:bact,2010-04-01,19.7,2026-09-26
tssos:bact,2010-05-01,19.9,2026-09-26
tssos:bact,2010-06-01,12.8,2026-09-26
tssos:bact,2010-07-01,-2.7,2026-09-26
tssos:bact,2010-08-01,0.6,2026-09-26
tssos:bact,2010-09-01,7.8,2026-09-26
tssos:bact,2010-10-01,11.4,2026-09-26
tssos:bact,2010-11-01,13.5,2026-09-26
tssos:bact,2010-12-01,17.0,2026-09-26
tssos:bact,2011-01-01,17.8,2026-09-26
tssos:bact,2011-02-01,14.3,2026-09-26
tssos:bact,2011-03-01,17.1,2026-09-26
tssos:bact,2011-04-01,10.5,2026-09-26
tssos:bact,2011-05-01,4.8,2026-09-26
tssos:bact,2011-06-01,-9.8,2026-09-26
tssos:bact,2011-07-01,-2.9,2026-09-26
tssos:bact,2011-08-01,-19.7,2026-09-26
tssos:bact,2011-09-01,-13.0,2026-09-26
tssos:bact,2011-10-01,-4.8,2026-09-26
tssos:bact,2011-11-01,6.6,2026-09-26
tssos:bact,2011-12-01,6.9,2026-09-26
tssos:bact,2012-01-01,18.4,2026-09-26
tssos:bact,2012-02-01,24.2,2026-09-26
tssos:bact,2012-03-01,18.9,2026-09-26
tssos:bact,2012-04-01,12.7,2026-09-26
tssos:bact,2012-05-01,7.7,2026-09-26
tssos:bact,2012-06-01,4.8,2026-09-26
tssos:bact,2012-07-01,1.3,2026-09-26
tssos:bact,2012-08-01,4.5,2026-09-26
tssos:bact,2012-09-01,4.6,2026-09-26
tssos:bact,2012-10-01,6.4,2026-09-26
tssos:bact,2012-11-01,2.8,2026-09-26
tssos:bact,2012-12-01,8.8,2026-09-26
tssos:bact,2013-01-01,6.4,2026-09-26
tssos:bact,2013-02-01,6.3,2026-09-26
tssos:bact,2013-03-01,13.1,2026-09-26
tssos:bact,2013-04-01,6.5,2026-09-26
tssos:bact,2013-05-01,8.6,2026-09-26
tssos:bact,2013-06-01,14.0,2026-09-26
tssos:bact,2013-07-01,13.8,2026-09-26
tssos:bact,2013-08-01,16.4,2026-09-26
tssos:bact,2013-09-01,11.3,2026-09-26
tssos:bact,2013-10-01,5.0,2026-09-26
tssos:bact,2013-11-01,8.0,2026-09-26
tssos:bact,2013-12-01,12.0,2026-09-26
tssos:bact,2014-01-01,18.4,2026-09-26
tssos:bact,2014-02-01,7.0,2026-09-26
tssos:bact,2014-03-01,13.6,2026-09-26
tssos:bact,2014-04-01,14.4,2026-09-26
tssos:bact,2014-05-01,14.8,2026-09-26
tssos:bact,2014-06-01,23.6,2026-09-26
tssos:bact,2014-07-01,22.1,2026-09-26
tssos:bact,2014-08-01,22.6,2026-09-26
tssos:bact,2014-09-01,25.8,2026-09-26
tssos:bact,2014-10-01,17.0,2026-09-26
tssos:bact,2014-11-01,14.7,2026-09-26
tssos:bact,2014-12-01,11.1,2026-09-26
tssos:bact,2015-01-01,-3.9,2026-09-26
tssos:bact,2015-02-01,0.5,2026-09-26
tssos:bact,2015-03-01,-3.4,2026-09-26
tssos:bact,2015-04-01,0.4,2026-09-26
tssos:bact,2015-05-01,3.8,2026-09-26
tssos:bact,2015-06-01,5.3,2026-09-26
tssos:bact,2015-07-01,7.7,2026-09-26
tssos:bact,2015-08-01,1.2,2026-09-26
tssos:bact,2015-09-01,0.8,2026-09-26
tssos:bact,2015-10-01,3.8,2026-09-26
tssos:bact,2015-11-01,0.7,2026-09-26
tssos:bact,2015-12-01,1.6,2026-09-26
tssos:bact,2016-01-01,-11.5,2026-09-26
tssos:bact,2016-02-01,-21.8,2026-09-26
tssos:bact,2016-03-01,-2.6,2026-09-26
tssos:bact,2016-04-01,-2.7,2026-09-26
tssos:bact,2016-05-01,-5.3,2026-09-26
tssos:bact,2016-06-01,-7.5,2026-09-26
tssos:bact,2016-07-01,-1.7,2026-09-26
tssos:bact,2016-08-01,-6.7,2026-09-26
tssos:bact,2016-09-01,2.6,2026-09-26
tssos:bact,2016-10-01,2.2,2026-09-26
tssos:bact,2016-11-01,11.5,2026-09-26
tssos:bact,2016-12-01,19.3,2026-09-26
tssos:bact,2017-01-01,21.4,2026-09-26
tssos:bact,2017-02-01,13.4,2026-09-26
tssos:bact,2017-03-01,15.4,2026-09-26
tssos:bact,2017-04-01,10.4,2026-09-26
tssos:bact,2017-05-01,9.6,2026-09-26
tssos:bact,2017-06-01,10.2,2026-09-26
tssos:bact,2017-07-01,9.4,2026-09-26
tssos:bact,2017-08-01,14.3,2026-09-26
tssos:bact,2017-09-01,10.4,2026-09-26
tssos:bact,2017-10-01,20.5,2026-09-26
tssos:bact,2017-11-01,21.1,2026-09-26
tssos:bact,2017-12-01,20.5,2026-09-26
tssos:bact,2018-01-01,25.2,2026-09-26
tssos:bact,2018-02-01,18.4,2026-09-26
tssos:bact,2018-03-01,14.8,2026-09-26
tssos:bact,2018-04-01,15.2,2026-09-26
tssos:bact,2018-05-01,19.8,2026-09-26
tssos:bact,2018-06-01,22.5,2026-09-26
tssos:bact,2018-07-01,20.7,2026-09-26
tssos:bact,2018-08-01,21.4,2026-09-26
tssos:bact,2018-09-01,24.7,2026-09-26
tssos:bact,2018-10-01,15.6,2026-09-26
tssos:bact,2018-11-01,11.3,2026-09-26
tssos:bact,2018-12-01,-4.7,2026-09-26
tssos:bact,2019-01-01,-4.7,2026-09-26
tssos:bact,2019-02-01,0.6,2026-09-26
tssos:bact,2019-03-01,-3.7,2026-09-26
tssos:bact,2019-04-01,6.3,2026-09-26
tssos:bact,2019-05-01,0.4,2026-09-26
tssos:bact,2019-06-01,3.5,2026-09-26
tssos:bact,2019-07-01,3.7,2026-09-26
tssos:bact,2019-08-01,-1.0,2026-09-26
tssos:bact,2019-09-01,4.8,2026-09-26
tssos:bact,2019-10-01,2.5,2026-09-26
tssos:bact,2019-11-01,4.9,2026-09-26
tssos:bact,2019-12-01,15.6,2026-09-26
tssos:bact,2020-01-01,13.3,2026-09-26
tssos:bact,2020-02-01,6.9,2026-09-26
tssos:bact,2020-03-01,-80.3,2026-09-26
tssos:bact,2020-04-01,-82.4,2026-09-26
tssos:bact,2020-05-01,-39.9,2026-09-26
tssos:bact,2020-06-01,4.0,2026-09-26
tssos:bact,2020-07-01,-25.5,2026-09-26
tssos:bact,2020-08-01,6.6,2026-09-26
tssos:bact,2020-09-01,13.4,2026-09-26
tssos:bact,2020-10-01,16.7,2026-09-26
tssos:bact,2020-11-01,-0.1,2026-09-26
tssos:bact,2020-12-01,-1.3,2026-09-26
tssos:bact,2021-01-01,-0.8,2026-09-26
tssos:bact,2021-02-01,4.0,2026-09-26
tssos:bact,2021-03-01,30.9,2026-09-26
tssos:bact,2021-04-01,37.0,2026-09-26
tssos:bact,2021-05-01,42.9,2026-09-26
tssos:bact,2021-06-01,39.0,2026-09-26
tssos:bact,2021-07-01,34.5,2026-09-26
tssos:bact,2021-08-01,6.9,2026-09-26
tssos:bact,2021-09-01,9.9,2026-09-26
tssos:bact,2021-10-01,22.5,2026-09-26
tssos:bact,2021-11-01,23.5,2026-09-26
tssos:bact,2021-12-01,14.4,2026-09-26
tssos:bact,2022-01-01,-0.9,2026-09-26
tssos:bact,2022-02-01,13.9,2026-09-26
tssos:bact,2022-03-01,10.6,2026-09-26
tssos:bact,2022-04-01,8.1,2026-09-26
tssos:bact,2022-05-01,1.7,2026-09-26
tssos:bact,2022-06-01,-12.7,2026-09-26
tssos:bact,2022-07-01,-12.4,2026-09-26
tssos:bact,2022-08-01,-6.9,2026-09-26
tssos:bact,2022-09-01,-5.6,2026-09-26
tssos:bact,2022-10-01,-13.9,2026-09-26
tssos:bact,2022-11-01,-12.2,2026-09-26
tssos:bact,2022-12-01,-21.2,2026-09-26
tssos:bact,2023-01-01,-15.7,2026-09-26
tssos:bact,2023-02-01,-11.2,2026-09-26
tssos:bact,2023-03-01,-17.3,2026-09-26
tssos:bact,2023-04-01,-13.1,2026-09-26
tssos:bact,2023-05-01,-15.8,2026-09-26
tssos:bact,2023-06-01,-7.5,2026-09-26
tssos:bact,2023-07-01,-4.0,2026-09-26
tssos:bact,2023-08-01,-2.7,2026-09-26
tssos:bact,2023-09-01,-8.3,2026-09-26
tssos:bact,2023-10-01,-18.5,2026-09-26
tssos:bact,2023-11-01,-12.7,2026-09-26
tssos:bact,2023-12-01,-9.7,2026-09-26
tssos:bact,2024-01-01,-10.2,2026-09-26
tssos:bact,2024-02-01,-5.3,2026-09-26
tssos:bact,2024-03-01,-4.5,2026-09-26
tssos:bact,2024-04-01,-9.5,2026-09-26
tssos:bact,2024-05-01,-11.0,2026-09-26
tssos:bact,2024-06-01,-3.2,2026-09-26
tssos:bact,2024-07-01,0.4,2026-09-26
tssos:bact,2024-08-01,-7.2,2026-09-26
tssos:bact,2024-09-01,-1.4,2026-09-26
tssos:bact,2024-10-01,3.8,2026-09-26
tssos:bact,2024-11-01,11.0,2026-09-26
tssos:bact,2024-12-01,10.7,2026-09-26
tssos:bact,2025-01-01,6.0,2026-09-26
tssos:bact,2025-02-01,2.8,2026-09-26
tssos:bact,2025-03-01,-13.0,2026-09-26
tssos:bact,2025-04-01,-21.2,2026-09-26
tssos:bact,2025-05-01,-11.8,2026-09-26
tssos:bact,2025-06-01,-6.3,2026-09-26
tssos:bact,2025-07-01,0.0,2026-09-26
tssos:bact,2025-08-01,5.1,2026-09-26
tssos:bact,2025-09-01,-7.4,2026-09-26
tssos:bact,2025-10-01,-11.1,2026-09-26
tssos:bact,2025-11-01,-4.1,2026-09-26
tssos:bact,2025-12-01,-5.0,2026-09-26
tssos:bact,2026-01-01,2.7,2026-09-26
tssos:bact,2026-02-01,-3.2,2026-09-26
tssos:bact,2026-03-01,-13.3,2026-09-26
tssos:bact,2026-04-01,-9.9,2026-09-26
tssos:bact,2026-05-01,-7.7,2026-09-26
tssos:bact,2026-06-01,2.9,2026-09-26
tssos:bact,2026-07-01,6.6,2026-09-26
tssos:bact,2026-08-01,4.2,2026-09-26
tssos:emp,2007-01-01,21.8,2026-09-26
tssos:emp,2007-02-01,8.8,2026-09-26
tssos:emp,2007-03-01,14.5,2026-09-26
tssos:emp,2007-04-01,17.4,2026-09-26
tssos:emp,2007-05-01,17.9,2026-09-26
tssos:emp,2007-06-01,19.8,2026-09-26
tssos:emp,2007-07-01,14.1,2026-09-26
tssos:emp,2007-08-01,18.1,2026-09-26
tssos:emp,2007-09-01,20.6,2026-09-26
tssos:emp,2007-10-01,15.0,2026-09-26
tssos:emp,2007-11-01,13.8,2026-09-26
tssos:emp,2007-12-01,12.7,2026-09-26
tssos:emp,2008-01-01,10.0,2026-09-26
tssos:emp,2008-02-01,9.0,2026-09-26
tssos:emp,2008-03-01,3.8,2026-09-26
tssos:emp,2008-04-01,0.3,2026-09-26
tssos:emp,2008-05-01,5.1,2026-09-26
tssos:emp,2008-06-01,4.4,2026-09-26
tssos:emp,2008-07-01,2.5,2026-09-26
tssos:emp,2008-08-01,-0.8,2026-09-26
tssos:emp,2008-09-01,-1.6,2026-09-26
tssos:emp,2008-10-01,-9.3,2026-09-26
tssos:emp,2008-11-01,-17.1,2026-09-26
tssos:emp,2008-12-01,-13.7,2026-09-26
tssos:emp,2009-01-01,-18.7,2026-09-26
tssos:emp,2009-02-01,-13.0,2026-09-26
tssos:emp,2009-03-01,-20.2,2026-09-26
tssos:emp,2009-04-01,-13.9,2026-09-26
tssos:emp,2009-05-01,-9.3,2026-09-26
tssos:emp,2009-06-01,-9.5,2026-09-26
tssos:emp,2009-07-01,-8.9,2026-09-26
tssos:emp,2009-08-01,-6.8,2026-09-26
tssos:emp,2009-09-01,-2.3,2026-09-26
tssos:emp,2009-10-01,-0.6,2026-09-26
tssos:emp,2009-11-01,-3.7,2026-09-26
tssos:emp,2009-12-01,0.6,2026-09-26
tssos:emp,2010-01-01,1.5,2026-09-26
tssos:emp,2010-02-01,-5.2,2026-09-26
tssos:emp,2010-03-01,2.6,2026-09-26
tssos:emp,2010-04-01,4.5,2026-09-26
tssos:emp,2010-05-01,6.4,2026-09-26
tssos:emp,2010-06-01,9.7,2026-09-26
tssos:emp,2010-07-01,7.8,2026-09-26
tssos:emp,2010-08-01,9.9,2026-09-26
tssos:emp,2010-09-01,4.1,2026-09-26
tssos:emp,2010-10-01,6.4,2026-09-26
tssos:emp,2010-11-01,9.7,2026-09-26
tssos:emp,2010-12-01,5.7,2026-09-26
tssos:emp,2011-01-01,8.0,2026-09-26
tssos:emp,2011-02-01,6.2,2026-09-26
tssos:emp,2011-03-01,12.9,2026-09-26
tssos:emp,2011-04-01,5.3,2026-09-26
tssos:emp,2011-05-01,3.2,2026-09-26
tssos:emp,2011-06-01,4.4,2026-09-26
tssos:emp,2011-07-01,3.9,2026-09-26
tssos:emp,2011-08-01,2.9,2026-09-26
tssos:emp,2011-09-01,6.2,2026-09-26
tssos:emp,2011-10-01,5.0,2026-09-26
tssos:emp,2011-11-01,4.3,2026-09-26
tssos:emp,2011-12-01,6.9,2026-09-26
tssos:emp,2012-01-01,12.8,2026-09-26
tssos:emp,2012-02-01,13.5,2026-09-26
tssos:emp,2012-03-01,7.6,2026-09-26
tssos:emp,2012-04-01,9.6,2026-09-26
tssos:emp,2012-05-01,11.5,2026-09-26
tssos:emp,2012-06-01,8.2,2026-09-26
tssos:emp,2012-07-01,7.9,2026-09-26
tssos:emp,2012-08-01,4.9,2026-09-26
tssos:emp,2012-09-01,10.6,2026-09-26
tssos:emp,2012-10-01,7.6,2026-09-26
tssos:emp,2012-11-01,6.9,2026-09-26
tssos:emp,2012-12-01,8.0,2026-09-26
tssos:emp,2013-01-01,6.7,2026-09-26
tssos:emp,2013-02-01,12.7,2026-09-26
tssos:emp,2013-03-01,8.9,2026-09-26
tssos:emp,2013-04-01,8.5,2026-09-26
tssos:emp,2013-05-01,7.3,2026-09-26
tssos:emp,2013-06-01,4.2,2026-09-26
tssos:emp,2013-07-01,9.9,2026-09-26
tssos:emp,2013-08-01,7.7,2026-09-26
tssos:emp,2013-09-01,4.6,2026-09-26
tssos:emp,2013-10-01,6.1,2026-09-26
tssos:emp,2013-11-01,2.7,2026-09-26
tssos:emp,2013-12-01,8.2,2026-09-26
tssos:emp,2014-01-01,12.0,2026-09-26
tssos:emp,2014-02-01,10.1,2026-09-26
tssos:emp,2014-03-01,12.2,2026-09-26
tssos:emp,2014-04-01,16.1,2026-09-26
tssos:emp,2014-05-01,14.2,2026-09-26
tssos:emp,2014-06-01,16.7,2026-09-26
tssos:emp,2014-07-01,4.1,2026-09-26
tssos:emp,2014-08-01,12.5,2026-09-26
tssos:emp,2014-09-01,12.4,2026-09-26
tssos:emp,2014-10-01,12.2,2026-09-26
tssos:emp,2014-11-01,14.0,2026-09-26
tssos:emp,2014-12-01,12.9,2026-09-26
tssos:emp,2015-01-01,5.7,2026-09-26
tssos:emp,2015-02-01,11.2,2026-09-26
tssos:emp,2015-03-01,4.0,2026-09-26
tssos:emp,2015-04-01,6.9,2026-09-26
tssos:emp,2015-05-01,8.6,2026-09-26
tssos:emp,2015-06-01,4.9,2026-09-26
tssos:emp,2015-07-01,9.0,2026-09-26
tssos:emp,2015-08-01,4.4,2026-09-26
tssos:emp,2015-09-01,1.5,2026-09-26
tssos:emp,2015-10-01,6.3,2026-09-26
tssos:emp,2015-11-01,9.1,2026-09-26
tssos:emp,2015-12-01,10.4,2026-09-26
tssos:emp,2016-01-01,10.4,2026-09-26
tssos:emp,2016-02-01,-0.1,2026-09-26
tssos:emp,2016-03-01,0.7,2026-09-26
tssos:emp,2016-04-01,5.9,2026-09-26
tssos:emp,2016-05-01,4.6,2026-09-26
tssos:emp,2016-06-01,1.4,2026-09-26
tssos:emp,2016-07-01,3.3,2026-09-26
tssos:emp,2016-08-01,5.2,2026-09-26
tssos:emp,2016-09-01,4.1,2026-09-26
tssos:emp,2016-10-01,1.9,2026-09-26
tssos:emp,2016-11-01,8.3,2026-09-26
tssos:emp,2016-12-01,6.4,2026-09-26
tssos:emp,2017-01-01,5.3,2026-09-26
tssos:emp,2017-02-01,5.7,2026-09-26
tssos:emp,2017-03-01,8.9,2026-09-26
tssos:emp,2017-04-01,4.5,2026-09-26
tssos:emp,2017-05-01,8.3,2026-09-26
tssos:emp,2017-06-01,11.9,2026-09-26
tssos:emp,2017-07-01,7.1,2026-09-26
tssos:emp,2017-08-01,3.8,2026-09-26
tssos:emp,2017-09-01,3.4,2026-09-26
tssos:emp,2017-10-01,8.5,2026-09-26
tssos:emp,2017-11-01,10.0,2026-09-26
tssos:emp,2017-12-01,15.7,2026-09-26
tssos:emp,2018-01-01,7.3,2026-09-26
tssos:emp,2018-02-01,12.4,2026-09-26
tssos:emp,2018-03-01,16.0,2026-09-26
tssos:emp,2018-04-01,16.4,2026-09-26
tssos:emp,2018-05-01,17.8,2026-09-26
tssos:emp,2018-06-01,14.4,2026-09-26
tssos:emp,2018-07-01,12.1,2026-09-26
tssos:emp,2018-08-01,11.1,2026-09-26
tssos:emp,2018-09-01,14.4,2026-09-26
tssos:emp,2018-10-01,13.7,2026-09-26
tssos:emp,2018-11-01,8.9,2026-09-26
tssos:emp,2018-12-01,10.6,2026-09-26
tssos:emp,2019-01-01,7.6,2026-09-26
tssos:emp,2019-02-01,9.8,2026-09-26
tssos:emp,2019-03-01,12.0,2026-09-26
tssos:emp,2019-04-01,11.9,2026-09-26
tssos:emp,2019-05-01,7.4,2026-09-26
tssos:emp,2019-06-01,7.2,2026-09-26
tssos:emp,2019-07-01,8.6,2026-09-26
tssos:emp,2019-08-01,9.7,2026-09-26
tssos:emp,2019-09-01,6.8,2026-09-26
tssos:emp,2019-10-01,10.1,2026-09-26
tssos:emp,2019-11-01,7.4,2026-09-26
tssos:emp,2019-12-01,6.6,2026-09-26
tssos:emp,2020-01-01,9.4,2026-09-26
tssos:emp,2020-02-01,6.8,2026-09-26
tssos:emp,2020-03-01,-22.5,2026-09-26
tssos:emp,2020-04-01,-34.3,2026-09-26
tssos:emp,2020-05-01,-9.8,2026-09-26
tssos:emp,2020-06-01,-1.4,2026-09-26
tssos:emp,2020-07-01,-6.5,2026-09-26
tssos:emp,2020-08-01,-0.1,2026-09-26
tssos:emp,2020-09-01,3.5,2026-09-26
tssos:emp,2020-10-01,1.5,2026-09-26
tssos:emp,2020-11-01,1.2,2026-09-26
tssos:emp,2020-12-01,6.4,2026-09-26
tssos:emp,2021-01-01,1.8,2026-09-26
tssos:emp,2021-02-01,2.5,2026-09-26
tssos:emp,2021-03-01,13.6,2026-09-26
tssos:emp,2021-04-01,17.2,2026-09-26
tssos:emp,2021-05-01,13.3,2026-09-26
tssos:emp,2021-06-01,11.0,2026-09-26
tssos:emp,2021-07-01,12.7,2026-09-26
tssos:emp,2021-08-01,17.2,2026-09-26
tssos:emp,2021-09-01,9.2,2026-09-26
tssos:emp,2021-10-01,14.5,2026-09-26
tssos:emp,2021-11-01,12.3,2026-09-26
tssos:emp,2021-12-01,10.9,2026-09-26
tssos:emp,2022-01-01,8.8,2026-09-26
tssos:emp,2022-02-01,14.5,2026-09-26
tssos:emp,2022-03-01,15.4,2026-09-26
tssos:emp,2022-04-01,15.4,2026-09-26
tssos:emp,2022-05-01,8.2,2026-09-26
tssos:emp,2022-06-01,7.2,2026-09-26
tssos:emp,2022-07-01,14.0,2026-09-26
tssos:emp,2022-08-01,7.9,2026-09-26
tssos:emp,2022-09-01,10.1,2026-09-26
tssos:emp,2022-10-01,9.0,2026-09-26
tssos:emp,2022-11-01,7.4,2026-09-26
tssos:emp,2022-12-01,5.2,2026-09-26
tssos:emp,2023-01-01,10.8,2026-09-26
tssos:emp,2023-02-01,8.4,2026-09-26
tssos:emp,2023-03-01,-0.6,2026-09-26
tssos:emp,2023-04-01,5.4,2026-09-26
tssos:emp,2023-05-01,3.3,2026-09-26
tssos:emp,2023-06-01,8.3,2026-09-26
tssos:emp,2023-07-01,8.0,2026-09-26
tssos:emp,2023-08-01,8.1,2026-09-26
tssos:emp,2023-09-01,1.6,2026-09-26
tssos:emp,2023-10-01,-0.8,2026-09-26
tssos:emp,2023-11-01,4.2,2026-09-26
tssos:emp,2023-12-01,2.9,2026-09-26
tssos:emp,2024-01-01,3.0,2026-09-26
tssos:emp,2024-02-01,3.6,2026-09-26
tssos:emp,2024-03-01,-1.3,2026-09-26
tssos:emp,2024-04-01,-2.2,2026-09-26
tssos:emp,2024-05-01,3.8,2026-09-26
tssos:emp,2024-06-01,1.8,2026-09-26
tssos:emp,2024-07-01,-0.6,2026-09-26
tssos:emp,2024-08-01,0.4,2026-09-26
tssos:emp,2024-09-01,2.0,2026-09-26
tssos:emp,2024-10-01,-0.3,2026-09-26
tssos:emp,2024-11-01,4.7,2026-09-26
tssos:emp,2024-12-01,2.2,2026-09-26
tssos:emp,2025-01-01,-1.1,2026-09-26
tssos:emp,2025-02-01,-0.1,2026-09-26
tssos:emp,2025-03-01,2.1,2026-09-26
tssos:emp,2025-04-01,-5.2,2026-09-26
tssos:emp,2025-05-01,-0.3,2026-09-26
tssos:emp,2025-06-01,-1.4,2026-09-26
tssos:emp,2025-07-01,2.5,2026-09-26
tssos:emp,2025-08-01,1.0,2026-09-26
tssos:emp,2025-09-01,-4.1,2026-09-26
tssos:emp,2025-10-01,-6.1,2026-09-26
tssos:emp,2025-11-01,2.8,2026-09-26
tssos:emp,2025-12-01,-1.1,2026-09-26
tssos:emp,2026-01-01,0.9,2026-09-26
tssos:emp,2026-02-01,0.4,2026-09-26
tssos:emp,2026-03-01,2.5,2026-09-26
tssos:emp,2026-04-01,-1.0,2026-09-26
tssos:emp,2026-05-01,-3.2,2026-09-26
tssos:emp,2026-06-01,8.1,2026-09-26
tssos:emp,2026-07-01,2.6,2026-09-26
tssos:emp,2026-08-01,0.8,2026-09-26
tssos:fbact,2007-01-01,24.4,2026-09-26
tssos:fbact,2007-02-01,30.4,2026-09-26
tssos:fbact,2007-03-01,19.8,2026-09-26
tssos:fbact,2007-04-01,16.6,2026-09-26
tssos:fbact,2007-05-01,20.1,2026-09-26
tssos:fbact,2007-06-01,25.5,2026-09-26
tssos:fbact,2007-07-01,4.2,2026-09-26
tssos:fbact,2007-08-01,14.6,2026-09-26
tssos:fbact,2007-09-01,17.2,2026-09-26
tssos:fbact,2007-10-01,18.1,2026-09-26
tssos:fbact,2007-11-01,5.8,2026-09-26
tssos:fbact,2007-12-01,-8.8,2026-09-26
tssos:fbact,2008-01-01,-12.5,2026-09-26
tssos:fbact,2008-02-01,-3.1,2026-09-26
tssos:fbact,2008-03-01,-9.6,2026-09-26
tssos:fbact,2008-04-01,-2.7,2026-09-26
tssos:fbact,2008-05-01,-4.4,2026-09-26
tssos:fbact,2008-06-01,-2.0,2026-09-26
tssos:fbact,2008-07-01,-13.3,2026-09-26
tssos:fbact,2008-08-01,-3.6,2026-09-26
tssos:fbact,2008-09-01,-13.8,2026-09-26
tssos:fbact,2008-10-01,-21.3,2026-09-26
tssos:fbact,2008-11-01,-39.3,2026-09-26
tssos:fbact,2008-12-01,-26.4,2026-09-26
tssos:fbact,2009-01-01,-27.1,2026-09-26
tssos:fbact,2009-02-01,-34.6,2026-09-26
tssos:fbact,2009-03-01,-6.7,2026-09-26
tssos:fbact,2009-04-01,1.6,2026-09-26
tssos:fbact,2009-05-01,15.0,2026-09-26
tssos:fbact,2009-06-01,12.3,2026-09-26
tssos:fbact,2009-07-01,3.6,2026-09-26
tssos:fbact,2009-08-01,17.6,2026-09-26
tssos:fbact,2009-09-01,17.0,2026-09-26
tssos:fbact,2009-10-01,15.3,2026-09-26
tssos:fbact,2009-11-01,12.9,2026-09-26
tssos:fbact,2009-12-01,19.0,2026-09-26
tssos:fbact,2010-01-01,22.1,2026-09-26
tssos:fbact,2010-02-01,19.1,2026-09-26
tssos:fbact,2010-03-01,20.5,2026-09-26
tssos:fbact,2010-04-01,33.9,2026-09-26
tssos:fbact,2010-05-01,35.7,2026-09-26
tssos:fbact,2010-06-01,20.4,2026-09-26
tssos:fbact,2010-07-01,8.6,2026-09-26
tssos:fbact,2010-08-01,8.1,2026-09-26
tssos:fbact,2010-09-01,14.8,2026-09-26
tssos:fbact,2010-10-01,21.6,2026-09-26
tssos:fbact,2010-11-01,32.1,2026-09-26
tssos:fbact,2010-12-01,33.9,2026-09-26
tssos:fbact,2011-01-01,34.4,2026-09-26
tssos:fbact,2011-02-01,34.3,2026-09-26
tssos:fbact,2011-03-01,22.9,2026-09-26
tssos:fbact,2011-04-01,20.3,2026-09-26
tssos:fbact,2011-05-01,15.0,2026-09-26
tssos:fbact,2011-06-01,0.4,2026-09-26
tssos:fbact,2011-07-01,5.2,2026-09-26
tssos:fbact,2011-08-01,-11.9,2026-09-26
tssos:fbact,2011-09-01,-4.1,2026-09-26
tssos:fbact,2011-10-01,7.9,2026-09-26
tssos:fbact,2011-11-01,12.7,2026-09-26
tssos:fbact,2011-12-01,17.3,2026-09-26
tssos:fbact,2012-01-01,23.2,2026-09-26
tssos:fbact,2012-02-01,27.8,2026-09-26
tssos:fbact,2012-03-01,30.8,2026-09-26
tssos:fbact,2012-04-01,23.2,2026-09-26
tssos:fbact,2012-05-01,17.0,2026-09-26
tssos:fbact,2012-06-01,6.3,2026-09-26
tssos:fbact,2012-07-01,4.9,2026-09-26
tssos:fbact,2012-08-01,11.4,2026-09-26
tssos:fbact,2012-09-01,12.4,2026-09-26
tssos:fbact,2012-10-01,13.4,2026-09-26
tssos:fbact,2012-11-01,1.4,2026-09-26
tssos:fbact,2012-12-01,10.2,2026-09-26
tssos:fbact,2013-01-01,15.2,2026-09-26
tssos:fbact,2013-02-01,16.9,2026-09-26
tssos:fbact,2013-03-01,22.6,2026-09-26
tssos:fbact,2013-04-01,15.0,2026-09-26
tssos:fbact,2013-05-01,22.0,2026-09-26
tssos:fbact,2013-06-01,22.0,2026-09-26
tssos:fbact,2013-07-01,27.2,2026-09-26
tssos:fbact,2013-08-01,29.4,2026-09-26
tssos:fbact,2013-09-01,21.6,2026-09-26
tssos:fbact,2013-10-01,13.5,2026-09-26
tssos:fbact,2013-11-01,18.6,2026-09-26
tssos:fbact,2013-12-01,21.4,2026-09-26
tssos:fbact,2014-01-01,30.8,2026-09-26
tssos:fbact,2014-02-01,21.9,2026-09-26
tssos:fbact,2014-03-01,27.3,2026-09-26
tssos:fbact,2014-04-01,27.6,2026-09-26
tssos:fbact,2014-05-01,28.2,2026-09-26
tssos:fbact,2014-06-01,29.9,2026-09-26
tssos:fbact,2014-07-01,32.2,2026-09-26
tssos:fbact,2014-08-01,33.6,2026-09-26
tssos:fbact,2014-09-01,35.8,2026-09-26
tssos:fbact,2014-10-01,22.8,2026-09-26
tssos:fbact,2014-11-01,30.9,2026-09-26
tssos:fbact,2014-12-01,14.3,2026-09-26
tssos:fbact,2015-01-01,5.1,2026-09-26
tssos:fbact,2015-02-01,8.5,2026-09-26
tssos:fbact,2015-03-01,4.1,2026-09-26
tssos:fbact,2015-04-01,7.9,2026-09-26
tssos:fbact,2015-05-01,13.0,2026-09-26
tssos:fbact,2015-06-01,12.6,2026-09-26
tssos:fbact,2015-07-01,17.8,2026-09-26
tssos:fbact,2015-08-01,10.3,2026-09-26
tssos:fbact,2015-09-01,8.1,2026-09-26
tssos:fbact,2015-10-01,12.0,2026-09-26
tssos:fbact,2015-11-01,7.0,2026-09-26
tssos:fbact,2015-12-01,3.8,2026-09-26
tssos:fbact,2016-01-01,-10.4,2026-09-26
tssos:fbact,2016-02-01,-12.8,2026-09-26
tssos:fbact,2016-03-01,2.9,2026-09-26
tssos:fbact,2016-04-01,4.7,2026-09-26
tssos:fbact,2016-05-01,4.7,2026-09-26
tssos:fbact,2016-06-01,-0.7,2026-09-26
tssos:fbact,2016-07-01,8.6,2026-09-26
tssos:fbact,2016-08-01,4.8,2026-09-26
tssos:fbact,2016-09-01,10.4,2026-09-26
tssos:fbact,2016-10-01,10.0,2026-09-26
tssos:fbact,2016-11-01,30.1,2026-09-26
tssos:fbact,2016-12-01,40.0,2026-09-26
tssos:fbact,2017-01-01,35.6,2026-09-26
tssos:fbact,2017-02-01,30.9,2026-09-26
tssos:fbact,2017-03-01,22.5,2026-09-26
tssos:fbact,2017-04-01,20.1,2026-09-26
tssos:fbact,2017-05-01,20.4,2026-09-26
tssos:fbact,2017-06-01,19.1,2026-09-26
tssos:fbact,2017-07-01,19.8,2026-09-26
tssos:fbact,2017-08-01,20.7,2026-09-26
tssos:fbact,2017-09-01,26.9,2026-09-26
tssos:fbact,2017-10-01,30.4,2026-09-26
tssos:fbact,2017-11-01,31.1,2026-09-26
tssos:fbact,2017-12-01,33.6,2026-09-26
tssos:fbact,2018-01-01,37.5,2026-09-26
tssos:fbact,2018-02-01,29.6,2026-09-26
tssos:fbact,2018-03-01,28.2,2026-09-26
tssos:fbact,2018-04-01,25.9,2026-09-26
tssos:fbact,2018-05-01,26.7,2026-09-26
tssos:fbact,2018-06-01,26.5,2026-09-26
tssos:fbact,2018-07-01,20.1,2026-09-26
tssos:fbact,2018-08-01,27.3,2026-09-26
tssos:fbact,2018-09-01,26.6,2026-09-26
tssos:fbact,2018-10-01,20.0,2026-09-26
tssos:fbact,2018-11-01,13.3,2026-09-26
tssos:fbact,2018-12-01,-10.3,2026-09-26
tssos:fbact,2019-01-01,-5.2,2026-09-26
tssos:fbact,2019-02-01,7.8,2026-09-26
tssos:fbact,2019-03-01,4.8,2026-09-26
tssos:fbact,2019-04-01,13.8,2026-09-26
tssos:fbact,2019-05-01,1.9,2026-09-26
tssos:fbact,2019-06-01,8.2,2026-09-26
tssos:fbact,2019-07-01,8.9,2026-09-26
tssos:fbact,2019-08-01,-5.7,2026-09-26
tssos:fbact,2019-09-01,5.4,2026-09-26
tssos:fbact,2019-10-01,1.0,2026-09-26
tssos:fbact,2019-11-01,8.4,2026-09-26
tssos:fbact,2019-12-01,17.8,2026-09-26
tssos:fbact,2020-01-01,16.6,2026-09-26
tssos:fbact,2020-02-01,11.0,2026-09-26
tssos:fbact,2020-03-01,-58.1,2026-09-26
tssos:fbact,2020-04-01,-32.3,2026-09-26
tssos:fbact,2020-05-01,-8.4,2026-09-26
tssos:fbact,2020-06-01,8.8,2026-09-26
tssos:fbact,2020-07-01,-9.6,2026-09-26
tssos:fbact,2020-08-01,22.2,2026-09-26
tssos:fbact,2020-09-01,21.2,2026-09-26
tssos:fbact,2020-10-01,22.4,2026-09-26
tssos:fbact,2020-11-01,17.2,2026-09-26
tssos:fbact,2020-12-01,25.0,2026-09-26
tssos:fbact,2021-01-01,22.8,2026-09-26
tssos:fbact,2021-02-01,27.4,2026-09-26
tssos:fbact,2021-03-01,44.1,2026-09-26
tssos:fbact,2021-04-01,48.0,2026-09-26
tssos:fbact,2021-05-01,51.1,2026-09-26
tssos:fbact,2021-06-01,44.1,2026-09-26
tssos:fbact,2021-07-01,36.7,2026-09-26
tssos:fbact,2021-08-01,22.6,2026-09-26
tssos:fbact,2021-09-01,24.0,2026-09-26
tssos:fbact,2021-10-01,32.9,2026-09-26
tssos:fbact,2021-11-01,29.2,2026-09-26
tssos:fbact,2021-12-01,20.4,2026-09-26
tssos:fbact,2022-01-01,14.9,2026-09-26
tssos:fbact,2022-02-01,20.1,2026-09-26
tssos:fbact,2022-03-01,15.7,2026-09-26
tssos:fbact,2022-04-01,7.3,2026-09-26
tssos:fbact,2022-05-01,-3.4,2026-09-26
tssos:fbact,2022-06-01,-24.4,2026-09-26
tssos:fbact,2022-07-01,-9.4,2026-09-26
tssos:fbact,2022-08-01,-1.7,2026-09-26
tssos:fbact,2022-09-01,-7.9,2026-09-26
tssos:fbact,2022-10-01,-13.9,2026-09-26
tssos:fbact,2022-11-01,-8.3,2026-09-26
tssos:fbact,2022-12-01,-14.5,2026-09-26
tssos:fbact,2023-01-01,-5.6,2026-09-26
tssos:fbact,2023-02-01,-3.9,2026-09-26
tssos:fbact,2023-03-01,-11.4,2026-09-26
tssos:fbact,2023-04-01,-11.5,2026-09-26
tssos:fbact,2023-05-01,-12.3,2026-09-26
tssos:fbact,2023-06-01,-0.9,2026-09-26
tssos:fbact,2023-07-01,4.0,2026-09-26
tssos:fbact,2023-08-01,4.1,2026-09-26
tssos:fbact,2023-09-01,-4.4,2026-09-26
tssos:fbact,2023-10-01,-12.8,2026-09-26
tssos:fbact,2023-11-01,-9.3,2026-09-26
tssos:fbact,2023-12-01,3.3,2026-09-26
tssos:fbact,2024-01-01,3.8,2026-09-26
tssos:fbact,2024-02-01,12.2,2026-09-26
tssos:fbact,2024-03-01,6.0,2026-09-26
tssos:fbact,2024-04-01,-1.1,2026-09-26
tssos:fbact,2024-05-01,1.8,2026-09-26
tssos:fbact,2024-06-01,3.9,2026-09-26
tssos:fbact,2024-07-01,19.6,2026-09-26
tssos:fbact,2024-08-01,3.6,2026-09-26
tssos:fbact,2024-09-01,16.4,2026-09-26
tssos:fbact,2024-10-01,26.1,2026-09-26
tssos:fbact,2024-11-01,29.7,2026-09-26
tssos:fbact,2024-12-01,29.4,2026-09-26
tssos:fbact,2025-01-01,30.7,2026-09-26
tssos:fbact,2025-02-01,11.4,2026-09-26
tssos:fbact,2025-03-01,-2.0,2026-09-26
tssos:fbact,2025-04-01,-16.9,2026-09-26
tssos:fbact,2025-05-01,-1.3,2026-09-26
tssos:fbact,2025-06-01,0.6,2026-09-26
tssos:fbact,2025-07-01,9.0,2026-09-26
tssos:fbact,2025-08-01,9.6,2026-09-26
tssos:fbact,2025-09-01,10.9,2026-09-26
tssos:fbact,2025-10-01,5.0,2026-09-26
tssos:fbact,2025-11-01,12.5,2026-09-26
tssos:fbact,2025-12-01,11.5,2026-09-26
tssos:fbact,2026-01-01,14.7,2026-09-26
tssos:fbact,2026-02-01,15.0,2026-09-26
tssos:fbact,2026-03-01,2.3,2026-09-26
tssos:fbact,2026-04-01,4.7,2026-09-26
tssos:fbact,2026-05-01,-0.7,2026-09-26
tssos:fbact,2026-06-01,17.2,2026-09-26
tssos:fbact,2026-07-01,16.8,2026-09-26
tssos:fbact,2026-08-01,18.6,2026-09-26
tssos:frev,2007-01-01,52.3,2026-09-26
tssos:frev,2007-02-01,58.3,2026-09-26
tssos:frev,2007-03-01,61.5,2026-09-26
tssos:frev,2007-04-01,55.3,2026-09-26
tssos:frev,2007-05-01,56.8,2026-09-26
tssos:frev,2007-06-01,59.3,2026-09-26
tssos:frev,2007-07-01,51.1,2026-09-26
tssos:frev,2007-08-01,47.7,2026-09-26
tssos:frev,2007-09-01,53.2,2026-09-26
tssos:frev,2007-10-01,45.4,2026-09-26
tssos:frev,2007-11-01,45.8,2026-09-26
tssos:frev,2007-12-01,33.8,2026-09-26
tssos:frev,2008-01-01,30.1,2026-09-26
tssos:frev,2008-02-01,32.1,2026-09-26
tssos:frev,2008-03-01,22.1,2026-09-26
tssos:frev,2008-04-01,27.2,2026-09-26
tssos:frev,2008-05-01,31.7,2026-09-26
tssos:frev,2008-06-01,25.8,2026-09-26
tssos:frev,2008-07-01,25.3,2026-09-26
tssos:frev,2008-08-01,33.3,2026-09-26
tssos:frev,2008-09-01,19.9,2026-09-26
tssos:frev,2008-10-01,6.1,2026-09-26
tssos:frev,2008-11-01,-4.9,2026-09-26
tssos:frev,2008-12-01,-8.6,2026-09-26
tssos:frev,2009-01-01,-7.8,2026-09-26
tssos:frev,2009-02-01,-9.6,2026-09-26
tssos:frev,2009-03-01,4.1,2026-09-26
tssos:frev,2009-04-01,14.5,2026-09-26
tssos:frev,2009-05-01,23.2,2026-09-26
tssos:frev,2009-06-01,31.1,2026-09-26
tssos:frev,2009-07-01,19.2,2026-09-26
tssos:frev,2009-08-01,26.7,2026-09-26
tssos:frev,2009-09-01,31.0,2026-09-26
tssos:frev,2009-10-01,28.2,2026-09-26
tssos:frev,2009-11-01,23.5,2026-09-26
tssos:frev,2009-12-01,25.4,2026-09-26
tssos:frev,2010-01-01,32.6,2026-09-26
tssos:frev,2010-02-01,33.1,2026-09-26
tssos:frev,2010-03-01,30.6,2026-09-26
tssos:frev,2010-04-01,35.7,2026-09-26
tssos:frev,2010-05-01,36.1,2026-09-26
tssos:frev,2010-06-01,32.0,2026-09-26
tssos:frev,2010-07-01,22.4,2026-09-26
tssos:frev,2010-08-01,30.0,2026-09-26
tssos:frev,2010-09-01,34.0,2026-09-26
tssos:frev,2010-10-01,38.0,2026-09-26
tssos:frev,2010-11-01,45.6,2026-09-26
tssos:frev,2010-12-01,43.8,2026-09-26
tssos:frev,2011-01-01,43.9,2026-09-26
tssos:frev,2011-02-01,45.3,2026-09-26
tssos:frev,2011-03-01,42.0,2026-09-26
tssos:frev,2011-04-01,37.6,2026-09-26
tssos:frev,2011-05-01,33.0,2026-09-26
tssos:frev,2011-06-01,29.4,2026-09-26
tssos:frev,2011-07-01,34.5,2026-09-26
tssos:frev,2011-08-01,25.8,2026-09-26
tssos:frev,2011-09-01,31.0,2026-09-26
tssos:frev,2011-10-01,37.4,2026-09-26
tssos:frev,2011-11-01,37.8,2026-09-26
tssos:frev,2011-12-01,43.5,2026-09-26
tssos:frev,2012-01-01,44.7,2026-09-26
tssos:frev,2012-02-01,41.9,2026-09-26
tssos:frev,2012-03-01,32.9,2026-09-26
tssos:frev,2012-04-01,43.8,2026-09-26
tssos:frev,2012-05-01,44.7,2026-09-26
tssos:frev,2012-06-01,27.3,2026-09-26
tssos:frev,2012-07-01,28.9,2026-09-26
tssos:frev,2012-08-01,33.9,2026-09-26
tssos:frev,2012-09-01,37.4,2026-09-26
tssos:frev,2012-10-01,36.9,2026-09-26
tssos:frev,2012-11-01,29.5,2026-09-26
tssos:frev,2012-12-01,35.8,2026-09-26
tssos:frev,2013-01-01,42.5,2026-09-26
tssos:frev,2013-02-01,38.7,2026-09-26
tssos:frev,2013-03-01,41.3,2026-09-26
tssos:frev,2013-04-01,33.7,2026-09-26
tssos:frev,2013-05-01,36.3,2026-09-26
tssos:frev,2013-06-01,37.9,2026-09-26
tssos:frev,2013-07-01,41.4,2026-09-26
tssos:frev,2013-08-01,40.6,2026-09-26
tssos:frev,2013-09-01,43.7,2026-09-26
tssos:frev,2013-10-01,39.4,2026-09-26
tssos:frev,2013-11-01,38.7,2026-09-26
tssos:frev,2013-12-01,44.5,2026-09-26
tssos:frev,2014-01-01,46.3,2026-09-26
tssos:frev,2014-02-01,43.8,2026-09-26
tssos:frev,2014-03-01,45.6,2026-09-26
tssos:frev,2014-04-01,46.7,2026-09-26
tssos:frev,2014-05-01,48.1,2026-09-26
tssos:frev,2014-06-01,52.4,2026-09-26
tssos:frev,2014-07-01,54.7,2026-09-26
tssos:frev,2014-08-01,59.6,2026-09-26
tssos:frev,2014-09-01,56.6,2026-09-26
tssos:frev,2014-10-01,49.2,2026-09-26
tssos:frev,2014-11-01,50.0,2026-09-26
tssos:frev,2014-12-01,40.3,2026-09-26
tssos:frev,2015-01-01,32.0,2026-09-26
tssos:frev,2015-02-01,37.9,2026-09-26
tssos:frev,2015-03-01,30.3,2026-09-26
tssos:frev,2015-04-01,32.1,2026-09-26
tssos:frev,2015-05-01,36.2,2026-09-26
tssos:frev,2015-06-01,44.3,2026-09-26
tssos:frev,2015-07-01,45.7,2026-09-26
tssos:frev,2015-08-01,38.0,2026-09-26
tssos:frev,2015-09-01,38.4,2026-09-26
tssos:frev,2015-10-01,38.8,2026-09-26
tssos:frev,2015-11-01,44.2,2026-09-26
tssos:frev,2015-12-01,37.8,2026-09-26
tssos:frev,2016-01-01,28.1,2026-09-26
tssos:frev,2016-02-01,30.5,2026-09-26
tssos:frev,2016-03-01,40.2,2026-09-26
tssos:frev,2016-04-01,41.5,2026-09-26
tssos:frev,2016-05-01,35.6,2026-09-26
tssos:frev,2016-06-01,35.0,2026-09-26
tssos:frev,2016-07-01,37.7,2026-09-26
tssos:frev,2016-08-01,36.2,2026-09-26
tssos:frev,2016-09-01,41.0,2026-09-26
tssos:frev,2016-10-01,42.0,2026-09-26
tssos:frev,2016-11-01,47.7,2026-09-26
tssos:frev,2016-12-01,55.6,2026-09-26
tssos:frev,2017-01-01,50.2,2026-09-26
tssos:frev,2017-02-01,47.3,2026-09-26
tssos:frev,2017-03-01,46.6,2026-09-26
tssos:frev,2017-04-01,45.7,2026-09-26
tssos:frev,2017-05-01,45.8,2026-09-26
tssos:frev,2017-06-01,44.3,2026-09-26
tssos:frev,2017-07-01,44.8,2026-09-26
tssos:frev,2017-08-01,42.2,2026-09-26
tssos:frev,2017-09-01,43.9,2026-09-26
tssos:frev,2017-10-01,46.4,2026-09-26
tssos:frev,2017-11-01,49.4,2026-09-26
tssos:frev,2017-12-01,53.7,2026-09-26
tssos:frev,2018-01-01,51.2,2026-09-26
tssos:frev,2018-02-01,48.5,2026-09-26
tssos:frev,2018-03-01,49.4,2026-09-26
tssos:frev,2018-04-01,45.9,2026-09-26
tssos:frev,2018-05-01,49.9,2026-09-26
tssos:frev,2018-06-01,43.8,2026-09-26
tssos:frev,2018-07-01,44.9,2026-09-26
tssos:frev,2018-08-01,48.0,2026-09-26
tssos:frev,2018-09-01,49.8,2026-09-26
tssos:frev,2018-10-01,45.7,2026-09-26
tssos:frev,2018-11-01,41.0,2026-09-26
tssos:frev,2018-12-01,26.9,2026-09-26
tssos:frev,2019-01-01,37.2,2026-09-26
tssos:frev,2019-02-01,38.4,2026-09-26
tssos:frev,2019-03-01,42.7,2026-09-26
tssos:frev,2019-04-01,40.6,2026-09-26
tssos:frev,2019-05-01,27.2,2026-09-26
tssos:frev,2019-06-01,37.9,2026-09-26
tssos:frev,2019-07-01,40.0,2026-09-26
tssos:frev,2019-08-01,29.1,2026-09-26
tssos:frev,2019-09-01,31.7,2026-09-26
tssos:frev,2019-10-01,37.2,2026-09-26
tssos:frev,2019-11-01,37.0,2026-09-26
tssos:frev,2019-12-01,35.9,2026-09-26
tssos:frev,2020-01-01,44.1,2026-09-26
tssos:frev,2020-02-01,41.6,2026-09-26
tssos:frev,2020-03-01,-48.7,2026-09-26
tssos:frev,2020-04-01,-22.3,2026-09-26
tssos:frev,2020-05-01,7.6,2026-09-26
tssos:frev,2020-06-01,34.9,2026-09-26
tssos:frev,2020-07-01,18.1,2026-09-26
tssos:frev,2020-08-01,36.4,2026-09-26
tssos:frev,2020-09-01,33.2,2026-09-26
tssos:frev,2020-10-01,36.8,2026-09-26
tssos:frev,2020-11-01,34.8,2026-09-26
tssos:frev,2020-12-01,41.6,2026-09-26
tssos:frev,2021-01-01,36.8,2026-09-26
tssos:frev,2021-02-01,45.5,2026-09-26
tssos:frev,2021-03-01,54.7,2026-09-26
tssos:frev,2021-04-01,59.2,2026-09-26
tssos:frev,2021-05-01,60.1,2026-09-26
tssos:frev,2021-06-01,56.0,2026-09-26
tssos:frev,2021-07-01,52.8,2026-09-26
tssos:frev,2021-08-01,45.4,2026-09-26
tssos:frev,2021-09-01,45.8,2026-09-26
tssos:frev,2021-10-01,56.9,2026-09-26
tssos:frev,2021-11-01,55.0,2026-09-26
tssos:frev,2021-12-01,52.6,2026-09-26
tssos:frev,2022-01-01,51.7,2026-09-26
tssos:frev,2022-02-01,50.3,2026-09-26
tssos:frev,2022-03-01,55.3,2026-09-26
tssos:frev,2022-04-01,46.7,2026-09-26
tssos:frev,2022-05-01,35.7,2026-09-26
tssos:frev,2022-06-01,18.5,2026-09-26
tssos:frev,2022-07-01,34.7,2026-09-26
tssos:frev,2022-08-01,40.4,2026-09-26
tssos:frev,2022-09-01,35.2,2026-09-26
tssos:frev,2022-10-01,32.3,2026-09-26
tssos:frev,2022-11-01,35.1,2026-09-26
tssos:frev,2022-12-01,32.2,2026-09-26
tssos:frev,2023-01-01,38.1,2026-09-26
tssos:frev,2023-02-01,41.4,2026-09-26
tssos:frev,2023-03-01,33.6,2026-09-26
tssos:frev,2023-04-01,25.5,2026-09-26
tssos:frev,2023-05-01,28.2,2026-09-26
tssos:frev,2023-06-01,33.3,2026-09-26
tssos:frev,2023-07-01,34.6,2026-09-26
tssos:frev,2023-08-01,36.6,2026-09-26
tssos:frev,2023-09-01,31.2,2026-09-26
tssos:frev,2023-10-01,25.6,2026-09-26
tssos:frev,2023-11-01,27.2,2026-09-26
tssos:frev,2023-12-01,33.3,2026-09-26
tssos:frev,2024-01-01,36.3,2026-09-26
tssos:frev,2024-02-01,38.0,2026-09-26
tssos:frev,2024-03-01,39.4,2026-09-26
tssos:frev,2024-04-01,33.5,2026-09-26
tssos:frev,2024-05-01,31.3,2026-09-26
tssos:frev,2024-06-01,30.4,2026-09-26
tssos:frev,2024-07-01,35.6,2026-09-26
tssos:frev,2024-08-01,31.1,2026-09-26
tssos:frev,2024-09-01,35.3,2026-09-26
tssos:frev,2024-10-01,40.5,2026-09-26
tssos:frev,2024-11-01,44.4,2026-09-26
tssos:frev,2024-12-01,48.8,2026-09-26
tssos:frev,2025-01-01,54.8,2026-09-26
tssos:frev,2025-02-01,43.6,2026-09-26
tssos:frev,2025-03-01,30.1,2026-09-26
tssos:frev,2025-04-01,15.8,2026-09-26
tssos:frev,2025-05-01,26.4,2026-09-26
tssos:frev,2025-06-01,32.3,2026-09-26
tssos:frev,2025-07-01,30.4,2026-09-26
tssos:frev,2025-08-01,33.0,2026-09-26
tssos:frev,2025-09-01,34.5,2026-09-26
tssos:frev,2025-10-01,32.8,2026-09-26
tssos:frev,2025-11-01,33.1,2026-09-26
tssos:frev,2025-12-01,34.6,2026-09-26
tssos:frev,2026-01-01,41.0,2026-09-26
tssos:frev,2026-02-01,38.3,2026-09-26
tssos:frev,2026-03-01,32.8,2026-09-26
tssos:frev,2026-04-01,31.5,2026-09-26
tssos:frev,2026-05-01,28.9,2026-09-26
tssos:frev,2026-06-01,33.3,2026-09-26
tssos:frev,2026-07-01,32.6,2026-09-26
tssos:frev,2026-08-01,35.9,2026-09-26
tssos:inp,2007-01-01,30.5,2026-09-26
tssos:inp,2007-02-01,28.5,2026-09-26
tssos:inp,2007-03-01,32.6,2026-09-26
tssos:inp,2007-04-01,32.1,2026-09-26
tssos:inp,2007-05-01,30.7,2026-09-26
tssos:inp,2007-06-01,30.6,2026-09-26
tssos:inp,2007-07-01,29.2,2026-09-26
tssos:inp,2007-08-01,25.3,2026-09-26
tssos:inp,2007-09-01,31.3,2026-09-26
tssos:inp,2007-10-01,31.5,2026-09-26
tssos:inp,2007-11-01,32.0,2026-09-26
tssos:inp,2007-12-01,32.8,2026-09-26
tssos:inp,2008-01-01,41.1,2026-09-26
tssos:inp,2008-02-01,33.6,2026-09-26
tssos:inp,2008-03-01,36.3,2026-09-26
tssos:inp,2008-04-01,35.1,2026-09-26
tssos:inp,2008-05-01,42.6,2026-09-26
tssos:inp,2008-06-01,50.4,2026-09-26
tssos:inp,2008-07-01,49.1,2026-09-26
tssos:inp,2008-08-01,32.9,2026-09-26
tssos:inp,2008-09-01,33.1,2026-09-26
tssos:inp,2008-10-01,22.3,2026-09-26
tssos:inp,2008-11-01,7.5,2026-09-26
tssos:inp,2008-12-01,3.6,2026-09-26
tssos:inp,2009-01-01,0.1,2026-09-26
tssos:inp,2009-02-01,4.7,2026-09-26
tssos:inp,2009-03-01,7.3,2026-09-26
tssos:inp,2009-04-01,-1.9,2026-09-26
tssos:inp,2009-05-01,11.1,2026-09-26
tssos:inp,2009-06-01,9.7,2026-09-26
tssos:inp,2009-07-01,15.8,2026-09-26
tssos:inp,2009-08-01,14.6,2026-09-26
tssos:inp,2009-09-01,12.1,2026-09-26
tssos:inp,2009-10-01,16.1,2026-09-26
tssos:inp,2009-11-01,19.7,2026-09-26
tssos:inp,2009-12-01,17.3,2026-09-26
tssos:inp,2010-01-01,22.7,2026-09-26
tssos:inp,2010-02-01,19.1,2026-09-26
tssos:inp,2010-03-01,21.7,2026-09-26
tssos:inp,2010-04-01,20.3,2026-09-26
tssos:inp,2010-05-01,21.6,2026-09-26
tssos:inp,2010-06-01,19.5,2026-09-26
tssos:inp,2010-07-01,15.7,2026-09-26
tssos:inp,2010-08-01,21.5,2026-09-26
tssos:inp,2010-09-01,20.2,2026-09-26
tssos:inp,2010-10-01,28.9,2026-09-26
tssos:inp,2010-11-01,25.9,2026-09-26
tssos:inp,2010-12-01,28.3,2026-09-26
tssos:inp,2011-01-01,37.0,2026-09-26
tssos:inp,2011-02-01,31.6,2026-09-26
tssos:inp,2011-03-01,35.7,2026-09-26
tssos:inp,2011-04-01,39.7,2026-09-26
tssos:inp,2011-05-01,31.6,2026-09-26
tssos:inp,2011-06-01,36.1,2026-09-26
tssos:inp,2011-07-01,32.0,2026-09-26
tssos:inp,2011-08-01,28.8,2026-09-26
tssos:inp,2011-09-01,29.4,2026-09-26
tssos:inp,2011-10-01,25.8,2026-09-26
tssos:inp,2011-11-01,30.6,2026-09-26
tssos:inp,2011-12-01,27.9,2026-09-26
tssos:inp,2012-01-01,30.5,2026-09-26
tssos:inp,2012-02-01,30.3,2026-09-26
tssos:inp,2012-03-01,34.6,2026-09-26
tssos:inp,2012-04-01,27.5,2026-09-26
tssos:inp,2012-05-01,23.0,2026-09-26
tssos:inp,2012-06-01,18.8,2026-09-26
tssos:inp,2012-07-01,23.6,2026-09-26
tssos:inp,2012-08-01,30.1,2026-09-26
tssos:inp,2012-09-01,28.0,2026-09-26
tssos:inp,2012-10-01,30.4,2026-09-26
tssos:inp,2012-11-01,25.7,2026-09-26
tssos:inp,2012-12-01,28.9,2026-09-26
tssos:inp,2013-01-01,28.7,2026-09-26
tssos:inp,2013-02-01,28.9,2026-09-26
tssos:inp,2013-03-01,26.2,2026-09-26
tssos:inp,2013-04-01,25.1,2026-09-26
tssos:inp,2013-05-01,23.3,2026-09-26
tssos:inp,2013-06-01,21.3,2026-09-26
tssos:inp,2013-07-01,27.4,2026-09-26
tssos:inp,2013-08-01,21.6,2026-09-26
tssos:inp,2013-09-01,27.5,2026-09-26
tssos:inp,2013-10-01,27.2,2026-09-26
tssos:inp,2013-11-01,25.0,2026-09-26
tssos:inp,2013-12-01,27.8,2026-09-26
tssos:inp,2014-01-01,28.6,2026-09-26
tssos:inp,2014-02-01,25.9,2026-09-26
tssos:inp,2014-03-01,31.1,2026-09-26
tssos:inp,2014-04-01,23.9,2026-09-26
tssos:inp,2014-05-01,29.2,2026-09-26
tssos:inp,2014-06-01,22.5,2026-09-26
tssos:inp,2014-07-01,24.6,2026-09-26
tssos:inp,2014-08-01,24.3,2026-09-26
tssos:inp,2014-09-01,28.6,2026-09-26
tssos:inp,2014-10-01,21.9,2026-09-26
tssos:inp,2014-11-01,23.4,2026-09-26
tssos:inp,2014-12-01,18.4,2026-09-26
tssos:inp,2015-01-01,12.4,2026-09-26
tssos:inp,2015-02-01,18.3,2026-09-26
tssos:inp,2015-03-01,14.9,2026-09-26
tssos:inp,2015-04-01,18.6,2026-09-26
tssos:inp,2015-05-01,19.3,2026-09-26
tssos:inp,2015-06-01,21.5,2026-09-26
tssos:inp,2015-07-01,23.2,2026-09-26
tssos:inp,2015-08-01,16.9,2026-09-26
tssos:inp,2015-09-01,17.8,2026-09-26
tssos:inp,2015-10-01,17.3,2026-09-26
tssos:inp,2015-11-01,20.6,2026-09-26
tssos:inp,2015-12-01,22.3,2026-09-26
tssos:inp,2016-01-01,14.0,2026-09-26
tssos:inp,2016-02-01,18.1,2026-09-26
tssos:inp,2016-03-01,17.4,2026-09-26
tssos:inp,2016-04-01,20.3,2026-09-26
tssos:inp,2016-05-01,20.1,2026-09-26
tssos:inp,2016-06-01,22.7,2026-09-26
tssos:inp,2016-07-01,19.4,2026-09-26
tssos:inp,2016-08-01,21.4,2026-09-26
tssos:inp,2016-09-01,23.6,2026-09-26
tssos:inp,2016-10-01,22.6,2026-09-26
tssos:inp,2016-11-01,22.9,2026-09-26
tssos:inp,2016-12-01,29.1,2026-09-26
tssos:inp,2017-01-01,23.6,2026-09-26
tssos:inp,2017-02-01,26.6,2026-09-26
tssos:inp,2017-03-01,20.5,2026-09-26
tssos:inp,2017-04-01,28.4,2026-09-26
tssos:inp,2017-05-01,28.1,2026-09-26
tssos:inp,2017-06-01,24.2,2026-09-26
tssos:inp,2017-07-01,20.1,2026-09-26
tssos:inp,2017-08-01,26.8,2026-09-26
tssos:inp,2017-09-01,26.4,2026-09-26
tssos:inp,2017-10-01,29.4,2026-09-26
tssos:inp,2017-11-01,30.8,2026-09-26
tssos:inp,2017-12-01,30.5,2026-09-26
tssos:inp,2018-01-01,32.7,2026-09-26
tssos:inp,2018-02-01,36.1,2026-09-26
tssos:inp,2018-03-01,29.5,2026-09-26
tssos:inp,2018-04-01,31.8,2026-09-26
tssos:inp,2018-05-01,40.2,2026-09-26
tssos:inp,2018-06-01,36.5,2026-09-26
tssos:inp,2018-07-01,38.3,2026-09-26
tssos:inp,2018-08-01,35.7,2026-09-26
tssos:inp,2018-09-01,32.7,2026-09-26
tssos:inp,2018-10-01,32.6,2026-09-26
tssos:inp,2018-11-01,30.9,2026-09-26
tssos:inp,2018-12-01,29.9,2026-09-26
tssos:inp,2019-01-01,22.6,2026-09-26
tssos:inp,2019-02-01,23.0,2026-09-26
tssos:inp,2019-03-01,30.1,2026-09-26
tssos:inp,2019-04-01,25.7,2026-09-26
tssos:inp,2019-05-01,25.0,2026-09-26
tssos:inp,2019-06-01,26.3,2026-09-26
tssos:inp,2019-07-01,24.8,2026-09-26
tssos:inp,2019-08-01,23.0,2026-09-26
tssos:inp,2019-09-01,22.6,2026-09-26
tssos:inp,2019-10-01,24.7,2026-09-26
tssos:inp,2019-11-01,23.7,2026-09-26
tssos:inp,2019-12-01,23.1,2026-09-26
tssos:inp,2020-01-01,26.5,2026-09-26
tssos:inp,2020-02-01,24.9,2026-09-26
tssos:inp,2020-03-01,2.8,2026-09-26
tssos:inp,2020-04-01,-1.1,2026-09-26
tssos:inp,2020-05-01,10.7,2026-09-26
tssos:inp,2020-06-01,17.4,2026-09-26
tssos:inp,2020-07-01,19.1,2026-09-26
tssos:inp,2020-08-01,22.3,2026-09-26
tssos:inp,2020-09-01,20.1,2026-09-26
tssos:inp,2020-10-01,18.1,2026-09-26
tssos:inp,2020-11-01,20.8,2026-09-26
tssos:inp,2020-12-01,22.0,2026-09-26
tssos:inp,2021-01-01,22.7,2026-09-26
tssos:inp,2021-02-01,24.7,2026-09-26
tssos:inp,2021-03-01,26.7,2026-09-26
tssos:inp,2021-04-01,34.6,2026-09-26
tssos:inp,2021-05-01,45.6,2026-09-26
tssos:inp,2021-06-01,46.3,2026-09-26
tssos:inp,2021-07-01,44.3,2026-09-26
tssos:inp,2021-08-01,42.9,2026-09-26
tssos:inp,2021-09-01,44.3,2026-09-26
tssos:inp,2021-10-01,47.8,2026-09-26
tssos:inp,2021-11-01,53.1,2026-09-26
tssos:inp,2021-12-01,48.8,2026-09-26
tssos:inp,2022-01-01,50.8,2026-09-26
tssos:inp,2022-02-01,50.9,2026-09-26
tssos:inp,2022-03-01,59.3,2026-09-26
tssos:inp,2022-04-01,54.5,2026-09-26
tssos:inp,2022-05-01,54.9,2026-09-26
tssos:inp,2022-06-01,56.8,2026-09-26
tssos:inp,2022-07-01,51.0,2026-09-26
tssos:inp,2022-08-01,44.6,2026-09-26
tssos:inp,2022-09-01,48.6,2026-09-26
tssos:inp,2022-10-01,51.4,2026-09-26
tssos:inp,2022-11-01,46.4,2026-09-26
tssos:inp,2022-12-01,43.0,2026-09-26
tssos:inp,2023-01-01,38.8,2026-09-26
tssos:inp,2023-02-01,40.4,2026-09-26
tssos:inp,2023-03-01,38.0,2026-09-26
tssos:inp,2023-04-01,35.4,2026-09-26
tssos:inp,2023-05-01,32.5,2026-09-26
tssos:inp,2023-06-01,35.9,2026-09-26
tssos:inp,2023-07-01,32.8,2026-09-26
tssos:inp,2023-08-01,38.3,2026-09-26
tssos:inp,2023-09-01,38.3,2026-09-26
tssos:inp,2023-10-01,37.6,2026-09-26
tssos:inp,2023-11-01,32.6,2026-09-26
tssos:inp,2023-12-01,35.8,2026-09-26
tssos:inp,2024-01-01,33.4,2026-09-26
tssos:inp,2024-02-01,34.1,2026-09-26
tssos:inp,2024-03-01,30.0,2026-09-26
tssos:inp,2024-04-01,28.4,2026-09-26
tssos:inp,2024-05-01,20.8,2026-09-26
tssos:inp,2024-06-01,25.0,2026-09-26
tssos:inp,2024-07-01,22.1,2026-09-26
tssos:inp,2024-08-01,28.6,2026-09-26
tssos:inp,2024-09-01,23.6,2026-09-26
tssos:inp,2024-10-01,26.3,2026-09-26
tssos:inp,2024-11-01,18.7,2026-09-26
tssos:inp,2024-12-01,23.6,2026-09-26
tssos:inp,2025-01-01,27.7,2026-09-26
tssos:inp,2025-02-01,28.1,2026-09-26
tssos:inp,2025-03-01,27.2,2026-09-26
tssos:inp,2025-04-01,32.9,2026-09-26
tssos:inp,2025-05-01,21.0,2026-09-26
tssos:inp,2025-06-01,21.8,2026-09-26
tssos:inp,2025-07-01,25.9,2026-09-26
tssos:inp,2025-08-01,28.5,2026-09-26
tssos:inp,2025-09-01,25.2,2026-09-26
tssos:inp,2025-10-01,23.7,2026-09-26
tssos:inp,2025-11-01,28.4,2026-09-26
tssos:inp,2025-12-01,27.1,2026-09-26
tssos:inp,2026-01-01,21.1,2026-09-26
tssos:inp,2026-02-01,22.4,2026-09-26
tssos:inp,2026-03-01,24.4,2026-09-26
tssos:inp,2026-04-01,31.2,2026-09-26
tssos:inp,2026-05-01,29.7,2026-09-26
tssos:inp,2026-06-01,36.5,2026-09-26
tssos:inp,2026-07-01,33.5,2026-09-26
tssos:inp,2026-08-01,35.6,2026-09-26
tssos:rev,2007-01-01,29.5,2026-09-26
tssos:rev,2007-02-01,25.1,2026-09-26
tssos:rev,2007-03-01,25.5,2026-09-26
tssos:rev,2007-04-01,9.0,2026-09-26
tssos:rev,2007-05-01,39.1,2026-09-26
tssos:rev,2007-06-01,19.4,2026-09-26
tssos:rev,2007-07-01,20.9,2026-09-26
tssos:rev,2007-08-01,28.1,2026-09-26
tssos:rev,2007-09-01,29.9,2026-09-26
tssos:rev,2007-10-01,28.9,2026-09-26
tssos:rev,2007-11-01,20.8,2026-09-26
tssos:rev,2007-12-01,16.4,2026-09-26
tssos:rev,2008-01-01,11.2,2026-09-26
tssos:rev,2008-02-01,5.1,2026-09-26
tssos:rev,2008-03-01,1.3,2026-09-26
tssos:rev,2008-04-01,10.3,2026-09-26
tssos:rev,2008-05-01,14.5,2026-09-26
tssos:rev,2008-06-01,1.4,2026-09-26
tssos:rev,2008-07-01,8.3,2026-09-26
tssos:rev,2008-08-01,1.9,2026-09-26
tssos:rev,2008-09-01,-9.9,2026-09-26
tssos:rev,2008-10-01,-13.5,2026-09-26
tssos:rev,2008-11-01,-17.3,2026-09-26
tssos:rev,2008-12-01,-20.2,2026-09-26
tssos:rev,2009-01-01,-15.6,2026-09-26
tssos:rev,2009-02-01,-11.5,2026-09-26
tssos:rev,2009-03-01,-15.5,2026-09-26
tssos:rev,2009-04-01,-3.8,2026-09-26
tssos:rev,2009-05-01,-0.7,2026-09-26
tssos:rev,2009-06-01,5.2,2026-09-26
tssos:rev,2009-07-01,-2.8,2026-09-26
tssos:rev,2009-08-01,-10.3,2026-09-26
tssos:rev,2009-09-01,-4.7,2026-09-26
tssos:rev,2009-10-01,-0.9,2026-09-26
tssos:rev,2009-11-01,-0.6,2026-09-26
tssos:rev,2009-12-01,0.2,2026-09-26
tssos:rev,2010-01-01,11.9,2026-09-26
tssos:rev,2010-02-01,10.8,2026-09-26
tssos:rev,2010-03-01,11.9,2026-09-26
tssos:rev,2010-04-01,12.7,2026-09-26
tssos:rev,2010-05-01,6.5,2026-09-26
tssos:rev,2010-06-01,21.0,2026-09-26
tssos:rev,2010-07-01,5.8,2026-09-26
tssos:rev,2010-08-01,7.3,2026-09-26
tssos:rev,2010-09-01,4.2,2026-09-26
tssos:rev,2010-10-01,22.2,2026-09-26
tssos:rev,2010-11-01,16.7,2026-09-26
tssos:rev,2010-12-01,12.3,2026-09-26
tssos:rev,2011-01-01,7.6,2026-09-26
tssos:rev,2011-02-01,1.8,2026-09-26
tssos:rev,2011-03-01,21.1,2026-09-26
tssos:rev,2011-04-01,13.8,2026-09-26
tssos:rev,2011-05-01,5.2,2026-09-26
tssos:rev,2011-06-01,9.5,2026-09-26
tssos:rev,2011-07-01,9.2,2026-09-26
tssos:rev,2011-08-01,3.6,2026-09-26
tssos:rev,2011-09-01,13.0,2026-09-26
tssos:rev,2011-10-01,7.4,2026-09-26
tssos:rev,2011-11-01,14.3,2026-09-26
tssos:rev,2011-12-01,7.1,2026-09-26
tssos:rev,2012-01-01,16.2,2026-09-26
tssos:rev,2012-02-01,24.0,2026-09-26
tssos:rev,2012-03-01,14.6,2026-09-26
tssos:rev,2012-04-01,13.7,2026-09-26
tssos:rev,2012-05-01,13.5,2026-09-26
tssos:rev,2012-06-01,12.8,2026-09-26
tssos:rev,2012-07-01,-0.3,2026-09-26
tssos:rev,2012-08-01,9.7,2026-09-26
tssos:rev,2012-09-01,14.4,2026-09-26
tssos:rev,2012-10-01,16.6,2026-09-26
tssos:rev,2012-11-01,11.2,2026-09-26
tssos:rev,2012-12-01,12.6,2026-09-26
tssos:rev,2013-01-01,10.3,2026-09-26
tssos:rev,2013-02-01,15.6,2026-09-26
tssos:rev,2013-03-01,14.2,2026-09-26
tssos:rev,2013-04-01,5.4,2026-09-26
tssos:rev,2013-05-01,15.4,2026-09-26
tssos:rev,2013-06-01,7.5,2026-09-26
tssos:rev,2013-07-01,11.2,2026-09-26
tssos:rev,2013-08-01,14.4,2026-09-26
tssos:rev,2013-09-01,6.6,2026-09-26
tssos:rev,2013-10-01,6.6,2026-09-26
tssos:rev,2013-11-01,10.9,2026-09-26
tssos:rev,2013-12-01,14.7,2026-09-26
tssos:rev,2014-01-01,21.7,2026-09-26
tssos:rev,2014-02-01,11.9,2026-09-26
tssos:rev,2014-03-01,17.7,2026-09-26
tssos:rev,2014-04-01,21.6,2026-09-26
tssos:rev,2014-05-01,18.7,2026-09-26
tssos:rev,2014-06-01,20.3,2026-09-26
tssos:rev,2014-07-01,22.7,2026-09-26
tssos:rev,2014-08-01,23.4,2026-09-26
tssos:rev,2014-09-01,28.8,2026-09-26
tssos:rev,2014-10-01,15.9,2026-09-26
tssos:rev,2014-11-01,26.6,2026-09-26
tssos:rev,2014-12-01,20.4,2026-09-26
tssos:rev,2015-01-01,12.4,2026-09-26
tssos:rev,2015-02-01,13.2,2026-09-26
tssos:rev,2015-03-01,8.8,2026-09-26
tssos:rev,2015-04-01,15.1,2026-09-26
tssos:rev,2015-05-01,5.5,2026-09-26
tssos:rev,2015-06-01,14.3,2026-09-26
tssos:rev,2015-07-01,18.5,2026-09-26
tssos:rev,2015-08-01,9.6,2026-09-26
tssos:rev,2015-09-01,12.8,2026-09-26
tssos:rev,2015-10-01,8.1,2026-09-26
tssos:rev,2015-11-01,10.1,2026-09-26
tssos:rev,2015-12-01,14.5,2026-09-26
tssos:rev,2016-01-01,10.3,2026-09-26
tssos:rev,2016-02-01,10.0,2026-09-26
tssos:rev,2016-03-01,5.0,2026-09-26
tssos:rev,2016-04-01,11.6,2026-09-26
tssos:rev,2016-05-01,7.8,2026-09-26
tssos:rev,2016-06-01,17.4,2026-09-26
tssos:rev,2016-07-01,9.7,2026-09-26
tssos:rev,2016-08-01,6.6,2026-09-26
tssos:rev,2016-09-01,13.3,2026-09-26
tssos:rev,2016-10-01,10.6,2026-09-26
tssos:rev,2016-11-01,13.8,2026-09-26
tssos:rev,2016-12-01,21.0,2026-09-26
tssos:rev,2017-01-01,17.0,2026-09-26
tssos:rev,2017-02-01,13.9,2026-09-26
tssos:rev,2017-03-01,14.0,2026-09-26
tssos:rev,2017-04-01,13.1,2026-09-26
tssos:rev,2017-05-01,18.3,2026-09-26
tssos:rev,2017-06-01,16.4,2026-09-26
tssos:rev,2017-07-01,15.1,2026-09-26
tssos:rev,2017-08-01,14.2,2026-09-26
tssos:rev,2017-09-01,15.5,2026-09-26
tssos:rev,2017-10-01,19.7,2026-09-26
tssos:rev,2017-11-01,25.0,2026-09-26
tssos:rev,2017-12-01,25.2,2026-09-26
tssos:rev,2018-01-01,14.2,2026-09-26
tssos:rev,2018-02-01,13.6,2026-09-26
tssos:rev,2018-03-01,19.5,2026-09-26
tssos:rev,2018-04-01,15.1,2026-09-26
tssos:rev,2018-05-01,24.7,2026-09-26
tssos:rev,2018-06-01,19.8,2026-09-26
tssos:rev,2018-07-01,24.0,2026-09-26
tssos:rev,2018-08-01,21.0,2026-09-26
tssos:rev,2018-09-01,26.6,2026-09-26
tssos:rev,2018-10-01,18.8,2026-09-26
tssos:rev,2018-11-01,21.3,2026-09-26
tssos:rev,2018-12-01,9.4,2026-09-26
tssos:rev,2019-01-01,14.5,2026-09-26
tssos:rev,2019-02-01,17.9,2026-09-26
tssos:rev,2019-03-01,11.3,2026-09-26
tssos:rev,2019-04-01,14.0,2026-09-26
tssos:rev,2019-05-01,3.9,2026-09-26
tssos:rev,2019-06-01,14.7,2026-09-26
tssos:rev,2019-07-01,20.3,2026-09-26
tssos:rev,2019-08-01,7.3,2026-09-26
tssos:rev,2019-09-01,13.0,2026-09-26
tssos:rev,2019-10-01,16.2,2026-09-26
tssos:rev,2019-11-01,13.0,2026-09-26
tssos:rev,2019-12-01,18.6,2026-09-26
tssos:rev,2020-01-01,20.2,2026-09-26
tssos:rev,2020-02-01,13.8,2026-09-26
tssos:rev,2020-03-01,-66.6,2026-09-26
tssos:rev,2020-04-01,-65.7,2026-09-26
tssos:rev,2020-05-01,-26.4,2026-09-26
tssos:rev,2020-06-01,7.8,2026-09-26
tssos:rev,2020-07-01,-8.4,2026-09-26
tssos:rev,2020-08-01,2.5,2026-09-26
tssos:rev,2020-09-01,15.5,2026-09-26
tssos:rev,2020-10-01,8.8,2026-09-26
tssos:rev,2020-11-01,0.8,2026-09-26
tssos:rev,2020-12-01,6.0,2026-09-26
tssos:rev,2021-01-01,1.3,2026-09-26
tssos:rev,2021-02-01,2.1,2026-09-26
tssos:rev,2021-03-01,21.4,2026-09-26
tssos:rev,2021-04-01,26.5,2026-09-26
tssos:rev,2021-05-01,24.5,2026-09-26
tssos:rev,2021-06-01,17.8,2026-09-26
tssos:rev,2021-07-01,20.9,2026-09-26
tssos:rev,2021-08-01,16.0,2026-09-26
tssos:rev,2021-09-01,15.0,2026-09-26
tssos:rev,2021-10-01,20.4,2026-09-26
tssos:rev,2021-11-01,26.0,2026-09-26
tssos:rev,2021-12-01,20.8,2026-09-26
tssos:rev,2022-01-01,2.7,2026-09-26
tssos:rev,2022-02-01,21.6,2026-09-26
tssos:rev,2022-03-01,23.9,2026-09-26
tssos:rev,2022-04-01,11.6,2026-09-26
tssos:rev,2022-05-01,6.4,2026-09-26
tssos:rev,2022-06-01,10.4,2026-09-26
tssos:rev,2022-07-01,8.8,2026-09-26
tssos:rev,2022-08-01,6.6,2026-09-26
tssos:rev,2022-09-01,6.1,2026-09-26
tssos:rev,2022-10-01,9.3,2026-09-26
tssos:rev,2022-11-01,5.6,2026-09-26
tssos:rev,2022-12-01,-0.7,2026-09-26
tssos:rev,2023-01-01,5.0,2026-09-26
tssos:rev,2023-02-01,6.4,2026-09-26
tssos:rev,2023-03-01,5.6,2026-09-26
tssos:rev,2023-04-01,7.3,2026-09-26
tssos:rev,2023-05-01,7.4,2026-09-26
tssos:rev,2023-06-01,4.2,2026-09-26
tssos:rev,2023-07-01,12.3,2026-09-26
tssos:rev,2023-08-01,15.9,2026-09-26
tssos:rev,2023-09-01,8.5,2026-09-26
tssos:rev,2023-10-01,0.9,2026-09-26
tssos:rev,2023-11-01,-3.0,2026-09-26
tssos:rev,2023-12-01,3.9,2026-09-26
tssos:rev,2024-01-01,-4.0,2026-09-26
tssos:rev,2024-02-01,4.8,2026-09-26
tssos:rev,2024-03-01,4.0,2026-09-26
tssos:rev,2024-04-01,0.3,2026-09-26
tssos:rev,2024-05-01,7.3,2026-09-26
tssos:rev,2024-06-01,2.5,2026-09-26
tssos:rev,2024-07-01,7.6,2026-09-26
tssos:rev,2024-08-01,8.6,2026-09-26
tssos:rev,2024-09-01,10.7,2026-09-26
tssos:rev,2024-10-01,9.7,2026-09-26
tssos:rev,2024-11-01,10.8,2026-09-26
tssos:rev,2024-12-01,13.9,2026-09-26
tssos:rev,2025-01-01,5.2,2026-09-26
tssos:rev,2025-02-01,7.6,2026-09-26
tssos:rev,2025-03-01,0.6,2026-09-26
tssos:rev,2025-04-01,3.2,2026-09-26
tssos:rev,2025-05-01,-5.2,2026-09-26
tssos:rev,2025-06-01,-4.4,2026-09-26
tssos:rev,2025-07-01,5.9,2026-09-26
tssos:rev,2025-08-01,8.3,2026-09-26
tssos:rev,2025-09-01,-2.6,2026-09-26
tssos:rev,2025-10-01,-6.8,2026-09-26
tssos:rev,2025-11-01,-3.0,2026-09-26
tssos:rev,2025-12-01,0.0,2026-09-26
tssos:rev,2026-01-01,7.8,2026-09-26
tssos:rev,2026-02-01,4.1,2026-09-26
tssos:rev,2026-03-01,1.3,2026-09-26
tssos:rev,2026-04-01,4.3,2026-09-26
tssos:rev,2026-05-01,5.0,2026-09-26
tssos:rev,2026-06-01,9.8,2026-09-26
tssos:rev,2026-07-01,9.5,2026-09-26
tssos:rev,2026-08-01,6.6,2026-09-26
tssos:sell,2007-01-01,0.7,2026-09-26
tssos:sell,2007-02-01,9.3,2026-09-26
tssos:sell,2007-03-01,11.0,2026-09-26
tssos:sell,2007-04-01,9.3,2026-09-26
tssos:sell,2007-05-01,6.6,2026-09-26
tssos:sell,2007-06-01,3.6,2026-09-26
tssos:sell,2007-07-01,21.6,2026-09-26
tssos:sell,2007-08-01,8.8,2026-09-26
tssos:sell,2007-09-01,11.0,2026-09-26
tssos:sell,2007-10-01,6.8,2026-09-26
tssos:sell,2007-11-01,9.3,2026-09-26
tssos:sell,2007-12-01,4.4,2026-09-26
tssos:sell,2008-01-01,9.7,2026-09-26
tssos:sell,2008-02-01,-3.2,2026-09-26
tssos:sell,2008-03-01,1.1,2026-09-26
tssos:sell,2008-04-01,-1.5,2026-09-26
tssos:sell,2008-05-01,8.8,2026-09-26
tssos:sell,2008-06-01,10.3,2026-09-26
tssos:sell,2008-07-01,13.5,2026-09-26
tssos:sell,2008-08-01,3.1,2026-09-26
tssos:sell,2008-09-01,9.3,2026-09-26
tssos:sell,2008-10-01,-2.9,2026-09-26
tssos:sell,2008-11-01,-13.5,2026-09-26
tssos:sell,2008-12-01,-19.2,2026-09-26
tssos:sell,2009-01-01,-21.2,2026-09-26
tssos:sell,2009-02-01,-15.3,2026-09-26
tssos:sell,2009-03-01,-18.1,2026-09-26
tssos:sell,2009-04-01,-16.8,2026-09-26
tssos:sell,2009-05-01,-16.7,2026-09-26
tssos:sell,2009-06-01,-16.0,2026-09-26
tssos:sell,2009-07-01,-17.6,2026-09-26
tssos:sell,2009-08-01,-5.5,2026-09-26
tssos:sell,2009-09-01,-9.5,2026-09-26
tssos:sell,2009-10-01,-3.5,2026-09-26
tssos:sell,2009-11-01,-8.4,2026-09-26
tssos:sell,2009-12-01,0.4,2026-09-26
tssos:sell,2010-01-01,-0.7,2026-09-26
tssos:sell,2010-02-01,-2.6,2026-09-26
tssos:sell,2010-03-01,-0.3,2026-09-26
tssos:sell,2010-04-01,3.6,2026-09-26
tssos:sell,2010-05-01,4.5,2026-09-26
tssos:sell,2010-06-01,7.9,2026-09-26
tssos:sell,2010-07-01,-3.5,2026-09-26
tssos:sell,2010-08-01,3.4,2026-09-26
tssos:sell,2010-09-01,3.8,2026-09-26
tssos:sell,2010-10-01,3.0,2026-09-26
tssos:sell,2010-11-01,-0.1,2026-09-26
tssos:sell,2010-12-01,2.4,2026-09-26
tssos:sell,2011-01-01,8.5,2026-09-26
tssos:sell,2011-02-01,11.2,2026-09-26
tssos:sell,2011-03-01,9.2,2026-09-26
tssos:sell,2011-04-01,12.3,2026-09-26
tssos:sell,2011-05-01,8.4,2026-09-26
tssos:sell,2011-06-01,6.6,2026-09-26
tssos:sell,2011-07-01,7.1,2026-09-26
tssos:sell,2011-08-01,4.6,2026-09-26
tssos:sell,2011-09-01,6.8,2026-09-26
tssos:sell,2011-10-01,6.4,2026-09-26
tssos:sell,2011-11-01,10.6,2026-09-26
tssos:sell,2011-12-01,4.6,2026-09-26
tssos:sell,2012-01-01,6.7,2026-09-26
tssos:sell,2012-02-01,11.9,2026-09-26
tssos:sell,2012-03-01,12.0,2026-09-26
tssos:sell,2012-04-01,9.7,2026-09-26
tssos:sell,2012-05-01,4.4,2026-09-26
tssos:sell,2012-06-01,3.5,2026-09-26
tssos:sell,2012-07-01,0.4,2026-09-26
tssos:sell,2012-08-01,6.1,2026-09-26
tssos:sell,2012-09-01,7.9,2026-09-26
tssos:sell,2012-10-01,7.3,2026-09-26
tssos:sell,2012-11-01,6.9,2026-09-26
tssos:sell,2012-12-01,9.7,2026-09-26
tssos:sell,2013-01-01,11.0,2026-09-26
tssos:sell,2013-02-01,10.8,2026-09-26
tssos:sell,2013-03-01,5.2,2026-09-26
tssos:sell,2013-04-01,5.5,2026-09-26
tssos:sell,2013-05-01,3.0,2026-09-26
tssos:sell,2013-06-01,4.2,2026-09-26
tssos:sell,2013-07-01,9.7,2026-09-26
tssos:sell,2013-08-01,7.7,2026-09-26
tssos:sell,2013-09-01,5.9,2026-09-26
tssos:sell,2013-10-01,8.4,2026-09-26
tssos:sell,2013-11-01,7.6,2026-09-26
tssos:sell,2013-12-01,9.9,2026-09-26
tssos:sell,2014-01-01,11.6,2026-09-26
tssos:sell,2014-02-01,8.4,2026-09-26
tssos:sell,2014-03-01,10.2,2026-09-26
tssos:sell,2014-04-01,4.9,2026-09-26
tssos:sell,2014-05-01,6.0,2026-09-26
tssos:sell,2014-06-01,9.6,2026-09-26
tssos:sell,2014-07-01,10.2,2026-09-26
tssos:sell,2014-08-01,10.0,2026-09-26
tssos:sell,2014-09-01,7.1,2026-09-26
tssos:sell,2014-10-01,5.7,2026-09-26
tssos:sell,2014-11-01,8.6,2026-09-26
tssos:sell,2014-12-01,5.9,2026-09-26
tssos:sell,2015-01-01,2.6,2026-09-26
tssos:sell,2015-02-01,3.8,2026-09-26
tssos:sell,2015-03-01,1.2,2026-09-26
tssos:sell,2015-04-01,2.3,2026-09-26
tssos:sell,2015-05-01,2.4,2026-09-26
tssos:sell,2015-06-01,7.1,2026-09-26
tssos:sell,2015-07-01,1.8,2026-09-26
tssos:sell,2015-08-01,-0.7,2026-09-26
tssos:sell,2015-09-01,4.0,2026-09-26
tssos:sell,2015-10-01,4.2,2026-09-26
tssos:sell,2015-11-01,5.0,2026-09-26
tssos:sell,2015-12-01,5.7,2026-09-26
tssos:sell,2016-01-01,0.7,2026-09-26
tssos:sell,2016-02-01,-0.5,2026-09-26
tssos:sell,2016-03-01,3.8,2026-09-26
tssos:sell,2016-04-01,5.8,2026-09-26
tssos:sell,2016-05-01,3.9,2026-09-26
tssos:sell,2016-06-01,5.4,2026-09-26
tssos:sell,2016-07-01,3.7,2026-09-26
tssos:sell,2016-08-01,2.4,2026-09-26
tssos:sell,2016-09-01,4.6,2026-09-26
tssos:sell,2016-10-01,4.2,2026-09-26
tssos:sell,2016-11-01,5.0,2026-09-26
tssos:sell,2016-12-01,11.8,2026-09-26
tssos:sell,2017-01-01,13.0,2026-09-26
tssos:sell,2017-02-01,9.4,2026-09-26
tssos:sell,2017-03-01,5.5,2026-09-26
tssos:sell,2017-04-01,8.4,2026-09-26
tssos:sell,2017-05-01,11.3,2026-09-26
tssos:sell,2017-06-01,8.8,2026-09-26
tssos:sell,2017-07-01,12.7,2026-09-26
tssos:sell,2017-08-01,10.3,2026-09-26
tssos:sell,2017-09-01,10.9,2026-09-26
tssos:sell,2017-10-01,14.2,2026-09-26
tssos:sell,2017-11-01,12.5,2026-09-26
tssos:sell,2017-12-01,17.3,2026-09-26
tssos:sell,2018-01-01,14.8,2026-09-26
tssos:sell,2018-02-01,17.3,2026-09-26
tssos:sell,2018-03-01,18.3,2026-09-26
tssos:sell,2018-04-01,18.9,2026-09-26
tssos:sell,2018-05-01,18.0,2026-09-26
tssos:sell,2018-06-01,16.5,2026-09-26
tssos:sell,2018-07-01,15.2,2026-09-26
tssos:sell,2018-08-01,15.3,2026-09-26
tssos:sell,2018-09-01,16.7,2026-09-26
tssos:sell,2018-10-01,15.0,2026-09-26
tssos:sell,2018-11-01,14.5,2026-09-26
tssos:sell,2018-12-01,13.2,2026-09-26
tssos:sell,2019-01-01,10.6,2026-09-26
tssos:sell,2019-02-01,10.2,2026-09-26
tssos:sell,2019-03-01,11.8,2026-09-26
tssos:sell,2019-04-01,9.8,2026-09-26
tssos:sell,2019-05-01,5.4,2026-09-26
tssos:sell,2019-06-01,7.5,2026-09-26
tssos:sell,2019-07-01,7.0,2026-09-26
tssos:sell,2019-08-01,5.0,2026-09-26
tssos:sell,2019-09-01,5.7,2026-09-26
tssos:sell,2019-10-01,3.3,2026-09-26
tssos:sell,2019-11-01,4.8,2026-09-26
tssos:sell,2019-12-01,7.8,2026-09-26
tssos:sell,2020-01-01,14.9,2026-09-26
tssos:sell,2020-02-01,9.5,2026-09-26
tssos:sell,2020-03-01,-25.2,2026-09-26
tssos:sell,2020-04-01,-30.7,2026-09-26
tssos:sell,2020-05-01,-19.2,2026-09-26
tssos:sell,2020-06-01,-1.6,2026-09-26
tssos:sell,2020-07-01,-4.4,2026-09-26
tssos:sell,2020-08-01,5.8,2026-09-26
tssos:sell,2020-09-01,3.8,2026-09-26
tssos:sell,2020-10-01,5.7,2026-09-26
tssos:sell,2020-11-01,4.8,2026-09-26
tssos:sell,2020-12-01,6.3,2026-09-26
tssos:sell,2021-01-01,6.5,2026-09-26
tssos:sell,2021-02-01,9.4,2026-09-26
tssos:sell,2021-03-01,12.3,2026-09-26
tssos:sell,2021-04-01,18.7,2026-09-26
tssos:sell,2021-05-01,23.8,2026-09-26
tssos:sell,2021-06-01,29.1,2026-09-26
tssos:sell,2021-07-01,25.6,2026-09-26
tssos:sell,2021-08-01,21.8,2026-09-26
tssos:sell,2021-09-01,21.6,2026-09-26
tssos:sell,2021-10-01,24.1,2026-09-26
tssos:sell,2021-11-01,31.4,2026-09-26
tssos:sell,2021-12-01,28.1,2026-09-26
tssos:sell,2022-01-01,29.7,2026-09-26
tssos:sell,2022-02-01,29.5,2026-09-26
tssos:sell,2022-03-01,34.3,2026-09-26
tssos:sell,2022-04-01,33.9,2026-09-26
tssos:sell,2022-05-01,33.0,2026-09-26
tssos:sell,2022-06-01,29.4,2026-09-26
tssos:sell,2022-07-01,25.7,2026-09-26
tssos:sell,2022-08-01,23.2,2026-09-26
tssos:sell,2022-09-01,20.4,2026-09-26
tssos:sell,2022-10-01,19.3,2026-09-26
tssos:sell,2022-11-01,17.4,2026-09-26
tssos:sell,2022-12-01,19.1,2026-09-26
tssos:sell,2023-01-01,18.6,2026-09-26
tssos:sell,2023-02-01,19.5,2026-09-26
tssos:sell,2023-03-01,11.1,2026-09-26
tssos:sell,2023-04-01,15.6,2026-09-26
tssos:sell,2023-05-01,13.4,2026-09-26
tssos:sell,2023-06-01,12.4,2026-09-26
tssos:sell,2023-07-01,9.4,2026-09-26
tssos:sell,2023-08-01,13.9,2026-09-26
tssos:sell,2023-09-01,9.4,2026-09-26
tssos:sell,2023-10-01,9.1,2026-09-26
tssos:sell,2023-11-01,11.1,2026-09-26
tssos:sell,2023-12-01,12.7,2026-09-26
tssos:sell,2024-01-01,8.3,2026-09-26
tssos:sell,2024-02-01,7.5,2026-09-26
tssos:sell,2024-03-01,7.5,2026-09-26
tssos:sell,2024-04-01,3.5,2026-09-26
tssos:sell,2024-05-01,3.7,2026-09-26
tssos:sell,2024-06-01,3.6,2026-09-26
tssos:sell,2024-07-01,4.6,2026-09-26
tssos:sell,2024-08-01,4.4,2026-09-26
tssos:sell,2024-09-01,5.1,2026-09-26
tssos:sell,2024-10-01,3.5,2026-09-26
tssos:sell,2024-11-01,2.7,2026-09-26
tssos:sell,2024-12-01,7.5,2026-09-26
tssos:sell,2025-01-01,13.7,2026-09-26
tssos:sell,2025-02-01,7.8,2026-09-26
tssos:sell,2025-03-01,5.0,2026-09-26
tssos:sell,2025-04-01,8.0,2026-09-26
tssos:sell,2025-05-01,4.8,2026-09-26
tssos:sell,2025-06-01,6.6,2026-09-26
tssos:sell,2025-07-01,3.2,2026-09-26
tssos:sell,2025-08-01,2.6,2026-09-26
tssos:sell,2025-09-01,1.6,2026-09-26
tssos:sell,2025-10-01,4.6,2026-09-26
tssos:sell,2025-11-01,6.6,2026-09-26
tssos:sell,2025-12-01,8.2,2026-09-26
tssos:sell,2026-01-01,7.9,2026-09-26
tssos:sell,2026-02-01,8.3,2026-09-26
tssos:sell,2026-03-01,4.9,2026-09-26
tssos:sell,2026-04-01,8.3,2026-09-26
tssos:sell,2026-05-01,5.0,2026-09-26
tssos:sell,2026-06-01,7.7,2026-09-26
tssos:sell,2026-07-01,14.2,2026-09-26
tssos:sell,2026-08-01,8.9,2026-09-26
tssos:uncr,2018-01-01,-1.5,2026-09-26
tssos:uncr,2018-02-01,10.0,2026-09-26
tssos:uncr,2018-03-01,6.5,2026-09-26
tssos:uncr,2018-04-01,11.8,2026-09-26
tssos:uncr,2018-05-01,4.7,2026-09-26
tssos:uncr,2018-06-01,6.7,2026-09-26
tssos:uncr,2018-07-01,12.0,2026-09-26
tssos:uncr,2018-08-01,11.1,2026-09-26
tssos:uncr,2018-09-01,9.0,2026-09-26
tssos:uncr,2018-10-01,7.8,2026-09-26
tssos:uncr,2018-11-01,12.1,2026-09-26
tssos:uncr,2018-12-01,16.4,2026-09-26
tssos:uncr,2019-01-01,13.7,2026-09-26
tssos:uncr,2019-02-01,8.9,2026-09-26
tssos:uncr,2019-03-01,12.2,2026-09-26
tssos:uncr,2019-04-01,13.2,2026-09-26
tssos:uncr,2019-05-01,18.4,2026-09-26
tssos:uncr,2019-06-01,19.0,2026-09-26
tssos:uncr,2019-07-01,16.2,2026-09-26
tssos:uncr,2019-08-01,19.4,2026-09-26
tssos:uncr,2019-09-01,15.4,2026-09-26
tssos:uncr,2019-10-01,17.8,2026-09-26
tssos:uncr,2019-11-01,10.3,2026-09-26
tssos:uncr,2019-12-01,2.9,2026-09-26
tssos:uncr,2020-01-01,7.3,2026-09-26
tssos:uncr,2020-02-01,4.8,2026-09-26
tssos:uncr,2020-03-01,37.9,2026-09-26
tssos:uncr,2020-04-01,43.8,2026-09-26
tssos:uncr,2020-05-01,25.8,2026-09-26
tssos:uncr,2020-06-01,5.6,2026-09-26
tssos:uncr,2020-07-01,29.3,2026-09-26
tssos:uncr,2020-08-01,5.5,2026-09-26
tssos:uncr,2020-09-01,0.0,2026-09-26
tssos:uncr,2020-10-01,5.6,2026-09-26
tssos:uncr,2020-11-01,16.6,2026-09-26
tssos:uncr,2020-12-01,6.7,2026-09-26
tssos:uncr,2021-01-01,6.1,2026-09-26
tssos:uncr,2021-02-01,1.8,2026-09-26
tssos:uncr,2021-03-01,-9.2,2026-09-26
tssos:uncr,2021-04-01,-10.0,2026-09-26
tssos:uncr,2021-05-01,-5.8,2026-09-26
tssos:uncr,2021-06-01,1.3,2026-09-26
tssos:uncr,2021-07-01,6.5,2026-09-26
tssos:uncr,2021-08-01,20.1,2026-09-26
tssos:uncr,2021-09-01,19.6,2026-09-26
tssos:uncr,2021-10-01,12.3,2026-09-26
tssos:uncr,2021-11-01,12.2,2026-09-26
tssos:uncr,2021-12-01,11.9,2026-09-26
tssos:uncr,2022-01-01,19.3,2026-09-26
tssos:uncr,2022-02-01,7.9,2026-09-26
tssos:uncr,2022-03-01,23.3,2026-09-26
tssos:uncr,2022-04-01,19.7,2026-09-26
tssos:uncr,2022-05-01,24.6,2026-09-26
tssos:uncr,2022-06-01,41.3,2026-09-26
tssos:uncr,2022-07-01,22.1,2026-09-26
tssos:uncr,2022-08-01,19.8,2026-09-26
tssos:uncr,2022-09-01,14.4,2026-09-26
tssos:uncr,2022-10-01,27.5,2026-09-26
tssos:uncr,2022-11-01,22.4,2026-09-26
tssos:uncr,2022-12-01,23.3,2026-09-26
tssos:uncr,2023-01-01,19.8,2026-09-26
tssos:uncr,2023-02-01,13.1,2026-09-26
tssos:uncr,2023-03-01,23.3,2026-09-26
tssos:uncr,2023-04-01,16.5,2026-09-26
tssos:uncr,2023-05-01,15.2,2026-09-26
tssos:uncr,2023-06-01,13.2,2026-09-26
tssos:uncr,2023-07-01,10.7,2026-09-26
tssos:uncr,2023-08-01,11.3,2026-09-26
tssos:uncr,2023-09-01,14.8,2026-09-26
tssos:uncr,2023-10-01,22.9,2026-09-26
tssos:uncr,2023-11-01,9.8,2026-09-26
tssos:uncr,2023-12-01,14.0,2026-09-26
tssos:uncr,2024-01-01,14.3,2026-09-26
tssos:uncr,2024-02-01,6.8,2026-09-26
tssos:uncr,2024-03-01,11.0,2026-09-26
tssos:uncr,2024-04-01,13.9,2026-09-26
tssos:uncr,2024-05-01,11.5,2026-09-26
tssos:uncr,2024-06-01,13.4,2026-09-26
tssos:uncr,2024-07-01,8.2,2026-09-26
tssos:uncr,2024-08-01,13.7,2026-09-26
tssos:uncr,2024-09-01,9.3,2026-09-26
tssos:uncr,2024-10-01,17.8,2026-09-26
tssos:uncr,2024-11-01,1.0,2026-09-26
tssos:uncr,2024-12-01,1.6,2026-09-26
tssos:uncr,2025-01-01,3.0,2026-09-26
tssos:uncr,2025-02-01,14.2,2026-09-26
tssos:uncr,2025-03-01,27.6,2026-09-26
tssos:uncr,2025-04-01,40.6,2026-09-26
tssos:uncr,2025-05-01,18.9,2026-09-26
tssos:uncr,2025-06-01,19.5,2026-09-26
tssos:uncr,2025-07-01,12.9,2026-09-26
tssos:uncr,2025-08-01,11.4,2026-09-26
tssos:uncr,2025-09-01,22.8,2026-09-26
tssos:uncr,2025-10-01,22.4,2026-09-26
tssos:uncr,2025-11-01,18.4,2026-09-26
tssos:uncr,2025-12-01,16.1,2026-09-26
tssos:uncr,2026-01-01,16.5,2026-09-26
tssos:uncr,2026-02-01,9.3,2026-09-26
tssos:uncr,2026-03-01,27.0,2026-09-26
tssos:uncr,2026-04-01,24.8,2026-09-26
tssos:uncr,2026-05-01,14.0,2026-09-26
tssos:uncr,2026-06-01,12.6,2026-09-26
tssos:uncr,2026-07-01,12.7,2026-09-26
tssos:uncr,2026-08-01,12.9,2026-09-26
tssos:wgs,2007-01-01,20.1,2026-09-26
tssos:wgs,2007-02-01,18.8,2026-09-26
tssos:wgs,2007-03-01,17.8,2026-09-26
tssos:wgs,2007-04-01,15.0,2026-09-26
tssos:wgs,2007-05-01,15.5,2026-09-26
tssos:wgs,2007-06-01,14.2,2026-09-26
tssos:wgs,2007-07-01,20.5,2026-09-26
tssos:wgs,2007-08-01,16.3,2026-09-26
tssos:wgs,2007-09-01,18.9,2026-09-26
tssos:wgs,2007-10-01,23.2,2026-09-26
tssos:wgs,2007-11-01,16.4,2026-09-26
tssos:wgs,2007-12-01,16.2,2026-09-26
tssos:wgs,2008-01-01,20.0,2026-09-26
tssos:wgs,2008-02-01,15.4,2026-09-26
tssos:wgs,2008-03-01,15.9,2026-09-26
tssos:wgs,2008-04-01,12.1,2026-09-26
tssos:wgs,2008-05-01,15.8,2026-09-26
tssos:wgs,2008-06-01,13.3,2026-09-26
tssos:wgs,2008-07-01,21.8,2026-09-26
tssos:wgs,2008-08-01,15.6,2026-09-26
tssos:wgs,2008-09-01,12.3,2026-09-26
tssos:wgs,2008-10-01,6.4,2026-09-26
tssos:wgs,2008-11-01,3.3,2026-09-26
tssos:wgs,2008-12-01,5.0,2026-09-26
tssos:wgs,2009-01-01,-0.2,2026-09-26
tssos:wgs,2009-02-01,-3.4,2026-09-26
tssos:wgs,2009-03-01,-7.6,2026-09-26
tssos:wgs,2009-04-01,-3.7,2026-09-26
tssos:wgs,2009-05-01,-1.4,2026-09-26
tssos:wgs,2009-06-01,-0.3,2026-09-26
tssos:wgs,2009-07-01,2.1,2026-09-26
tssos:wgs,2009-08-01,6.2,2026-09-26
tssos:wgs,2009-09-01,0.6,2026-09-26
tssos:wgs,2009-10-01,6.2,2026-09-26
tssos:wgs,2009-11-01,1.8,2026-09-26
tssos:wgs,2009-12-01,4.5,2026-09-26
tssos:wgs,2010-01-01,5.0,2026-09-26
tssos:wgs,2010-02-01,9.0,2026-09-26
tssos:wgs,2010-03-01,10.7,2026-09-26
tssos:wgs,2010-04-01,8.5,2026-09-26
tssos:wgs,2010-05-01,12.7,2026-09-26
tssos:wgs,2010-06-01,10.7,2026-09-26
tssos:wgs,2010-07-01,6.7,2026-09-26
tssos:wgs,2010-08-01,6.8,2026-09-26
tssos:wgs,2010-09-01,6.2,2026-09-26
tssos:wgs,2010-10-01,13.1,2026-09-26
tssos:wgs,2010-11-01,8.2,2026-09-26
tssos:wgs,2010-12-01,10.9,2026-09-26
tssos:wgs,2011-01-01,10.8,2026-09-26
tssos:wgs,2011-02-01,7.3,2026-09-26
tssos:wgs,2011-03-01,11.9,2026-09-26
tssos:wgs,2011-04-01,13.2,2026-09-26
tssos:wgs,2011-05-01,13.2,2026-09-26
tssos:wgs,2011-06-01,11.1,2026-09-26
tssos:wgs,2011-07-01,17.5,2026-09-26
tssos:wgs,2011-08-01,11.5,2026-09-26
tssos:wgs,2011-09-01,11.5,2026-09-26
tssos:wgs,2011-10-01,14.4,2026-09-26
tssos:wgs,2011-11-01,14.3,2026-09-26
tssos:wgs,2011-12-01,13.5,2026-09-26
tssos:wgs,2012-01-01,14.3,2026-09-26
tssos:wgs,2012-02-01,17.1,2026-09-26
tssos:wgs,2012-03-01,12.7,2026-09-26
tssos:wgs,2012-04-01,15.1,2026-09-26
tssos:wgs,2012-05-01,12.7,2026-09-26
tssos:wgs,2012-06-01,14.4,2026-09-26
tssos:wgs,2012-07-01,14.7,2026-09-26
tssos:wgs,2012-08-01,8.2,2026-09-26
tssos:wgs,2012-09-01,12.4,2026-09-26
tssos:wgs,2012-10-01,14.8,2026-09-26
tssos:wgs,2012-11-01,8.2,2026-09-26
tssos:wgs,2012-12-01,13.8,2026-09-26
tssos:wgs,2013-01-01,12.2,2026-09-26
tssos:wgs,2013-02-01,12.5,2026-09-26
tssos:wgs,2013-03-01,10.9,2026-09-26
tssos:wgs,2013-04-01,15.2,2026-09-26
tssos:wgs,2013-05-01,14.2,2026-09-26
tssos:wgs,2013-06-01,14.1,2026-09-26
tssos:wgs,2013-07-01,16.0,2026-09-26
tssos:wgs,2013-08-01,15.3,2026-09-26
tssos:wgs,2013-09-01,14.6,2026-09-26
tssos:wgs,2013-10-01,9.4,2026-09-26
tssos:wgs,2013-11-01,13.0,2026-09-26
tssos:wgs,2013-12-01,18.5,2026-09-26
tssos:wgs,2014-01-01,17.2,2026-09-26
tssos:wgs,2014-02-01,16.8,2026-09-26
tssos:wgs,2014-03-01,21.6,2026-09-26
tssos:wgs,2014-04-01,22.4,2026-09-26
tssos:wgs,2014-05-01,16.8,2026-09-26
tssos:wgs,2014-06-01,20.0,2026-09-26
tssos:wgs,2014-07-01,21.1,2026-09-26
tssos:wgs,2014-08-01,20.8,2026-09-26
tssos:wgs,2014-09-01,20.5,2026-09-26
tssos:wgs,2014-10-01,18.7,2026-09-26
tssos:wgs,2014-11-01,16.9,2026-09-26
tssos:wgs,2014-12-01,16.4,2026-09-26
tssos:wgs,2015-01-01,13.2,2026-09-26
tssos:wgs,2015-02-01,15.8,2026-09-26
tssos:wgs,2015-03-01,15.2,2026-09-26
tssos:wgs,2015-04-01,16.6,2026-09-26
tssos:wgs,2015-05-01,16.0,2026-09-26
tssos:wgs,2015-06-01,14.7,2026-09-26
tssos:wgs,2015-07-01,15.4,2026-09-26
tssos:wgs,2015-08-01,13.7,2026-09-26
tssos:wgs,2015-09-01,16.9,2026-09-26
tssos:wgs,2015-10-01,14.9,2026-09-26
tssos:wgs,2015-11-01,16.0,2026-09-26
tssos:wgs,2015-12-01,20.5,2026-09-26
tssos:wgs,2016-01-01,20.3,2026-09-26
tssos:wgs,2016-02-01,20.8,2026-09-26
tssos:wgs,2016-03-01,16.3,2026-09-26
tssos:wgs,2016-04-01,16.8,2026-09-26
tssos:wgs,2016-05-01,13.7,2026-09-26
tssos:wgs,2016-06-01,14.3,2026-09-26
tssos:wgs,2016-07-01,9.8,2026-09-26
tssos:wgs,2016-08-01,13.7,2026-09-26
tssos:wgs,2016-09-01,15.5,2026-09-26
tssos:wgs,2016-10-01,12.4,2026-09-26
tssos:wgs,2016-11-01,18.1,2026-09-26
tssos:wgs,2016-12-01,18.7,2026-09-26
tssos:wgs,2017-01-01,17.6,2026-09-26
tssos:wgs,2017-02-01,18.0,2026-09-26
tssos:wgs,2017-03-01,16.1,2026-09-26
tssos:wgs,2017-04-01,17.6,2026-09-26
tssos:wgs,2017-05-01,17.8,2026-09-26
tssos:wgs,2017-06-01,21.2,2026-09-26
tssos:wgs,2017-07-01,16.8,2026-09-26
tssos:wgs,2017-08-01,16.0,2026-09-26
tssos:wgs,2017-09-01,16.7,2026-09-26
tssos:wgs,2017-10-01,17.9,2026-09-26
tssos:wgs,2017-11-01,19.9,2026-09-26
tssos:wgs,2017-12-01,21.9,2026-09-26
tssos:wgs,2018-01-01,14.7,2026-09-26
tssos:wgs,2018-02-01,24.4,2026-09-26
tssos:wgs,2018-03-01,19.6,2026-09-26
tssos:wgs,2018-04-01,25.2,2026-09-26
tssos:wgs,2018-05-01,24.0,2026-09-26
tssos:wgs,2018-06-01,24.2,2026-09-26
tssos:wgs,2018-07-01,26.9,2026-09-26
tssos:wgs,2018-08-01,26.6,2026-09-26
tssos:wgs,2018-09-01,23.1,2026-09-26
tssos:wgs,2018-10-01,21.4,2026-09-26
tssos:wgs,2018-11-01,22.2,2026-09-26
tssos:wgs,2018-12-01,20.5,2026-09-26
tssos:wgs,2019-01-01,18.4,2026-09-26
tssos:wgs,2019-02-01,19.8,2026-09-26
tssos:wgs,2019-03-01,22.3,2026-09-26
tssos:wgs,2019-04-01,20.6,2026-09-26
tssos:wgs,2019-05-01,19.2,2026-09-26
tssos:wgs,2019-06-01,16.5,2026-09-26
tssos:wgs,2019-07-01,20.9,2026-09-26
tssos:wgs,2019-08-01,19.8,2026-09-26
tssos:wgs,2019-09-01,14.6,2026-09-26
tssos:wgs,2019-10-01,18.9,2026-09-26
tssos:wgs,2019-11-01,15.7,2026-09-26
tssos:wgs,2019-12-01,18.9,2026-09-26
tssos:wgs,2020-01-01,18.7,2026-09-26
tssos:wgs,2020-02-01,18.5,2026-09-26
tssos:wgs,2020-03-01,-14.1,2026-09-26
tssos:wgs,2020-04-01,-23.7,2026-09-26
tssos:wgs,2020-05-01,-7.3,2026-09-26
tssos:wgs,2020-06-01,7.0,2026-09-26
tssos:wgs,2020-07-01,1.0,2026-09-26
tssos:wgs,2020-08-01,4.8,2026-09-26
tssos:wgs,2020-09-01,7.3,2026-09-26
tssos:wgs,2020-10-01,9.3,2026-09-26
tssos:wgs,2020-11-01,11.5,2026-09-26
tssos:wgs,2020-12-01,9.0,2026-09-26
tssos:wgs,2021-01-01,11.8,2026-09-26
tssos:wgs,2021-02-01,13.3,2026-09-26
tssos:wgs,2021-03-01,19.8,2026-09-26
tssos:wgs,2021-04-01,22.3,2026-09-26
tssos:wgs,2021-05-01,27.6,2026-09-26
tssos:wgs,2021-06-01,31.4,2026-09-26
tssos:wgs,2021-07-01,28.3,2026-09-26
tssos:wgs,2021-08-01,33.2,2026-09-26
tssos:wgs,2021-09-01,27.5,2026-09-26
tssos:wgs,2021-10-01,35.5,2026-09-26
tssos:wgs,2021-11-01,35.4,2026-09-26
tssos:wgs,2021-12-01,36.2,2026-09-26
tssos:wgs,2022-01-01,37.0,2026-09-26
tssos:wgs,2022-02-01,34.8,2026-09-26
tssos:wgs,2022-03-01,35.9,2026-09-26
tssos:wgs,2022-04-01,32.8,2026-09-26
tssos:wgs,2022-05-01,34.9,2026-09-26
tssos:wgs,2022-06-01,34.0,2026-09-26
tssos:wgs,2022-07-01,27.3,2026-09-26
tssos:wgs,2022-08-01,25.4,2026-09-26
tssos:wgs,2022-09-01,23.8,2026-09-26
tssos:wgs,2022-10-01,22.1,2026-09-26
tssos:wgs,2022-11-01,24.7,2026-09-26
tssos:wgs,2022-12-01,19.9,2026-09-26
tssos:wgs,2023-01-01,21.3,2026-09-26
tssos:wgs,2023-02-01,19.4,2026-09-26
tssos:wgs,2023-03-01,19.5,2026-09-26
tssos:wgs,2023-04-01,18.5,2026-09-26
tssos:wgs,2023-05-01,16.8,2026-09-26
tssos:wgs,2023-06-01,18.4,2026-09-26
tssos:wgs,2023-07-01,16.7,2026-09-26
tssos:wgs,2023-08-01,20.1,2026-09-26
tssos:wgs,2023-09-01,18.1,2026-09-26
tssos:wgs,2023-10-01,16.7,2026-09-26
tssos:wgs,2023-11-01,15.9,2026-09-26
tssos:wgs,2023-12-01,15.7,2026-09-26
tssos:wgs,2024-01-01,16.7,2026-09-26
tssos:wgs,2024-02-01,15.5,2026-09-26
tssos:wgs,2024-03-01,19.4,2026-09-26
tssos:wgs,2024-04-01,14.2,2026-09-26
tssos:wgs,2024-05-01,16.2,2026-09-26
tssos:wgs,2024-06-01,16.2,2026-09-26
tssos:wgs,2024-07-01,13.1,2026-09-26
tssos:wgs,2024-08-01,13.9,2026-09-26
tssos:wgs,2024-09-01,11.6,2026-09-26
tssos:wgs,2024-10-01,15.8,2026-09-26
tssos:wgs,2024-11-01,15.6,2026-09-26
tssos:wgs,2024-12-01,15.2,2026-09-26
tssos:wgs,2025-01-01,15.6,2026-09-26
tssos:wgs,2025-02-01,11.0,2026-09-26
tssos:wgs,2025-03-01,10.1,2026-09-26
tssos:wgs,2025-04-01,9.1,2026-09-26
tssos:wgs,2025-05-01,9.5,2026-09-26
tssos:wgs,2025-06-01,8.4,2026-09-26
tssos:wgs,2025-07-01,13.3,2026-09-26
tssos:wgs,2025-08-01,15.7,2026-09-26
tssos:wgs,2025-09-01,11.8,2026-09-26
tssos:wgs,2025-10-01,10.7,2026-09-26
tssos:wgs,2025-11-01,14.6,2026-09-26
tssos:wgs,2025-12-01,10.6,2026-09-26
tssos:wgs,2026-01-01,13.5,2026-09-26
tssos:wgs,2026-02-01,9.2,2026-09-26
tssos:wgs,2026-03-01,12.9,2026-09-26
tssos:wgs,2026-04-01,7.7,2026-09-26
tssos:wgs,2026-05-01,6.2,2026-09-26
tssos:wgs,2026-06-01,15.3,2026-09-26
tssos:wgs,2026-07-01,15.7,2026-09-26
tssos:wgs,2026-08-01,18.8,2026-09-26
