permit_number,status_current,description,applicant_org,original_address1,original_city,original_zip,issue_date,work_class,latitude,longitude
2005-002483 BP,Active,Amnesty Co For Restaurant - No Work,,3100 S US 183 HWY SB,AUSTIN,78744,2026-07-30T00:00:00.000,Remodel,,
2020-118017 BP,Active,ePlan: Expedited Review - New Construction of a Maintenance Barn (4705 sf.),Warden Construction Corporation,2338 COLUMBUS DR,AUSTIN,78746,2025-04-17T00:00:00.000,New,30.26614408,-97.77686198
2020-118019 BP,Active,ePlan: Expedited Review - New Construction of accessory  Pole Barns (600 sf each).,Warden Construction Corporation,2338 COLUMBUS DR,AUSTIN,78746,2025-04-17T00:00:00.000,New,30.26614408,-97.77686198
2020-118020 BP,Active,ePlan: Expedited Review - New Construction of accessory  Pole Barns (600 sf each).,Warden Construction Corporation,2338 COLUMBUS DR,AUSTIN,78746,2025-04-17T00:00:00.000,New,30.26614408,-97.77686198
2020-128034 BP,Active,"New construction of restaurant shell (NOT FOR OCCUPANCY)
This used to be building 10",Austin Ly & Nguyen LLC,900 E PARMER LN BLDG 9,AUSTIN,78753,2025-04-04T00:00:00.000,Shell,,
2020-128038 BP,Active,New construction of restaurant shell (NOT FOR OCCUPANCY),Austin Ly & Nguyen LLC,900 E PARMER LN BLDG 3,AUSTIN,78753,2025-04-09T00:00:00.000,Shell,,
2020-134637 BP,Expired,2499 sf SHELL BLDG ONLY RESTAURANT,Austin Ly & Nguyen LLC,900 E PARMER LN BLDG 7,AUSTIN,78753,2025-06-30T00:00:00.000,Shell,,
2022-034654 BP,Active,ePlan: Expedited Review -  New Construction of a Restaurant (4706 sf) with Covered Patio (2040 sf.) total 6746 sf.,Siegert Design And Construction,1806 W BRAKER LN BLDG 1,AUSTIN,78758,2025-10-22T00:00:00.000,New,30.39143065,-97.70450482
2022-073691 BP,Active,ePlan: Expedited Review - First Time Tenant Finish-Out to create Restaurant with Mezzanine (10643 SF),"Sabre Commercial, Inc.**MAIN**",44 EAST AVE UNIT 100,AUSTIN,78701,2026-09-10T00:00:00.000,Remodel,30.25593982,-97.7389342
2022-110609 BP,Active,New construction of restaurant SHELL (NOT FOR OCCUPANCY),Austin Ly & Nguyen LLC,13001 HARRIS RIDGE BLVD BLDG 1,AUSTIN,78753,2025-05-22T00:00:00.000,Shell,30.40436607,-97.65491915
2022-110829 BP,Active,"Tenant finish out to create restaurant
EPLAN REVIEW 
FR 2022-",Trinity Constructors,1900 ALDRICH ST UNIT 140,AUSTIN,78723,2026-03-02T00:00:00.000,Remodel,30.29891081,-97.70503445
2022-111380 BP,Active,New construction of  restaurant SHELL (NOT FOR OCCUPANCY),Austin Ly & Nguyen LLC,900 E PARMER LN BLDG 4,AUSTIN,78753,2025-04-04T00:00:00.000,Shell,,
2022-114899 BP,Expired,"Tenant Improvements to an Existing Shell Space for Restaurant Use-Change of Use + Interior Remodel +Addition of Grease Trap
unit used to be 106",Icon Home Builders & Remodeling,9231 W PARMER LN UNIT 107,AUSTIN,78717,2024-12-16T00:00:00.000,Remodel,,
2022-170156 BP,Final,"ePlan - Expedited Review: Interior remodel to existing coffee shop (3632 SF).

REVISION 1:  Interior remodel to Shugs Austin per: new owner. (3632 SF).",20Twenty Construction,1206 PARKWAY,AUSTIN,78703,2025-01-13T00:00:00.000,Remodel,30.27755326,-97.75152616
2023-084614 BP,Final,ePlan-Expedited Review: New Construction of a Restaurant including Bar Brewing Area covered and uncovered seating Kitchen and Restrooms. (8428 SF),"Navcon Group, LLC***MAIN***",1900 E HOWARD LN BLDG H UNIT 1,AUSTIN,78660,2024-11-14T00:00:00.000,New,,
2023-087696 BP,Final,ePlan-Expedited Review: First Time Finish Out for Lobby and Coffee/Cocktail Lounge - 1st Floor also contains Food and Beverages Space/Terrace to be permitted separately (2603),JE Dunn Construction ***MAIN***,80 RAINEY ST UNIT FLR1,AUSTIN,78701,2025-10-06T00:00:00.000,Remodel,30.25922859,-97.73890286
2023-087698 BP,Final,ePlan-Expedited Review: First Time Finish Out for Amenity Area - Contains Sauna Wellness Dog Spa Spin/Yoga Room and Club Bar Shell Area to be permitted separately (4326 SF),JE Dunn Construction ***MAIN***,80 RAINEY ST UNIT FLR12,AUSTIN,78701,2025-10-06T00:00:00.000,Remodel,30.25922859,-97.73890286
2023-087699 BP,Final,ePlan-Expedited Review: First Time Finish Out for Amenity Deck - Contains Pool Deck and Bar Cabanas Club Deck and Bar and Dog Park (10305 SF),JE Dunn Construction ***MAIN***,80 RAINEY ST UNIT FLR12,AUSTIN,78701,2025-10-06T00:00:00.000,Remodel,30.25922859,-97.73890286
2023-087740 BP,Final,ePlan-Expedited Review: First Time Finish Out for Amenity Bar (1371 SF),JE Dunn Construction ***MAIN***,80 RAINEY ST UNIT FLR48,AUSTIN,78701,2025-10-06T00:00:00.000,Remodel,30.25922859,-97.73890286
2023-100512 BP,Final,Construction of 2nd level floor slab and elevator in existing unoccupied shell space for future restaurant use.,Structure Tone Southwest **MAIN**,600 GUADALUPE ST UNIT 100,AUSTIN,78701,2025-06-25T00:00:00.000,Remodel,30.26933058,-97.74638485
2023-127594 BP,Final,Interior tenant alteration of an existing space in the Barton Square Creek Mall.,James Hunt Construction Co Inc,2901 S CAPITAL OF TEXAS HWY NB UNIT R09A,AUSTIN,78746,2025-02-04T00:00:00.000,Remodel,30.25788603,-97.80700704
2023-153474 BP,Final,Change of Use from Personal Services to Retail and Interior Remodel of Existing Tenant Space in Barton Creek Square Mall - Suite A02A,Bar Electric,2901 S CAPITAL OF TEXAS HWY NB UNIT A02A,AUSTIN,78746,2025-05-06T00:00:00.000,Remodel,30.25788603,-97.80700704
2024-024160 BP,Active,ePlan-Expedited Review: Change of Use and Remodel from Single Family Res to Restaurant Shel Building (2589 SF).,Trinity Constructors,207 E ST ELMO RD,AUSTIN,78745,2025-06-13T00:00:00.000,Shell,30.2160244,-97.76486574
2024-031962 BP,Active,Finish out for Cocktail Lounge,Flintco LLC *MAIN*,610 DAVIS ST UNIT 100,AUSTIN,78701,2024-10-28T00:00:00.000,Remodel,,
2024-034210 BP,Final,Installation of safety handrails safety strips step-bridge and warning barriers to meet OSHA safety standards.,"GOCC, INC DBA: Global One Communications Co.",300 1/2 S CONGRESS AVE,AUSTIN,78704,2025-02-27T00:00:00.000,Remodel,30.25867989,-97.74672408
2024-042974 BP,Expired,ePlan: Expedited Review - Interior Remodel to reduce in size to create separate bar at 718 W 6th St (4651 SF).,Josh Speck Construction,716 W 6TH ST,AUSTIN,78701,2024-10-22T00:00:00.000,Remodel,,
2024-056672 BP,Final,Change of use to Cocktail lounge and Food Sales (Dispensary) for Paint move in furniture and appliances,Club 420 ATX,501 NECHES ST,AUSTIN,78701,2024-10-11T00:00:00.000,Remodel,30.26597211,-97.73834459
2024-071396 BP,Expired,Remodel of existing restaurant including new lighting new finishes in dining room and installation of walk-up window.,John King Construction Company  **MAIN**,9504 N LAMAR BLVD,AUSTIN,78758,2024-11-11T00:00:00.000,Remodel,30.36479434,-97.69665133
2024-073858 BP,Final,"CHANGE OF USE from Restaurant/Gymnasium to Personal Use and New Single Story 640 Square Feet Shipping Structure to be used as a Hair Salon

Extended 12/4/24 rb","DSI,LLC",5012 E 7TH ST,AUSTIN,78702,2025-04-24T00:00:00.000,New,30.25429907,-97.69789454
2024-080160 BP,Final,eplan: Expedited Review - [APPROVED] Remodel to an existing Restaurant to Rebuild due to Fire Damage (5332 SF).,Proper Built LLC,2900 RIO GRANDE ST,AUSTIN,78705,2025-03-31T00:00:00.000,Remodel,30.2961895,-97.74402633
2024-086597 BP,Final,TENANT FINSH OUT CREATING RESTAURANT WITH OUTDOOR SEATING/BAR AREA,WFS Development LLC,1330 SHORE DISTRICT DR UNIT 100,AUSTIN,78741,2024-12-26T00:00:00.000,Remodel,30.24391457,-97.72737827
2024-089713 BP,Active,Installation of a dumpster enclosure in conjunction with construction of a Pollo Campero restaurant.,,166 W SLAUGHTER LN,AUSTIN,78748,2026-01-06T00:00:00.000,New,30.16754737,-97.79186506
2024-092026 BP,Final,"Change of Use from Retail to Bakery and would like to add a wall to create a small office and add a 3-compartment sink.
Concurrent Review: 2023-162519 DA","EJL Construction, LLC.",13450 N US 183 HWY SVRD SB UNIT 239B,AUSTIN,78750,2024-11-12T00:00:00.000,Remodel,,
2024-092357 BP,Final,Add accessible seating at existing bar replace lighting & finishes in meeting rooms replace lighting & finishes in dining room replace finishes & FFE in dining room bar and meeting rooms.,Pursuit Builders Inc,500 N IH 35 SVRD SB,AUSTIN,78701,2025-05-08T00:00:00.000,Remodel,,
2024-092653 BP,Final,Project scope will include the infill of the floor at level 01 of the existing 5 story atrium creating a new 4 story atrium. Mechanical/Electrical/Plumbing modifications will be made to systems supporting lower level waiting room and level 01 lobby. New finishes will be provided at the lower level ASC waiting room and level 01 lobby including new flooring base paint and lay-in ceilings,"IE2 CONSTRUCTION, INC",11111 RESEARCH BLVD SVRD NB,AUSTIN,78759,2024-10-02T00:00:00.000,Remodel,30.40543814,-97.74440154
2024-096632 BP,Final,Shell not for occupancy. The scope of work for this project includes a spec suite in an existing suite. The space will later be constructed as a coffee bar.,Carielo Facility Service,3801 N CAPITAL OF TEXAS HWY NB BLDG G UNIT 100,AUSTIN,78746,2025-03-11T00:00:00.000,Remodel,30.33634603,-97.80418196
2024-099554 BP,Final,"Coffee Wow PHASE 2: Updated equipment and millwork to existing coffee bar. Installation of new drain manifold serving the coffee bar. 
Added dedicated water line and circuit for coffee wow auto clean system. Add glycol chiller and nitrogen generator for nitro coffee.",Powerhouse Retail Services,2723 S LAKELINE BLVD,AUSTIN,78613,2024-10-21T00:00:00.000,Remodel,30.47506289,-97.81196487
2024-104678 BP,Active,ePlan Review: New construction of 30 story hotel Shell with basement and mech penthouse and restaurant (36 applications),DPR Construction  *MAIN**,415 LAVACA ST,AUSTIN,78701,2026-01-21T00:00:00.000,New,30.26743854,-97.74544065
2024-104682 BP,Active,"Finish Out for Food Service 
Floor 03",DPR Construction  *MAIN**,415 LAVACA ST,AUSTIN,78701,2026-07-29T00:00:00.000,Remodel,30.26743854,-97.74544065
2024-104684 BP,Active,"Finish Out For Reception and Lobby (Food Services areas under separate app)
Floor 03",DPR Construction  *MAIN**,415 LAVACA ST,AUSTIN,78701,2026-07-29T00:00:00.000,Remodel,30.26743854,-97.74544065
2024-104685 BP,Active,"Finish Out for Food Service Tempo Cafe
Floor 03

App #7",DPR Construction  *MAIN**,415 LAVACA ST,AUSTIN,78701,2026-07-29T00:00:00.000,Remodel,30.26743854,-97.74544065
2024-104689 BP,Active,"Finish Out for Food Service ES Breakfast 
Floor 4

App #9",DPR Construction  *MAIN**,415 LAVACA ST,AUSTIN,78701,2026-07-29T00:00:00.000,Remodel,30.26743854,-97.74544065
2024-104732 BP,Active,"Finish Out for Food Service
Floor 30

App #36",DPR Construction  *MAIN**,415 LAVACA ST,AUSTIN,78701,2026-07-29T00:00:00.000,Remodel,30.26743854,-97.74544065
2024-106417 BP,Final,New Ground Up Construction of Main Restaurant Building. Concurrent Review with site plan review SP-2023-0411C,"Regas Contracting, Inc",1805 E PARMER LN,AUSTIN,78754,2024-10-21T00:00:00.000,New,,
2024-107405 BP,Final,Coffee Wow Phase 2:  Updated equipment and millwork to existing coffee bar. Installation of new drain manifold serving the coffee bar. Added dedicated water line and circuit for coffee wow auto clean system. Add glycol chiller and nitrogen generator for nitro coffee.,Powerhouse Retail Services,4802 S US 183 HWY SB,AUSTIN,78744,2024-10-17T00:00:00.000,Remodel,,
2024-107446 BP,Final,"INTERIOR REMODEL OF OFFICE SPACE TO CREATE COCKTAIL LOUNGE IN SUITE #120

2024 065027 DA - Approved",G Creek INC.***MAIN***,1905 ALDRICH ST UNIT 120,AUSTIN,78723,2024-09-30T00:00:00.000,Remodel,30.29812493,-97.70533794
2024-108045 BP,Final,Coffee Wow Phase 2: Updated equipment and millwork to existing coffee bar. Installation of new drain manifold serving the coffee bar. Added dedicated water line and circuit for coffee wow auto clean system. Add glycol chiller and nitrogen generator for nitro coffee.,Powerhouse Retail Services,861 E BRAKER LN,AUSTIN,78753,2024-11-08T00:00:00.000,Remodel,,
2024-110096 BP,Final,Finish out for small restaurant (coffee shop),Aday & Associates,220 RALPH ABLANEDO DR UNIT 110,AUSTIN,78748,2024-10-21T00:00:00.000,Remodel,30.17478124,-97.79023454
2024-114182 BP,Final,Coffee WOW Phase 2: equipment and millwork modifications to existing coffee bar.  Installation of new drain manifold serving the coffee bar. Added dedicated water line and circuit for coffee wow auto clean system. Add glycol chiller and nitrogen generator for nitro coffee.,Powerhouse Retail Services,6111 FM 969 RD,AUSTIN,78725,2024-11-05T00:00:00.000,Remodel,30.28457089,-97.66420439
2024-114216 BP,Final,Coffee WOW Phase 2: equipment and millwork modifications to existing coffee bar.  Installation of new drain manifold serving the coffee bar. Added dedicated water line and circuit for coffee wow auto clean system. Add glycol chiller and nitrogen generator for nitro coffee.,Powerhouse Retail Services,221 E PARMER LN,AUSTIN,78753,2024-11-05T00:00:00.000,Remodel,,
2024-124016 BP,Final,Interior Remodel to Existing McDonalds Restaurant,SNS General Contracting LLC,7409 N FM 620 RD,AUSTIN,78726,2024-09-27T00:00:00.000,Remodel,,
2024-126891 BP,Final,ePlan: Expedited Review - Interior/Exterior Remodel and Addition to existing Restaurant with ADA improvements (4053 SF).,D4 Construction Services,3427 JEFFERSON ST,AUSTIN,78703,2024-11-13T00:00:00.000,Addition and Remodel,30.30716906,-97.75167209
2024-127873 BP,Final,Existing restaurant kitchen vent hood upgrade. Adding new appliances under the hood. No alteration to any interior and exterior walls,CapEx Construction,7318 MC NEIL DR UNIT 109,AUSTIN,78729,2024-10-02T00:00:00.000,Remodel,30.43572149,-97.76764714
2024-128987 BP,Active,Floor 14 - Finish Out for Pantry Outdoor Bar and Adjacent Restrooms,DPR Construction  *MAIN**,311 E 5TH ST,AUSTIN,78701,2026-08-10T00:00:00.000,Remodel,30.26597886,-97.74003637
2024-129990 BP,Final,interior remodel existing cafe area in existing tenant space. Building 36 needs to be added to addressing.,Hensel Phelps Construction Co. ***MAIN***,10801 GILES LN BLDG 36,AUSTIN,78754,2024-09-30T00:00:00.000,Remodel,30.3423154,-97.61601788
2024-131051 BP,Final,"2024/10/03 -Dining focused event at The Domain with live music at The Domain. Ticket proceeds benefit UMLAUF.

Scope of work: 20 x 20 x 24 stage",The Domain,11506 CENTURY OAKS TER,AUSTIN,78758,2024-09-30T00:00:00.000,New,30.40256875,-97.72589147
2024-131217 BP,Final,Install walk in freezer for existing tenant accessory food service.,DPR Construction  *MAIN**,12301 RESEARCH BLVD SVRD NB BLDG 3 UNIT 100,AUSTIN,78727,2025-01-28T00:00:00.000,Remodel,30.42867041,-97.75396538
2024-131988 BP,Final,Interior Remodel of Existing Restaurant Space.,Wifination LLC,11900 METRIC BLVD UNIT F,AUSTIN,78758,2024-10-11T00:00:00.000,Remodel,30.40036342,-97.70408039
2024-132918 BP,Final,Subdivision of existing space creating a break room for Delta Airlines employees and a pilots lounge for Skywest Airlines (unit 4502) to be added through addressing,Satterfield & Pontikes Construction Inc,3600 PRESIDENTIAL BLVD UNIT 4502,AUSTIN,78719,2024-10-31T00:00:00.000,Remodel,,
2024-133738 BP,Final,ePlan: Expedited Review - Interior Remodel to an existing Restaurant; Unit Number readdressed from 170 to 180 per SPE 2022-097307 DA to match AE Meter (8777 SF).,Build Pro ATX,13945 N US 183 HWY SVRD NB BLDG D UNIT 180,AUSTIN,78717,2024-10-03T00:00:00.000,Remodel,30.47105795,-97.79644156
2024-134345 BP,Final,Remodel of existing Starbucks Restaurant- Update to the beverage prep and cafe seating area. Install and relocate bar equipment install new finishes and fixtures,,2300 S IH 35 SVRD SB,AUSTIN,78704,2024-10-07T00:00:00.000,Remodel,,
2024-134457 BP,Final,CHANGE OF USE from retail/restaurant to full retail and Interior remodel,Citadel Development Services LLC,1912 E 7TH ST UNIT A,AUSTIN,78702,2024-10-11T00:00:00.000,Remodel,30.2626604,-97.72114073
2024-135232 BP,Final,"CHANGE OF USE from Office/Retail to Restaurant and Remodeling of Kitchen & Restroom add Electrical Outlets for Equipment Refinish Exterior Walls Refinish Floors add sinks Replace 40 ft fence & Recald 40 ft fence under 7 feet tall 

2024 074745 DA - Approved",,1715 E 7TH ST,AUSTIN,78702,2024-10-11T00:00:00.000,Remodel,30.26262229,-97.72304911
2024-135610 BP,Final,Coffee Wow Phase: Updated equipment and millwork to existing coffee bar. Installation of new drain manifold serving the coffee bar. Added dedicated water line and circuit for coffee wow auto clean system. Add glycol chiller and nitrogen generator for nitro coffee.,"Rock on Framing, Inc",6414 ED BLUESTEIN BLVD SB,AUSTIN,78723,2025-01-16T00:00:00.000,Remodel,,
2024-135655 BP,Final,Coffee WOW Phase 2: equipment and millwork modifications to existing coffee bar.  Installation of new drain manifold serving the coffee bar. Added dedicated water line and circuit for coffee wow auto clean system. Add glycol chiller and nitrogen generator for nitro coffee.,Tri-Covenant Construction,501 W WELLS BRANCH PKWY,AUSTIN,78660,2025-01-16T00:00:00.000,Remodel,30.43295031,-97.65382958
2024-137251 BP,Expired,This work is a permanent (20 year) art installation. It is 12 L x 5 W x 85 H. Structure is steel tubing and painted aluminum sheeting. The piece will have a seating element small seed library and a shadow box depicting the diverse community. City Sponsored Project.,"Mixed Hues, LLC",401 W ST JOHNS AVE,AUSTIN,78752,2024-11-19T00:00:00.000,New,30.33629774,-97.71261823
2024-137598 BP,Final,"Super Stage - Lawn Bar 1
900 SF
60 OL
? EXITS",Circuit of the Americas,9201 CIRCUIT OF THE AMERICAS BLVD,AUSTIN,78617,2024-10-14T00:00:00.000,New,,
2024-137614 BP,Final,"Super Stage - Lawn Bar 2

900 SF
60 OL
? EXITS",Circuit of the Americas,9201 CIRCUIT OF THE AMERICAS BLVD,AUSTIN,78617,2024-10-14T00:00:00.000,New,,
2024-137619 BP,Final,"Super Stage - Lawn Bar 3

900 SF
60 OL
? EXITS",Circuit of the Americas,9201 CIRCUIT OF THE AMERICAS BLVD,AUSTIN,78617,2024-10-14T00:00:00.000,New,,
2024-137703 BP,Final,"Super Stage - BOH dining 1
1620 SF
107 OL
? EXITS",Circuit of the Americas,9201 CIRCUIT OF THE AMERICAS BLVD,AUSTIN,78617,2024-10-14T00:00:00.000,New,,
2024-137704 BP,Final,"Super Stage - BOH dining 2
1620 SF
107 OL
? EXITS",Circuit of the Americas,9201 CIRCUIT OF THE AMERICAS BLVD,AUSTIN,78617,2024-10-14T00:00:00.000,New,,
2024-137749 BP,Final,"Turn 9 - Bar Tent

1500 SF
100 OL
? EXITS",Circuit of the Americas,9201 CIRCUIT OF THE AMERICAS BLVD,AUSTIN,78617,2024-10-14T00:00:00.000,New,,
2024-139515 BP,Final,Interior remodel for new restaurant. Demo a non-structural wall and build a new wall to increase the size of the kitchen. Replace existing 100-gallon grease trap with larger one,Innovation Design and Build,2414 S LAMAR BLVD BLDG A,AUSTIN,78704,2024-10-22T00:00:00.000,Remodel,30.24725482,-97.7775458
2024-139743 BP,Final,Replace a small group of fixed seats with standing/seating platform and guardrail at existing religious assembly.,Riverbend Church,4214 N CAPITAL OF TEXAS HWY SB,AUSTIN,78746,2025-04-29T00:00:00.000,Remodel,30.3414466,-97.804118
2024-140737 BP,Active,Remaining portion of shell building to remain unfinished after completion of TI work including restaurant for future development. 1st floor Building 1 Suite Gar 1,Swinerton Builders Inc.,2422 E 7TH ST UNIT GAR1,AUSTIN,78702,2024-10-25T00:00:00.000,Shell,30.26127121,-97.71412248
2024-140988 BP,Final,Remodel of existing restaurant for restaurant use.,Gotta Construction Inc,10000 RESEARCH BLVD SVRD SB BLDG A,AUSTIN,78759,2025-02-18T00:00:00.000,Remodel,30.39314779,-97.74799619
2024-141617 BP,Final,"CHANGE OF USE from Residential Suite A to Child Service (Limited). No change in use for suite B. 
No Interior and Structural Renovation No food Service Provided to the Kids.",The Lions Academy,1601 HOLLY ST,AUSTIN,78702,2024-10-27T00:00:00.000,Remodel,30.25463655,-97.73027599
2024-141806 BP,Final,Coffee WOW Project: equipment and millwork modifications to existing coffee bar. Install drain manifold serving the coffee bar added dedicated water line and circuit for coffee wow autoclean system add glycol chiller and nitrogen generator for nitro coffee.,Powerhouse Retail Services,1520 E RUNDBERG LN,AUSTIN,78754,2024-11-08T00:00:00.000,Remodel,,
2024-142002 BP,Final,Change of use from Retail to Restaurant. Remove existing counters and fixtures by front door. Install new 3-CS rear counter front counter and bar.,Austin Plans For Permits,1620 E 7TH ST,AUSTIN,78702,2024-10-22T00:00:00.000,Remodel,30.26366376,-97.72435485
2024-143186 BP,Final,Interior remodel to abandoned building with no Cert. of Occupancy of record. Chang of use from Restaurant to Warehouse/Business. Concurrent Review Request.,S.Watts Group Inc.,11910 RESEARCH BLVD SVRD SB,AUSTIN,78759,2024-10-29T00:00:00.000,Remodel,30.42431929,-97.75067967
2024-143195 BP,Final,Interior remodel to existing restaurant,Cafe Java Restaurant Group LLC,4607 W BRAKER LN UNIT 100,AUSTIN,78759,2025-01-21T00:00:00.000,Remodel,30.39979991,-97.74508281
2024-143704 BP,Final,ePlan: Expedited Review - Remodel/Addition to an existing Mixed-Use Retail/Restaurant Building (11809 SF).,ACE Commercial Contractors (MAIN),8828 RESEARCH BLVD SVRD SB,AUSTIN,78757,2024-10-25T00:00:00.000,Addition and Remodel,30.36763191,-97.71945523
2024-143752 BP,Final,Renovate portion of an existing restaurant into a hookah lounge. Add new restrooms and elevated seating area.,Paris Lounge LLC,9710 N LAMAR BLVD UNIT 110,AUSTIN,78758,2025-03-04T00:00:00.000,Remodel,30.36721654,-97.69553841
2024-145437 BP,Final,"First time tenant up fit of a 1330 sf white box space within a new (by others) 19902 shell building for a new Blo Blow Dry Bar styling franchise (Beauty Shop  Section 304). Included is a make-up station discovery station boutique blow stations and wash stations for Suite 1115
Updated address from unit 1110","MCS, LLC",9021 GOODNIGHT RANCH BLVD UNIT 1115,AUSTIN,78747,2024-11-06T00:00:00.000,Remodel,30.15252893,-97.7571063
2024-145484 BP,Final,"Interior Remodel of Existing Restaurant - Keep Existing Kitchen and Restrooms and Add a bar and a stage to the dining area

**Work has been completed for some time. Current tenant took over space with bar and stage already built. **","C and E property Management, INC",9710 N LAMAR BLVD UNIT 100,AUSTIN,78758,2025-02-19T00:00:00.000,Remodel,30.36721654,-97.69553841
2024-147982 BP,Expired,CHANGE OF USE to convert an existing tap room to a restaurant (coffee/beverage business not serving,"RM Chiapas, LLC / 2400 CONSTRUCTION LLC",979 SPRINGDALE RD UNIT 130,AUSTIN,78702,2024-11-05T00:00:00.000,Remodel,,
2024-149038 BP,Final,Interior remodel and change of use from retail to restaurant. Also to include 558 SF exterior patio,Archive Properties LLC,2727 EXPOSITION BLVD UNIT 128,AUSTIN,78703,2024-12-11T00:00:00.000,Remodel,,
2024-149729 BP,Final,"CHANGE OF USE from Personal Services to Coffee Shop - Interior Finish Out and Existing Space for Suite 175

2024 113338 DA - Concurrent Reviews",KSA Construction,3016 GUADALUPE ST BLDG B UNIT 175,AUSTIN,78705,2024-11-20T00:00:00.000,Remodel,30.29781227,-97.74158031
2024-151309 BP,Final,Tenant Finish out for Restaurant space - Suite 150,Ridge Construction,600 GUADALUPE ST UNIT 150,AUSTIN,78701,2025-04-09T00:00:00.000,Remodel,30.26933058,-97.74638485
2024-152003 BP,Final,Space requires a Change of Use only from Office to Limited Restaurant. No remodel or s The establishment solely serves teas and coffee. No food served.,Lazy Bones Kava,2110 S LAMAR BLVD UNIT A,AUSTIN,78704,2024-12-13T00:00:00.000,Remodel,30.2483319,-97.77143501
2024-154142 BP,Final,Interior Remodel for a Tropical Smoothie Cafe with change of use retail to restaurant,Wilber Enterprise LLC,500 CANYON RIDGE DR BLDG L UNIT 350,AUSTIN,78753,2024-11-25T00:00:00.000,Remodel,30.40526665,-97.67189551
2024-155375 BP,Final,Install Temporary Portable Classroom School Building for AISD Swing Space Project-Cafeteria,Jamail & Smith Construction,3500 SUSQUEHANNA LN BLDG V,AUSTIN,78723,2024-11-25T00:00:00.000,New,30.31395233,-97.66534762
2024-155446 BP,Final,ePlan: Commercial Expedited Review - Interior Remodel to Existing Restaurant. Work to include New Finishes New Lighting and New Kitchen Equipment (866 SF),"IE2 CONSTRUCTION, INC",600 W 2ND ST,AUSTIN,78701,2025-05-09T00:00:00.000,Remodel,,
2024-155787 BP,Final,Replace flatwork with PVC roof membrane repaint building int/ext new floor/wall tile throughout new suspended ceiling throughout new doors RR/office rpl 29 sheets FRP kitchen install new floor sink kitchen install new cooler and components 30 ft new fence for existing restaurant.,Dampco LLC,2801 W ANDERSON LN,AUSTIN,78757,2024-11-25T00:00:00.000,Remodel,30.35866953,-97.7371097
2024-156297 BP,Final,Coffee Wow Phase 2: Updated equipment and millwork to existing coffee bar. Installation of new drain manifold serving the coffee bar.,Powerhouse Retail Services,4402 S CONGRESS AVE,AUSTIN,78745,2025-01-02T00:00:00.000,Remodel,30.21736858,-97.767848
2024-156475 BP,Active,Development of a restaurant and two unisex restrooms.,Woody Enterprises,71 RAINEY ST,AUSTIN,78701,2025-01-17T00:00:00.000,New,30.25814904,-97.73869742
2024-157438 BP,Final,Interior Remodel of Existing Retail Space #121 with Accessory Use Coffee Bar,Horizon Retail Construction,11401 CENTURY OAKS TER BLDG H UNIT 121,AUSTIN,78758,2024-12-09T00:00:00.000,Remodel,30.40110278,-97.726296
2024-158187 BP,Final,"Remodel of Bank to cold dark restaurant shell. (NOT FOR OCCUPANCY) Addition of demising wall to split into two separate suites. Addition of dumpster enclosure. Proposed grease trap addition. (3 apps - Suite 105 110 dumpster enclosure)
VERIFY NO MECHANICAL WORK BEING PERFORMED.",W.E O'Neil Construction Co,4301 W WILLIAM CANNON DR BLDG H UNIT 105,AUSTIN,78749,2025-01-24T00:00:00.000,Remodel,30.22138553,-97.83977678
2024-158191 BP,Final,"Remodel of Bank to cold dark restaurant shell. (NOT FOR OCCUPANCY) Addition of demising wall to split into two separate suites. Addition of dumpster enclosure. Proposed grease trap addition. (3 apps - Suite 105 110 dumpster enclosure)
VERIFY NO MECHANICAL WORK BEING PERFORMED.",W.E O'Neil Construction Co,4301 W WILLIAM CANNON DR BLDG H UNIT 110,AUSTIN,78749,2025-01-15T00:00:00.000,Remodel,30.22138553,-97.83977678
2024-158198 BP,Final,"Remodel of Bank to cold dark restaurant shell. (NOT FOR OCCUPANCY) Addition of demising wall to split into two separate suites. Addition of dumpster enclosure. Proposed grease trap addition. (3 apps - Suite 105 110 dumpster enclosure)
VERIFY NO MECHANICAL WORK BEING PERFORMED.",W.E O'Neil Construction Co,4301 W WILLIAM CANNON DR BLDG H UNIT DP,AUSTIN,78749,2025-01-24T00:00:00.000,Remodel,30.22138553,-97.83977678
2024-160616 BP,Final,"Demolition of Restaurant approx. 3371 sq ft Circa 1979

SP-2023-0345C -Approved

***The building shall not be demolished until after the contractor has fulfilled the neighbor notification requirements outlined in Steps 5 & 6 of the Demolition webpage.***",DAR Construction,8037 BURNET RD,AUSTIN,78757,2025-01-24T00:00:00.000,Demolition,,
2024-160859 BP,Active,"New construction of bike barn
SMART HOUSING
EPLAN REVIEW",WD Construction LLC,4605 S PLEASANT VALLEY RD,AUSTIN,78744,2025-01-02T00:00:00.000,New,,
2024-161015 BP,Final,"Demolition of Restaurant approx. 7760 sq ft Circa 1975

2024 124097 DA - Approved 

***The building shall not be demolished until after the contractor has fulfilled the neighbor notification requirements outlined in Steps 5 & 6 of the Demolition webpage.***",The Demo Company LLC,307 E 2ND ST,AUSTIN,78701,2024-12-11T00:00:00.000,Demolition,30.2632706,-97.74130042
2024-161227 BP,Final,interior remodel to existing restaurant,"Logan Park Construction, Inc",5222 BURNET RD UNIT 500,AUSTIN,78756,2024-12-17T00:00:00.000,Remodel,,
2024-161874 BP,Final,First generation restaurant finish out with a second story commissary kitchen.,Havens Commercial LLC dba Havens Construction,2621 PERSEVERANCE DR,AUSTIN,78731,2025-03-13T00:00:00.000,Remodel,30.3178492,-97.75306652
2024-163878 BP,Final,Tenant finish out of a Pizza Patron restaurant,WARD CONTRACTING LLC,9411 N LAMAR BLVD UNIT 100,AUSTIN,78753,2024-12-31T00:00:00.000,Remodel,30.36310581,-97.69545737
2024-163992 BP,Final,Construction of Partition around Existing Stair at Floor 11 to Prevent Access - Includes Installation of Steel bar Welded to Existing Guard Railing at Floor 10 to prevent access to Stair,Harvey-Cleary Builders ***MAIN***,835 W 6TH ST UNIT 1100,AUSTIN,78703,2025-01-06T00:00:00.000,Remodel,,
2024-164002 BP,Final,Change of use to Restaurant with Tenant Improvement in shell building. - Building 8 Suite 113A,Goodnews Construction Services,11301 LAKELINE BLVD BLDG 8 UNIT 113A,AUSTIN,78717,2024-12-20T00:00:00.000,Remodel,30.47939973,-97.79936874
2024-164039 BP,Final,ePlan: Commercial Expedited Review - Change of Use from Automotive Repair Shop to Restaurant with Outdoor Play Area (2160 SF),City Living Design and Development,5020 E CESAR CHAVEZ ST,AUSTIN,78702,2024-12-17T00:00:00.000,Remodel,30.25158386,-97.69893489
2024-164426 BP,Expired,ePlan: Commercial Expedited Review - Change of Use from Single Family Res to Restaurant (2068 SF),Franklin-Alan LLC ***MAIN***,95 CLARA ST,AUSTIN,78702,2025-11-07T00:00:00.000,Addition and Remodel,30.25424341,-97.71772515
2024-164603 BP,Final,ePlan: Commercial Expedited Review - Change of Use from Food Sales to Restaurant. Work to include adding 4 movable tables and 20 movable chairs (1438 SF),"Blue & Associates, Inc.",500 PARK BLVD,AUSTIN,78751,2025-03-19T00:00:00.000,Remodel,30.30401267,-97.72631014
2025-000257 BP,Expired,"ePlan: Commercial Expedited Review - First Time Finish-Out for Restaurant Suite 150. (4460 SF).
Work to include: Mechanical and Electrical work on 3rd and 4th floor of adjacent garage.",Citadel Development Services LLC,7001 BURNET RD BLDG 2,AUSTIN,78757,2025-05-05T00:00:00.000,Remodel,,
2025-000441 BP,Final,CHANGE OF USE from Office to Restaurant and Interior Remodeling for Unit 167,Great Art Star Construction,6929 AIRPORT BLVD UNIT 167,AUSTIN,78752,2025-02-05T00:00:00.000,Remodel,,
2025-000611 BP,Final,ePlan: Commercial Expedited Review - First Time Finish-Out for Restaurant (11984 SF).,Citadel Development Services LLC,7001 BURNET RD UNIT 1101,AUSTIN,78757,2025-01-22T00:00:00.000,Remodel,,
2025-002802 BP,Final,Interior remodel to restaurant to change out drop ceiling to sheetrock.,Hui Lau Shan,7020 EASY WIND DR UNIT 150,AUSTIN,78752,2025-01-16T00:00:00.000,Remodel,30.33851059,-97.71875714
2025-006401 BP,Final,"Remodel of existing restaurant including new lighting new finishes in dining room and installation of walk-up window

2024 140395 DA - Approved",John King Construction Company  **MAIN**,1016 E ANDERSON LN SVRD WB,AUSTIN,78753,2025-02-25T00:00:00.000,Remodel,30.33718089,-97.69426057
2025-007312 BP,Final,Remodel existing restaurant space installation of new grease trap.,Cafe Java Restaurant Group LLC,12129 N FM 620 RD BLDG A UNIT 102,AUSTIN,78750,2025-01-21T00:00:00.000,Remodel,,
2025-014776 BP,Expired,Finish out for commercial kitchen.,Trosich Construction Company,9900 S IH 35 SVRD SB BLDG P UNIT 400,AUSTIN,78748,2025-06-10T00:00:00.000,Remodel,,
2025-015319 BP,Final,remove and replace heating boiler - Mechanical room,Southland Industries ***MAIN***,2000 PEARL ST,AUSTIN,78705,2025-02-20T00:00:00.000,Remodel,30.28418274,-97.74681076
2025-015416 BP,Expired,REMODEL TO CREATE COMMERCIAL KITCHEN,Pure Envy/Whimsy Cookie,13326 IMMANUEL RD UNIT 200,AUSTIN,78660,2025-02-20T00:00:00.000,Remodel,,
2025-015423 BP,Active,EXTERIOR AND COMPLETE INTERIOR RENOVATION OF THE HISTORIC STATE THEATRE AN EXISTING MULTI-STORY CONCRETE STRUCTURE CONSISTS OF ABASEMENT WITH 3 LEVELS ABOVE GRADE INCLUDING LOBBY MEZZANINE NEW ROOFTOP LOUNGE AND 3 FLRS OF SEATING.,JE Dunn Construction ***MAIN***,719 CONGRESS AVE,AUSTIN,78701,2025-03-03T00:00:00.000,Remodel,,
2025-016687 BP,Active,ePlan: Commercial Expedited Review - New Construction of Restaurant (5166 SF),Franklin-Alan LLC ***MAIN***,1418 E 51ST ST,AUSTIN,78723,2025-09-12T00:00:00.000,Remodel,,
2025-016830 BP,Final,Coffee WOW Phase 2: equipment and millwork modifications to existing coffee bar.  Installation of new drain manifold serving the coffee bar. Added dedicated water line and circuit for coffee wow auto clean system. Add glycol chiller and nitrogen generator for nitro coffee.,Tri-Covenant Construction,9509 E PARMER LN,AUSTIN,78653,2025-02-18T00:00:00.000,Remodel,,
2025-017049 BP,Final,Repairing damaged lumber replacing concrete moisture barrier and waterproofing painting new material-Buildings -1,Lanyard Construction Services,9500 DESSAU RD BLDG 1,AUSTIN,78753,2025-02-28T00:00:00.000,Remodel,30.35249301,-97.67525444
2025-017050 BP,Final,Repairing damaged lumber replacing concrete moisture barrier and waterproofing painting new material-Buildings 2,Lanyard Construction Services,9500 DESSAU RD BLDG 2,AUSTIN,78753,2025-02-28T00:00:00.000,Remodel,30.35249301,-97.67525444
2025-017051 BP,Final,Repairing damaged lumber replacing concrete moisture barrier and waterproofing painting new material-Buildings 3,Lanyard Construction Services,9500 DESSAU RD BLDG 3,AUSTIN,78753,2025-02-28T00:00:00.000,Remodel,30.35249301,-97.67525444
2025-017052 BP,Final,Repairing damaged lumber replacing concrete moisture barrier and waterproofing painting new material-Buildings 4,Lanyard Construction Services,9500 DESSAU RD BLDG 4,AUSTIN,78753,2025-02-28T00:00:00.000,Remodel,30.35249301,-97.67525444
2025-017053 BP,Final,Repairing damaged lumber replacing concrete moisture barrier and waterproofing painting new material-Buildings 5,Lanyard Construction Services,9500 DESSAU RD BLDG 5,AUSTIN,78753,2025-02-28T00:00:00.000,Remodel,30.35249301,-97.67525444
2025-017054 BP,Final,Repairing damaged lumber replacing concrete moisture barrier and waterproofing painting new material-Buildings 10,Lanyard Construction Services,9500 DESSAU RD BLDG 10,AUSTIN,78753,2025-03-03T00:00:00.000,Remodel,30.35249301,-97.67525444
2025-017055 BP,Final,Repairing damaged lumber replacing concrete moisture barrier and waterproofing painting new material-Buildings 15,Lanyard Construction Services,9500 DESSAU RD BLDG 15,AUSTIN,78753,2025-02-28T00:00:00.000,Remodel,30.35249301,-97.67525444
2025-019308 BP,Final,INTERIOR TI FOR RESTAURANT W/ OUTDOOR PATIO SEATING IN EXISTING MULTI-TENANT BUILDING AT ARBOR TRAILS SHOPPING CTR WORK INCLUDES NON-LOAD BEARING WALLS NEW HOOD & MAKEUP AIR SYSTEM MEP WORK.,Wyatt Management,4301 W WILLIAM CANNON DR BLDG H,AUSTIN,78749,2025-04-28T00:00:00.000,Remodel,30.22138553,-97.83977678
2025-019380 BP,Final,Sanitary lift station bar screen vault installation,Southland Industries ***MAIN***,4900 MUELLER BLVD,AUSTIN,78723,2025-04-09T00:00:00.000,Remodel,30.30349787,-97.70621545
2025-019603 BP,Final,2025/03/06 thru 2025/03/16 (#SXSWProduced) Full SXSW activation at Brush Square Park. Community concerts during the day and night. We will have a large tent stage and bar.,SXSW,409 E 5TH ST,AUSTIN,78701,2025-03-20T00:00:00.000,New,30.26574758,-97.73907304
2025-020124 BP,Expired,"Demolition of Fast-Food Restaurant approx. 530 sq ft Circa 1989


2024 123011 DA - Approved 

***The building shall not be demolished until after the contractor has fulfilled the neighbor notification requirements outlined in Steps 5 & 6 of the Demolition webpage.**",Sierra Demolition,11689 RESEARCH BLVD SVRD NB,AUSTIN,78759,2025-03-10T00:00:00.000,Demolition,30.41842572,-97.74605834
2025-020427 BP,Expired,New first-time tenant finish out of existing empty vanilla shell to new First Watch Breakfast Brunch and Lunch restaurant,Anchor Construction,3500 E PARMER LN UNIT 10140,AUSTIN,78754,2026-01-21T00:00:00.000,Remodel,,
2025-021185 BP,Final,"Addition of a small prep kitchen and bathrooms to existing Coffee Shop 

2024 051184 DA - Concurrent","RM Chiapas, LLC / 2400 CONSTRUCTION LLC",121 PICKLE RD,AUSTIN,78704,2025-02-21T00:00:00.000,Addition,,
2025-021744 BP,Final,Tenant finish-out for restaurant - Need Suite 240 added to addressing.,AUSTIN COMMERCIAL CONSTRUCTION,8601 S CONGRESS AVE BLDG 2 UNIT 240,AUSTIN,78745,2025-02-28T00:00:00.000,Remodel,30.17162715,-97.78514223
2025-021877 BP,Final,ePlan: Commercial Expedited Review - Interior Remodel and Change of Use from Residential to Restaurant (1298 SF),Republic Building Company,2204 CURTIS AVE,AUSTIN,78722,2025-03-14T00:00:00.000,Remodel,30.28477607,-97.71252444
2025-022944 BP,Final,ePlan: Commercial Expedited Review - Interior Remodel to Existing Cafe/Market into Restaurant with new Hood (2500 SF).,Franklin-Alan LLC ***MAIN***,4818 BURNET RD,AUSTIN,78756,2025-02-26T00:00:00.000,Remodel,,
2025-024325 BP,Final,Interior alteration of new demising wall leaving existing suite 300 approx (5074 SF) of existing space and creating new suite 320 out of approx (8762 SF) of existing interior space,HMI Construction Services,211 E 7TH ST UNIT 300,AUSTIN,78701,2025-03-04T00:00:00.000,Remodel,30.26823563,-97.74065381
2025-024326 BP,Final,Interior alteration of new demising wall leaving existing suite 300 approx (5074 SF) of existing space and creating new suite 320 out of approx (8762 SF) of existing interior space,HMI Construction Services,211 E 7TH ST UNIT 320,AUSTIN,78701,2025-03-04T00:00:00.000,Remodel,30.26823563,-97.74065381
2025-024405 BP,Active,INTERIOR REMODEL OF AN EXISTING RESTAURANT TO ACCOMMODATE A GEN KOREAN BBQ RESTAURANT,Stonehouse Renovations & Design LLC,9500 S IH 35 SVRD SB BLDG C,AUSTIN,78748,2025-03-11T00:00:00.000,Remodel,,
2025-025091 BP,Final,Interior remodel of existing single-suite floor creating 3 demised suites: 125 145 and 150 remodel restrooms and extend corridor. Interior remodel of existing single-suite floor to remodel restrooms and extend corridor in the common area. WUI code is referenced but may not be applicable WUI area borders this site. (4 apps - Suites 125 145 and 150 Building 1 common area),MW3 Associates,10900 STONELAKE BLVD BLDG 1 UNIT 125,AUSTIN,78759,2025-03-12T00:00:00.000,Remodel,30.40196548,-97.73642287
2025-025092 BP,Final,Interior remodel of existing single-suite floor creating 3 demised suites: 125 145 and 150 remodel restrooms and extend corridor. Interior remodel of existing single-suite floor to remodel restrooms and extend corridor in the common area. WUI code is referenced but may not be applicable WUI area borders this site. (4 apps - Suites 125 145 and 150 Building 1 common area),MW3 Associates,10900 STONELAKE BLVD BLDG 1 UNIT 145,AUSTIN,78759,2025-03-11T00:00:00.000,Remodel,30.40196548,-97.73642287
2025-025093 BP,Final,Interior remodel of existing single-suite floor creating 3 demised suites: 125 145 and 150 remodel restrooms and extend corridor. Interior remodel of existing single-suite floor to remodel restrooms and extend corridor in the common area. WUI code is referenced but may not be applicable WUI area borders this site. (4 apps - Suites 125 145 and 150 Building 1 common area),MW3 Associates,10900 STONELAKE BLVD BLDG 1 UNIT 150,AUSTIN,78759,2025-03-25T00:00:00.000,Remodel,30.40196548,-97.73642287
2025-025094 BP,Final,"Interior remodel of existing single-suite floor creating 3 demised suites: 125 145 and 150 remodel restrooms and extend corridor. Interior remodel of existing single-suite floor to remodel restrooms and extend corridor in the common area. WUI code is referenced but may not be applicable WUI area borders this site. (4 apps - Suites 125 145 and 150 Building 1 common area)

[Common Area]",MW3 Associates,10900 STONELAKE BLVD BLDG 1,AUSTIN,78759,2025-04-16T00:00:00.000,Remodel,30.40196548,-97.73642287
2025-025282 BP,Final,Interior Remodel for Bluefin Sushi & Ramen Restaurant -Lite remodel - only changing fixtures and cosmetics for Suite 310,Bluefin Construction,9828 GREAT HILLS TRL UNIT 310,AUSTIN,78759,2025-03-07T00:00:00.000,Remodel,30.3944735,-97.74827156
2025-025692 BP,Final,"Interior Remodel to Install Starbucks Cafe in Existing Macys Dept Store; Interior Demo New Wall Casework Furniture Interior Finishes Lighting and New Grease Trap

2024 166227 DA - Concurrent Reviews",Division 9 Commercial Inc,3311 ESPERANZA XING,AUSTIN,78758,2025-05-21T00:00:00.000,Remodel,30.40007889,-97.72693605
2025-025999 BP,Final,"2025/03/07 thru 2025/03/15 *A-2 assembly needing Building Permit for tent.
Normal events we host here all year long panels and discussions live music on our stages. Bar and Food service. Music artists are local djs singer songwriter indie folk and pop. No national artists.",The Belmont,305 W 6TH ST,AUSTIN,78701,2025-03-04T00:00:00.000,New,,
2025-026313 BP,Final,Tenant Finish Out for a Pollo Regio Restaurant,MTY Remodeling + Construction,1150 AIRPORT BLVD,AUSTIN,78702,2025-03-11T00:00:00.000,Remodel,,
2025-027091 BP,Active,Previously there was a demising wall between two restaurants.  It now operates as one unified suite.  Add exit door exit/emergency lighting infill 1 window fire caulk structural brace for Suite B1,Hilltop General Construction,8201 CROSS PARK DR BLDG 1 UNIT B1,AUSTIN,78754,2025-09-04T00:00:00.000,Remodel,30.33066993,-97.66710159
2025-028999 BP,Final,"Balcony Rebuild - Concrete Moisture Barrier Flashing and Framing Repairs for Units A201 A301 and B202. 
(3) Applications",Meridian Construction LLC.,4004 VICTORY DR BLDG A1 UNIT 201,AUSTIN,78704,2025-03-13T00:00:00.000,Remodel,30.23502812,-97.79045666
2025-029000 BP,Final,"Balcony Rebuild - Concrete Moisture Barrier Flashing and Framing Repairs for Units A201 A301 and B202. 
(3) Applications",Meridian Construction LLC.,4004 VICTORY DR BLDG B,AUSTIN,78704,2025-03-13T00:00:00.000,Remodel,30.23502812,-97.79045666
2025-029001 BP,Final,"Balcony Rebuild - Concrete Moisture Barrier Flashing and Framing Repairs for Units A201 A301 and B202. 
(3) Applications",Meridian Construction LLC.,4004 VICTORY DR BLDG A1 UNIT 301,AUSTIN,78704,2025-03-13T00:00:00.000,Remodel,30.23502812,-97.79045666
2025-029111 BP,Active,ePlan: Commercial Expedited Review - New Construction of Bar/Cocktail Lounge (2285 SF).,HC Construction,96 RAINEY ST,AUSTIN,78701,2025-03-11T00:00:00.000,New,30.2608464,-97.73825424
2025-030354 BP,Final,Coffee WOW Phase 2: equipment and millwork modifications to existing coffee bar. Installation of new drain manifold serving the coffee bar. Added dedicated water line and circuit for coffee wow auto clean system. Add glycol chiller and nitrogen generator for nitro coffee.,Tri-Covenant Construction,1605 W HOWARD LN,AUSTIN,78727,2025-03-14T00:00:00.000,Remodel,30.42652482,-97.67788775
2025-031008 BP,Active,ePlan: Commercial Expedited Review - Interior Remodel and Change of Use from Warehouse to Restaurant (16312 SF),"Sabre Commercial, Inc.**MAIN**",4211 WILLOW SPRINGS RD BLDG B,AUSTIN,78745,2025-03-23T00:00:00.000,Remodel,30.21775056,-97.76179866
2025-031096 BP,Final,restaurant remodel with no change to use occupancy or area.,P2 Commercial LLC,415 W 24TH ST,AUSTIN,78705,2025-03-18T00:00:00.000,Remodel,30.28765159,-97.7423507
2025-031097 BP,Final,Utility 112 Room (347 SqFt) - Demolition/Clean out of existing unconditioned mechanical space to make space for new AC and make-up air units + add new grease trap (200 sq ft) as part of a restaurant model with no change to use occupancy or area - both scopes of work to serve restaurant.,P2 Commercial LLC,415 W 24TH ST,AUSTIN,78705,2025-03-18T00:00:00.000,Remodel,30.28765159,-97.7423507
2025-031390 BP,Final,ePlan: Commercial Expedited Review - Remodel Lobby and Dining Area and Hill Country Meeting Room - Phase 1C - 1st and 2nd Floors (19884 SF),HITT Contracting,208 BARTON SPRINGS RD UNIT FLR1,AUSTIN,78704,2025-03-17T00:00:00.000,Remodel,30.26067888,-97.74683528
2025-031701 BP,Final,ePlan: Commercial Expedited Review - Interior and Exterior Remodel to Existing Restaurant (4119 SF).,Trinity Contructors,3120 PALM WAY UNIT 170,AUSTIN,78758,2025-03-18T00:00:00.000,Remodel,30.4027895,-97.72132912
2025-032383 BP,Final,"Remodel Hotel - Includes lobby restaurant and meeting rooms in 1st Floor 


Phase 2",Continental Contractors Inc,310 E 5TH ST,AUSTIN,78701,2025-03-20T00:00:00.000,Remodel,30.26647782,-97.74022892
2025-032384 BP,Final,"Remodel Hotel - Restaurant in 1st Floor 

Phase 3",Continental Contractors Inc,310 E 5TH ST,AUSTIN,78701,2025-03-20T00:00:00.000,Remodel,30.26647782,-97.74022892
2025-033509 BP,Final,ePlan: Commercial Expedited Review - Change of Use from Retail to Restaurant. Adding Grease interceptor and Restrooms (2214 SF).,Icon Projects LLC,1400 S CONGRESS AVE BLDG A UNIT 102,AUSTIN,78704,2025-03-20T00:00:00.000,Remodel,30.24995208,-97.74994523
2025-035886 BP,Final,ePlan: Commercial Expedited Review - Remodel to Existing Restaurants Deck (3025 SF).,Trinity Contructors,3120 PALM WAY UNIT 170,AUSTIN,78758,2025-03-26T00:00:00.000,Remodel,30.4027895,-97.72132912
2025-035986 BP,Final,Change of Use to Restaurant - limited use with interior remodel,Yasad Construction LLC,13492 N US 183 HWY SVRD SB UNIT 400,AUSTIN,78750,2025-03-31T00:00:00.000,Remodel,,
2025-037279 BP,Final,Interior remodel to existing restaurant.,RL Northwest Property LLC,1201 BARBARA JORDAN BLVD BLDG 12 UNIT 1280,AUSTIN,78723,2025-04-01T00:00:00.000,Remodel,30.30635266,-97.70916489
2025-038108 BP,Final,Enclose an existing porch and construct new interior partition walls as shown on plans.  There will be no food cooked or prepared in the coffee shop of this building.,Triumph,4207 MEDICAL PKWY,AUSTIN,78756,2025-04-03T00:00:00.000,Remodel,30.31164146,-97.7422835
2025-039906 BP,Final,Change of use from Personal Improvement Services to Restaurant with Interior finish-out.,TCB Construction Group LLC,1420 W WELLS BRANCH PKWY UNIT 130,AUSTIN,78660,2025-04-08T00:00:00.000,Remodel,30.44196288,-97.66291141
2025-039937 BP,Final,Convert existing classroom into mental health center upgrade Pre-K classrooms including restrooms install solar film at library corridor replace water source heat pumps serving library corridor gym and cafeteria replace one rooftop outside air ventilation unit serving classroom pods replacement of additional outside roof top units as budget allows.,Novium Group LLC,5605 NUCKOLS CROSSING RD,AUSTIN,78744,2025-04-25T00:00:00.000,Remodel,30.18874303,-97.74039027
2025-041554 BP,Final,ePlan: Commercial Expedited Review - Interior Remodel and Change of Use from Office to Restaurant (4760 SF).,SUNRAY CONTRACTING LLC,401 W 3RD ST UNIT 100,AUSTIN,78701,2025-04-10T00:00:00.000,Remodel,30.26610018,-97.74753602
2025-042935 BP,Final,Remodel of New Restaurant,Elite Stone,2901 S CAPITAL OF TEXAS HWY NB UNIT H20,AUSTIN,78746,2025-05-02T00:00:00.000,Remodel,30.25788603,-97.80700704
2025-043266 BP,Final,Change of Use to restaurant with Interior remodel.,Tri Marsh Realty LLC,10515 N MOPAC EXPY SVRD NB BLDG A UNIT 150,AUSTIN,78759,2025-04-10T00:00:00.000,Remodel,30.39160411,-97.7324475
2025-044131 BP,Expired,Stairway security door installation.  This door is between levels inside the stairway to secure residential levels of this building..  This will allow EGRESS access unrestricted employing a panic bar.  Key and/or card access required for moving up stairwell. Doors auto-unlock in event of fire alarm.,Canitan LLC,44 EAST AVE,AUSTIN,78701,2025-04-16T00:00:00.000,Remodel,30.25593982,-97.7389342
2025-045873 BP,Active,"The Atrium Infill project will add floor plate to the open center atrium sections of the Barbara Jordan Terminal for added queuing and other airport needs.

PuPR2",The Whiting-Turner Contracting Company ***MAIN***,3600 PRESIDENTIAL BLVD,AUSTIN,78719,2025-04-28T00:00:00.000,Remodel,,
2025-046909 BP,Final,Tenant Infill of existing vacant unit change of use from personal services to Restaurant-Limited for a coffee shop.,SJ Services,3701 GUADALUPE ST UNIT 106,AUSTIN,78705,2025-04-28T00:00:00.000,Remodel,30.30208585,-97.73815961
2025-046918 BP,Final,interior remodel for new restaurant.,"Brunet and Carretta, LLC",3220 AMY DONOVAN PLZ UNIT 100,AUSTIN,78758,2025-04-17T00:00:00.000,Remodel,30.3967807,-97.72731711
2025-046928 BP,Final,In the Living Room Dining Room Kitchen 2 Bedrooms 2 Bathrooms & hallway the remo The air handler condenser refrigerant lines & ductwork will be R&,Gu Homes Construction LLC,9300 NORTHGATE BLVD UNIT 299,AUSTIN,78758,2025-04-18T00:00:00.000,Remodel,30.37239143,-97.71561186
2025-047181 BP,Final,Interior & Exterior Remodel Work of Existing Restaurant. Remodel to Include New Seating Stations and Rework of a Beverage Station,Capital Constructors Group,1822 S CONGRESS AVE,AUSTIN,78704,2025-04-25T00:00:00.000,Remodel,30.24542257,-97.75159645
2025-047443 BP,Active,ePlan: Commercial Expedited Review - New Construction of a 2-Story Restaurant/Bar (5506 SF).,ACE Commercial Contractors (MAIN),1115 SHADY LN,AUSTIN,78721,2025-05-09T00:00:00.000,New,,
2025-048078 BP,Final,ePlan: Commercial Expedited Review - Interior Remodel to Existing Restaurant and Kitchen located in Hotel. Phase 1 - New Bar PDR Kitchen Storage Restrooms and Circulation (175000 SF).,"Balfour Beatty Construction, LLC",604 BRAZOS ST,AUSTIN,78701,2025-05-07T00:00:00.000,Remodel,30.26813608,-97.74171477
2025-048079 BP,Final,ePlan: Commercial Expedited Review -  Interior Remodel to Existing Restaurant and Kitchen located in Hotel. Phase 2 - Remodel Main Restaurant Dining and Bar Area (175000 SF).,"Balfour Beatty Construction, LLC",604 BRAZOS ST,AUSTIN,78701,2025-05-07T00:00:00.000,Remodel,30.26813608,-97.74171477
2025-050024 BP,Final,Access Control System and Changing out the door at the Reception Creating Additional Offices and updating the Breakroom for Suite 100,Qual-Con General Contractor LLC,505 E HUNTLAND DR UNIT 100,AUSTIN,78752,2025-04-23T00:00:00.000,Remodel,30.33042774,-97.70841495
2025-050160 BP,Final,INTERIOR TENANT IMPROVEMENT OF EXISTING RESTAURANT TO NEW RESTAURANT,Hank Heyns Company *Main*,1401 E 6TH ST BLDG 1 UNIT 201,AUSTIN,78702,2025-04-24T00:00:00.000,Remodel,,
2025-050174 BP,Final,1) Replace low counter seating with ADA compliant seating. 2. Remove booths along the long glass. 3. Install new lay-in lighting. 4. Replace flooring under dish table and in walk-in cooler/freezer with Silikal flooring.,"Waffle House, Inc.",7809 E BEN WHITE BLVD SVRD EB,AUSTIN,78744,2025-05-01T00:00:00.000,Remodel,,
2025-052201 BP,Final,Adding demising walls to create a suite from an already existing full floor tenant. Most of the suite is existing to remain. Will be adding in a reception area with a desk 3 conf rooms & an office on the plan north side & creating an open workstation area on the plan south side with ph. rms & conf. The rest of the space will stay existing to remain. Only doing work for approx 3600 SF.,Rand Construction Corporation,10801 N MOPAC EXPY SVRD NB BLDG 3 UNIT 300,AUSTIN,78759,2025-04-30T00:00:00.000,Remodel,30.39673595,-97.73053232
2025-052258 BP,Final,Phase 1 -Renovation of existing clinical education center into a residential congregate living for occupants to stay not longer than 50 days Auxiliary spaces include shared dining without kitchen and staff offices. This project will be phased,Basic IDIQ INC,1400 N IH 35 SVRD SB,AUSTIN,78701,2025-05-05T00:00:00.000,Remodel,,
2025-052259 BP,Final,Phase 2-Renovation of existing clinical education center into a residential congregate living for occupants to stay not longer than 50 days. Auxiliary spaces include shared dining without kitchen and staff offices. This project will be phased.,Basic IDIQ INC,1400 N IH 35 SVRD SB,AUSTIN,78701,2025-05-05T00:00:00.000,Remodel,,
2025-052260 BP,Withdrawn,Phase 3- Renovation of existing clinical education center into a residential congregate living for occupants to stay not longer than 50 days.  Auxiliary spaces include shared dining without kitchen and staff offices. This project will be phased.,Basic IDIQ INC,1400 N IH 35 SVRD SB,AUSTIN,78701,2025-05-05T00:00:00.000,Remodel,,
2025-054603 BP,Final,Tenant Finish Out to create limited Restaurant Space for Suite 160,Apex-Multifamily,7717 SOUTHWEST PKWY BLDG 1 UNIT 160,AUSTIN,78735,2025-05-06T00:00:00.000,Remodel,30.25569415,-97.87573192
2025-054838 BP,Final,ePlan: Commercial Expedited Review - Interior Remodel to Existing Restaurant (8368 SF).,SUNRAY CONTRACTING LLC,1717 W 6TH ST UNIT 140R,AUSTIN,78703,2025-05-08T00:00:00.000,Remodel,,
2025-055168 BP,Final,First Generation of Restaurant of 4400 sq ft: It includes Indoor Seating Bar Patio and Commercial Kitchen.  Grease Trap is Existing.  Patio is existing IC. Space is Identified as food service on site plan.,The Burt Group**MAIN**,205 E 3RD ST,AUSTIN,78701,2025-07-02T00:00:00.000,Remodel,,
2025-055368 BP,Final,ePlan: Commercial Expedited Review - Interior Remodel and Change of Use from Restaurant to Personal Improvement Services.,BLUE & ASSOCIATES,8620 BURNET RD UNIT 132,AUSTIN,78758,2025-05-06T00:00:00.000,Remodel,,
2025-056616 BP,Final,ePlan: Commercial Expedited Review - Interior Remodel to Existing Hotel. Work to include Remodeling Bar and Main Dining - Phase A1 and A2 (5524 SF).,Continental Contractors Inc,110 E 2ND ST,AUSTIN,78701,2025-05-07T00:00:00.000,Remodel,30.26438581,-97.74340598
2025-056617 BP,Final,ePlan: Commercial Expedited Review - Interior Remodel to Existing Hotel. Work to include Remodel Market and Corridor Fireplace and Lounge Bar Lobby and Reception - Phase B1 B2 and B3 (11965 SF),Continental Contractors Inc,110 E 2ND ST,AUSTIN,78701,2025-05-07T00:00:00.000,Remodel,30.26438581,-97.74340598
2025-056884 BP,Final,Renovating existing classroom for a new use including updating finishes and adding new walls as well as upgrades to certain heating air conditioning and electrical systems.  HVAC upgrades will also involve replacements of ceilings in two corridors as well as patch/repair of some finished around equipment.,STR Constructors,5408 WESTMINSTER DR,AUSTIN,78723,2025-05-14T00:00:00.000,Remodel,30.30652411,-97.69006844
2025-057405 BP,Active,ePlan: Expedited Review - First Time Finish Out of Hotel Breakfast Bar Floor 3.,Flintco LLC *MAIN*,1110 W 6TH ST UNIT FLR3,AUSTIN,78703,2025-05-15T00:00:00.000,Remodel,,
2025-057407 BP,Active,ePlan: Expedited Review - First Time Finish Out of Members Club and Bar.,Flintco LLC *MAIN*,1110 W 6TH ST UNIT FLR2,AUSTIN,78703,2025-05-15T00:00:00.000,Remodel,,
2025-057419 BP,Active,ePlan: Expedited Review - First Time Finish Out of Banquest Space Bar Back of House Kitchen.,Flintco LLC *MAIN*,1110 W 6TH ST UNIT FLR2,AUSTIN,78703,2025-05-15T00:00:00.000,Remodel,,
2025-057421 BP,Active,ePlan: Expedited Review - First Time Finish Out of Juice Bar Level 1.,Flintco LLC *MAIN*,1110 W 6TH ST UNIT 502,AUSTIN,78703,2025-05-15T00:00:00.000,Remodel,,
2025-058119 BP,Active,Remodel of existing space for a restaurant.,XLG Construction LLC,2901 S CAPITAL OF TEXAS HWY NB UNIT J01B,AUSTIN,78746,2025-05-13T00:00:00.000,Remodel,30.25788603,-97.80700704
2025-058142 BP,Final,"Construct New Free-Standing Awning Over Existing Cocktail Lounge

2024 164234 DA - Approved",Rouche Rouse Co. LLC DBA Austin American Awning,2001 E CESAR CHAVEZ ST,AUSTIN,78702,2025-05-16T00:00:00.000,Remodel,30.25652851,-97.72323287
2025-058661 BP,Final,Interior finish-out for a Chicken Salad Chick restaurant offering chicken salad via dine-in and mobile order/pickup with a commercial kitchen and restrooms,"Skiles Construction, Inc.",1000 E 41ST ST BLDG J UNIT 200B,AUSTIN,78751,2025-05-19T00:00:00.000,Remodel,30.30046387,-97.71965158
2025-060678 BP,Final,New restaurant tenant finish in existing core and shell building.  Scope includes adding a bar sandwich line dining room and restrooms.  Existing outdoor patio to remain.  Taking out a section of storefront and adding a garage door with air curtain.,"DPS Developments, LLC",7101 E WILLIAM CANNON DR BLDG 4 UNIT 400,AUSTIN,78744,2025-06-02T00:00:00.000,Remodel,,
2025-061193 BP,Active,Interior finish out for a new restaurant serving Mongolian BBQ and Sushi.,AAD & Renovations LLC,9900 S IH 35 SVRD SB BLDG M UNIT 100,AUSTIN,78748,2025-05-20T00:00:00.000,Remodel,,
2025-061208 BP,Final,ePlan: Commercial Expedited Review - Interior Remodel Addition and Change of Use of an Existing Retail Space to a New Coffee Shop/Bakery (1595 SF),Orange Blood Contractors,8312 BURNET RD UNIT 101,AUSTIN,78757,2025-05-16T00:00:00.000,Addition and Remodel,,
2025-061942 BP,Final,New construction of a McDonalds restaurant with drive-thru installation and associated site work.,Morrison Construction Co,6320 ED BLUESTEIN BLVD SB,AUSTIN,78723,2025-05-27T00:00:00.000,New,,
2025-062546 BP,Active,Phase 1 for TCO-Bistro/Dining & Activity area renovation (Level 1): 16803 renovation sq ft; bistro/dining addition (L1); 1706 new const sqft; 18509 total sq ft.,White Construction***MAIN***,4100 JACKSON AVE,AUSTIN,78731,2025-06-03T00:00:00.000,Remodel,30.31503922,-97.75543361
2025-062860 BP,Active,"FA4. New two-story high school building with academics administration athletics fine arts and kitchen service on new site. 

This permit is for the Fire Area 4 portion of the building: academics administration cafeteria and kitchen.

PuPR2","American Constructors, LP***MAIN***",17001 ETHOS DR,MANOR,78653,2025-05-21T00:00:00.000,New,,
2025-063147 BP,Final,CHANGE OF USE form Office to Restaurant,EA More LLC,11301 LAKELINE BLVD BLDG 8 UNIT 114,AUSTIN,78717,2025-06-18T00:00:00.000,Remodel,30.47939973,-97.79936874
2025-063900 BP,Final,ePlan: Commercial Expedited Review - Interior Remodel Addition and Change of Use from Residential to Commercial Restaurant. New Uncovered Deck New Grease Trap (2016 SF).,Link Partners,2502 E CESAR CHAVEZ ST,AUSTIN,78702,2025-06-24T00:00:00.000,Addition and Remodel,30.25447445,-97.71637878
2025-064417 BP,Final,The scope of work includes interior finish out design for a common play-area for kids with an accessory cafe.The space is designed as indoor kids play area. Parents will accompany kids at all times for the period kids use the space for indoor activities.   [7 Day Review],,2110 WHITE HORSE TRL BLDG A,AUSTIN,78757,2025-11-13T00:00:00.000,Remodel,30.33940317,-97.74036465
2025-065459 BP,Final,ePlan: Commercial Expedited Review - Interior Remodel and Change of Use from Mercantile to Restaurant (3339 SF) ***PATIO TO BE PERMITTED SEPARATELY***,P2 Commercial LLC,5701 W SLAUGHTER LN BLDG E UNIT 110,AUSTIN,78749,2025-05-28T00:00:00.000,Remodel,30.20016505,-97.86850071
2025-065809 BP,Final,CHANGE OF USE from Restaurant to Personal Services and Removing/Adding Interior Walls for Suite 230,Ramsey Contracting,1700 W PARMER LN UNIT 230,AUSTIN,78727,2025-06-11T00:00:00.000,Remodel,,
2025-066393 BP,Expired,Sunshade- Wooden Canopy to provide shaded area for sitting and dining area,Archizonedesign LLC,1805 AIRPORT BLVD,AUSTIN,78721,2025-06-03T00:00:00.000,Remodel,,
2025-066428 BP,Final,ePlan: Commercial Expedited Review - Finish Out for Pool Bar (390 SF),JE Dunn Construction ***MAIN***,80 RAINEY ST,AUSTIN,78701,2025-05-29T00:00:00.000,Remodel,30.25922859,-97.73890286
2025-066452 BP,Final,ePlan: Commercial Expedited Review - Finish Out for Interior Bar (180 SF),JE Dunn Construction ***MAIN***,80 RAINEY ST,AUSTIN,78701,2025-05-29T00:00:00.000,Remodel,30.25922859,-97.73890286
2025-066600 BP,Final,"New Construction Mini-Golf Course with (4) detached single-story food-service and bar container buildings non-sprinkled

710 Performance Dr. 
***Scope has been changed to ONLY golf course and restroom container as reflected on Approved plans.***",PopStroke,710 PERFORMANCE DR,AUSTIN,78753,2025-06-10T00:00:00.000,New,30.40752794,-97.65354934
2025-066655 BP,Final,Interior remodel and finish out to include new grease trap to create food service carry out,Everbowl,13429 N US 183 HWY SVRD NB UNIT 110,AUSTIN,78729,2025-08-19T00:00:00.000,Remodel,30.44753261,-97.78898525
2025-066704 BP,Final,ePlan: Commercial Expedited Review - Interior Remodel to Existing Restaurant (2469 SF).,Venture Construction Company,6539 BURNET RD,AUSTIN,78757,2025-06-10T00:00:00.000,Remodel,,
2025-071766 BP,Final,2025/06/20 thru 2025/07/07 -Big top circus in the parking lot of Barton Creek Square Mall.  Event is inside a circus tent with seating.  No animals are part of the show and the show consists of acrobats clowns trapeze and comedy acts.  No alcohol is part of the event and food concessions are sold inside the tent.,HV LLC,2901 S CAPITAL OF TEXAS HWY NB,AUSTIN,78746,2025-06-13T00:00:00.000,New,30.25788603,-97.80700704
2025-073338 BP,Active,INTERIOR TI FOR RESTAURANT W/ OUTDOOR PATIO SEATING IN EXISTING MULTI-TENANT BUILDING. WORK INCLUDES NON-LOAD BEARING WALLS NEW HOOD MEP WORK.,Embree Construction Group**MAIN***,1106 W 38TH ST,AUSTIN,78756,2025-06-16T00:00:00.000,Remodel,30.30598028,-97.74427714
2025-074120 BP,Active,TENANT FINISH OUT / PROF OFFICES / SINGLE TENANT FLOOR / TERRACE / BREAKROOM - LABELED WORK CAFE / CONFERENCE ROOMS / CONVENIENCE STAIR (6 apps - Suites 4400-4800 and Flr 44-48),Rand Construction Corporation,401 W 4TH ST UNIT 4400,AUSTIN,78701,2025-06-16T00:00:00.000,Remodel,30.267067,-97.74760834
2025-074121 BP,Active,TENANT FINISH OUT / PROF OFFICES / SINGLE TENANT FLOOR / TERRACE / BREAKROOM - LABELED WORK CAFE / CONFERENCE ROOMS / CONVENIENCE STAIR (6 apps - Suites 4400-4800 and Flr 44-48),Rand Construction Corporation,401 W 4TH ST UNIT 4500,AUSTIN,78701,2025-06-16T00:00:00.000,Remodel,30.267067,-97.74760834
2025-074122 BP,Active,TENANT FINISH OUT / PROF OFFICES / SINGLE TENANT FLOOR / TERRACE / BREAKROOM - LABELED WORK CAFE / CONFERENCE ROOMS / CONVENIENCE STAIR (6 apps - Suites 4400-4800 and Flr 44-48),Rand Construction Corporation,401 W 4TH ST UNIT 4600,AUSTIN,78701,2025-06-16T00:00:00.000,Remodel,30.267067,-97.74760834
2025-074123 BP,Active,TENANT FINISH OUT / PROF OFFICES / SINGLE TENANT FLOOR / TERRACE / BREAKROOM - LABELED WORK CAFE / CONFERENCE ROOMS / CONVENIENCE STAIR (6 apps - Suites 4400-4800 and Flr 44-48),Rand Construction Corporation,401 W 4TH ST UNIT 4700,AUSTIN,78701,2025-06-16T00:00:00.000,Remodel,30.267067,-97.74760834
2025-074124 BP,Active,TENANT FINISH OUT / PROF OFFICES / SINGLE TENANT FLOOR / TERRACE / BREAKROOM - LABELED WORK CAFE / CONFERENCE ROOMS / CONVENIENCE STAIR (6 apps - Suites 4400-4800 and Flr 44-48),Rand Construction Corporation,401 W 4TH ST UNIT 4800,AUSTIN,78701,2025-06-16T00:00:00.000,Remodel,30.267067,-97.74760834
2025-077596 BP,Final,ePlan: Commercial Expedited Review - First Time Finish Out to create Small Restaurant/Cafe (1100 SF),Havens Commercial LLC dba Havens Construction,415 COLORADO ST UNIT 102,AUSTIN,78701,2025-07-07T00:00:00.000,Remodel,,
2025-079808 BP,Final,ENCLOSING/SECURING EXISTING ENTRY CORRIDOR AND CREATING VESTIBULE W/ DIRECT ACCESS TO RECEPTION AREA TO IMPROVE CONTROL OVER ACCESS TO INTERIOR OF SCHOOL  ADDITION OF SECURITY HARDWARE TO NEW VESTIBULE SPACE AND RECEPTION ADDITION OF RESTROOMS IN CAFETERIA.,Noble General Contractors,5408 WESTMINSTER DR,AUSTIN,78723,2025-07-01T00:00:00.000,Remodel,30.30652411,-97.69006844
2025-080360 BP,Final,TEMPORARY BUILDING PERMIT - Scope of Permit is limited to Termite Treatment Drilled Piers Grade Beams Slab on Grade (Vapor Barrier Rebar FireStopping) MEP under Slab Incl. Condensate Hydronic Sanitary Story Water Feeders and Sleeves,Adolfson & Peterson Construction,8403 MESA DR,AUSTIN,78759,2025-07-01T00:00:00.000,Shell,30.37635792,-97.75392131
2025-081316 BP,Final,Interior Remodel to existing Retail in Barton Creek Square Mall.,Demotik,2901 S CAPITAL OF TEXAS HWY NB UNIT A04C,AUSTIN,78746,2025-07-11T00:00:00.000,Remodel,30.25788603,-97.80700704
2025-081340 BP,Final,INTERIOR REMODEL OF EXISTING RESTAURANT INTO A NEW RESTAURANT.NO CHANGE OF USE OR OCCUPANCY.,ATX Remodeling and Repair,238 W 2ND ST UNIT 13,AUSTIN,78701,2025-06-30T00:00:00.000,Remodel,,
2025-081553 BP,Final,ePlan: Commercial Expedited Review - Interior and Exterior Remodel to Existing Restaurant for New Food Tenant and New Construction of Patio (28500 SF).,"CTC Contractors, LLC",3100 ESPERANZA XING UNIT 130,AUSTIN,78758,2025-07-01T00:00:00.000,Remodel,30.39986155,-97.72287431
2025-081554 BP,Final,ePlan: Commercial Expedited Review - New Construction of Patio to Existing Restaurant.,"CTC Contractors, LLC",3100 ESPERANZA XING UNIT 130,AUSTIN,78758,2025-07-01T00:00:00.000,New,30.39986155,-97.72287431
2025-082970 BP,Final,Change of Use to ice cream shop  with interior renovation of a partial floor of existing building for new tenant somisomi desert cafe. the work includes limited demolition new non-structural partitions ceilings finishes millwork and furniture/equipment as and associated mep improvements.,CapEx Construction,6406 N IH 35 SVRD SB UNIT 1220,AUSTIN,78752,2025-07-07T00:00:00.000,Remodel,,
2025-083184 BP,Active,New ground up construction of main restaurant building for Chick Fil A with concurrent review,MAPP LLC **MAIN**,7019 E WILLIAM CANNON DR,AUSTIN,78744,2025-07-23T00:00:00.000,New,30.16308192,-97.72681686
2025-084208 BP,Expired,Exterior paint interior paint construction of a faux fireplace feature utilizing digital monitors that look like simulated fire. Adding architecture features to fronts of existing food bars  Adding FRP,"JFK Construction, LLC",12509 N LAMAR BLVD,AUSTIN,78753,2025-07-10T00:00:00.000,Remodel,30.40908073,-97.67770189
2025-084500 BP,Final,Install HVAC system build counter for seating,Lynny's LLC,1914 E 12TH ST,AUSTIN,78702,2025-07-09T00:00:00.000,Remodel,30.27398618,-97.71937982
2025-084516 BP,Final,Interior remodel for an existing food service under 50 occupants,JH Creatives Solutions,7433 BURNET RD,AUSTIN,78757,2025-07-17T00:00:00.000,Remodel,,
2025-085024 BP,Active,ePlan: Commercial Expedited Review - [Public Project] Interior Remodel to Existing CTE Campus including 2 New Secured Enty Vestibules Remodel Admin Space New Culinary Dining and Cosmetology Education Programs And Roof Modifications. (33583 SF),Cadence McShane Construction Company,1519 CORONADO HILLS DR,AUSTIN,78752,2025-07-29T00:00:00.000,Remodel,,
2025-085546 BP,Final,Temporary Mechanical equipment located outside of the building. No change to occupancy type or load No structural work. Exterior equipment placed on existing walkway temporarily. Temporary fencing pedestrian barricade with gate access and secured movable bollards provided by GC.,Turner Construction,5707 SOUTHWEST PKWY BLDG 1,AUSTIN,78735,2025-07-10T00:00:00.000,Remodel,30.24410742,-97.84454025
2025-086071 BP,Active,ePlan: Commercial Expedited Review - Addition and Change of Use from Transportation Terminal to Restaurant (2131 SF).,,1500 SAN JACINTO BLVD,AUSTIN,78701,2026-09-03T00:00:00.000,Addition and Remodel,,
2025-088037 BP,Final,Interior remodel to existing retail suite to create bookstore with cafe. (No exterior work),Censor Commercial Construction,9600 S IH 35 SVRD SB BLDG R,AUSTIN,78748,2025-07-24T00:00:00.000,Remodel,,
2025-089910 BP,Final,"interior remodel to existing building creating a Planet Fitness - (Change of Use).

[15-25 Day Review]",Central Builders INC,13729 N US 183 HWY NB UNIT 1200,AUSTIN,78729,2025-07-22T00:00:00.000,Remodel,30.46005291,-97.79041347
2025-091152 BP,Active,ePlan: Expedited Review - First Time Finish Out for 2nd Floor - contains Units Leasing Office Fitness/Locker Rooms Co-Workings Pool Equipment Room and 123 S 1ST Restaurant Shell Continued from Level 1.,ROGERS OBRIEN CONSTRUCTION,127 S 1ST ST UNIT FLR2,AUSTIN,78704,2025-07-24T00:00:00.000,Remodel,30.26106116,-97.74751573
2025-091390 BP,Active,Interior Remodel/Addition to an existing structure for coffee & bakery use,HC Construction,2702 E CESAR CHAVEZ ST,AUSTIN,78702,2025-07-29T00:00:00.000,Remodel,30.25358736,-97.71388421
2025-092356 BP,Final,ePlan: Commercial Expedited Review - Change of Use from Dry Cleaners to Expanding Existing Restaurant/Bar at 2401 Lake Austin Blvd. (3735 SF),"EABD,LLC",2401 LAKE AUSTIN BLVD,AUSTIN,78703,2025-09-03T00:00:00.000,Remodel,30.27786674,-97.77290738
2025-093541 BP,Final,Interior shell finish-out for a sushi restaurant.,"Hit Construction, Consulting & Management LLC",3500 E PARMER LN UNIT 8110,AUSTIN,78754,2025-07-28T00:00:00.000,Remodel,,
2025-094536 BP,Final,"Demolition of Restaurant Approx. 2950 sf Circa 1968

2025 067077 DA - Approved ...",AAR Incorporated,2910 S CONGRESS AVE,AUSTIN,78704,2025-07-31T00:00:00.000,Demolition,30.23317507,-97.75868619
2025-094859 BP,Final,ePlan-Expedited Review: [APPROVED] **GREEN BUILDING** First Time Finish-out for Coffee Shop on 1st Floor for Mixed Use Building.,JE Dunn Construction ***MAIN***,80 RAINEY ST,AUSTIN,78701,2025-07-29T00:00:00.000,Remodel,30.25922859,-97.73890286
2025-094896 BP,Final,ePlan: Commercial Expedited Review - Interior Remodel and Change of Use from Retail to Restaurant (53962 SF).,"Soup and Leaves, LLC",13450 N US 183 HWY SVRD SB UNIT 112,AUSTIN,78750,2025-07-31T00:00:00.000,Remodel,,
2025-095930 BP,Final,1295 sq ft closing furniture department. Install new walls to close access to old furniture dept. Install doors with crash bars and emergency lighting. (Dillards),"CDI Contractors, LLC",2901 S CAPITAL OF TEXAS HWY NB,AUSTIN,78746,2025-07-31T00:00:00.000,Remodel,30.25788603,-97.80700704
2025-096374 BP,Final,Occupy existing coffee kiosk in lobby of first floor.,HCS Inc,720 BRAZOS ST,AUSTIN,78701,2025-08-11T00:00:00.000,Remodel,30.26923879,-97.74116236
2025-097651 BP,Final,INTERIOR REMODEL CONFERENCE ROOM FINISHES COFFEE WATER LINE MILLWORK LIGHTING AV equipment AND ASSOCIATED MECHANICAL ELECTRICAL AND PLUMBING,"Burk General Contractors, LLC",10910 DOMAIN DR UNIT 104,AUSTIN,78758,2025-08-05T00:00:00.000,Remodel,30.39556865,-97.72695328
2025-098263 BP,Final,Interior Tenant Improvement to Create Restaurant for Suite 140: Partial Demo of Non-structural partition & Non-Structural Partition.  New Exhaust Hood Kitchen Equipment Installation Replace Old Mech Unit with New and Ducting Electric Wiring and Plumbing.,DBD CONSTRUCTION,9828 GREAT HILLS TRL UNIT 140,AUSTIN,78759,2025-08-08T00:00:00.000,Remodel,30.3944735,-97.74827156
2025-100159 BP,Final,Interior remodel of an existing bar consisting of making restrooms larger by taking over unused b.o.h. storage space.,Dan Construction LLC,1621 W 5TH ST,AUSTIN,78703,2025-08-08T00:00:00.000,Remodel,30.27452033,-97.76497295
2025-100573 BP,Final,"New Ground up facility of approximately 950 sq feet for general sales of coffee and pre-packaged items.

2024 058767 SP - Concurrent Review",Legacy Commercial Contractors LLC,7015 E WILLIAM CANNON DR,AUSTIN,78744,2026-01-26T00:00:00.000,New,30.16345002,-97.7273355
2025-101501 BP,Active,Owner is wanting to replace the roof of the tiny bar.,Tiniest Bar in Texas,817 W 5TH ST,AUSTIN,78701,2025-11-12T00:00:00.000,Remodel,30.26957208,-97.75304188
2025-101697 BP,Final,Change of use. No new construction. Existing office with test kitchen and dining space change of use to a mixed-use non-separated uses office and restaurant. Existing equipment remains.,Ungar & Company,440 E ST ELMO RD UNIT D,AUSTIN,78745,2025-08-13T00:00:00.000,Remodel,30.2160021,-97.7618357
2025-103587 BP,Final,ePlan: Commercial Expedited Review - Exterior Patio Bar Renovation and Grease Trap Replacement (3109 SF).,Franklin-Alan LLC ***MAIN***,1600 S CONGRESS AVE,AUSTIN,78704,2025-08-15T00:00:00.000,Remodel,30.24788615,-97.75060556
2025-103957 BP,Final,ePlan: Commercial Expedited Review - Interior Remodel and Change of Use from Printing and Publish Services to Service and Maintenance Facility. Scope of Work to include Creating Storage Area and Service Line along with Remodel in Admin Area (280110 SF).,Rand Construction Corporation,305 S CONGRESS AVE,AUSTIN,78704,2025-08-19T00:00:00.000,Remodel,30.25882293,-97.74400192
2025-105793 BP,Final,Update interior finishes and dining room furniture. No structural work or changes to egress (only to partition walls),McCon Building Corporation,3424 W WILLIAM CANNON DR,AUSTIN,78745,2025-08-22T00:00:00.000,Remodel,30.21377691,-97.82927614
2025-106680 BP,Final,Change of use from Office to Restaurant and add new restroom prep area and service counter to existing 1520 sf building.,Stringer Industries LLC,3908 AVENUE B BLDG A,AUSTIN,78751,2025-09-04T00:00:00.000,Remodel,30.30406324,-97.73571014
2025-106789 BP,Final,First time finish out for a coffee shop.,"Leonard Contracting, Inc.",1900 ALDRICH ST UNIT 100,AUSTIN,78723,2025-08-26T00:00:00.000,Remodel,30.29891081,-97.70503445
2025-106831 BP,Final,Interior tenant finish-out for a new Little Caesars Pizza restaurant including kitchen installation service counter restroom updates lighting HVAC electrical end finishes per brand standards.,JP Construction,10001 RESEARCH BLVD SVRD NB BLDG A UNIT 160,AUSTIN,78759,2025-08-22T00:00:00.000,Remodel,30.39191232,-97.74469492
2025-107407 BP,Final,"CHANGE OF USE from Indoor Entertainment/Food Service to Restaurant (9127 sq ft) and include new (1770 sq ft Patio) 

2025 035547 DA - Concurrent Reviews",John King Construction Company  **MAIN**,11506 CENTURY OAKS TER BLDG B UNIT 128,AUSTIN,78758,2026-02-03T00:00:00.000,Remodel,30.40256875,-97.72589147
2025-109590 BP,Final,Interior remodel of existing retail space into restaurant with addition of 219sf exterior porch.,TJR Const.,1805 S 1ST ST,AUSTIN,78704,2025-09-10T00:00:00.000,Remodel,30.24698433,-97.75580908
2025-109844 BP,Active,ePlan: Commercial Expedited Review - Exterior Remodel to Existing Office. Phase 1 Including non structural partitions ceilings finishes and food service improvements. Work to include Remodel to Existing Patio. Phase 1 (163500 SF).,Turner Construction,5707 SOUTHWEST PKWY BLDG 1,AUSTIN,78735,2025-09-30T00:00:00.000,Remodel,30.24410742,-97.84454025
2025-111566 BP,Final,ePlan: Commercial Expedited Review - Interior Remodel and Change of Use from Retail Shell to Restaurant (1822000 SF).,SUNRAY CONTRACTING LLC,401 W 4TH ST UNIT 120,AUSTIN,78701,2025-09-23T00:00:00.000,Remodel,30.267067,-97.74760834
2025-111763 BP,Active,Tenant Finish-out remodel empty space general retain into Bobba Tea Shop with dine in seating,Gotta Construction Inc,709 W 24TH ST,AUSTIN,78705,2025-10-01T00:00:00.000,Remodel,30.28789234,-97.74582716
2025-112085 BP,Final,CHANGE OF USE TO COCKTAIL LOUNGE AND INTERIOR REMODEL.,Lonestar Farms LLC,607 CONGRESS AVE,AUSTIN,78701,2025-09-08T00:00:00.000,Remodel,,
2025-113012 BP,Final,Interior and exterior remodel of existing commercial building into a restaurant with exterior patio space.,"Andres Construction Services, LLC",5811 BERKMAN DR BLDG H,AUSTIN,78723,2026-01-02T00:00:00.000,Remodel,,
2025-114646 BP,Final,Open up coffee and juice shop in existing building installing sinks to existing plumbing,Juussbyjuju LLC,1008 E 6TH ST,AUSTIN,78702,2025-09-15T00:00:00.000,Remodel,30.26519039,-97.73180378
2025-115076 BP,Active,Change of use from Art Gallery to Restaurant with remodel of an existing 888sf building to become a restaurant.,Maryen Services LLC,408 JOSEPHINE ST,AUSTIN,78704,2025-11-06T00:00:00.000,Remodel,30.26190602,-97.75887685
2025-115345 BP,Final,Interior remodel existing admin office break area to create accessory use small restaurant (coffee shop) for employees only.,Swinerton Builders Inc.,11815 ALTERRA PKWY UNIT FLR8,AUSTIN,78758,2025-09-23T00:00:00.000,Remodel,30.40492223,-97.71828234
2025-116206 BP,Final,ePlan: Commercial Expedited Review - Remodel of restaurant space (67302 SF),Franklin-Alan LLC ***MAIN***,211 WALTER SEAHOLM DR UNIT LR115,AUSTIN,78701,2025-09-16T00:00:00.000,Remodel,30.26751372,-97.75271351
2025-116247 BP,Active,Change of use to restaurant with remodel and combining Suites 130 and 135 into one space.,Americocan Tepro Inc,7010 EASY WIND DR UNIT 130,AUSTIN,78752,2025-09-19T00:00:00.000,Remodel,30.33918678,-97.71833294
2025-118740 BP,Active,Interior remodel for change of use to restaurant add exterior grease trap and generator,,7845 SHOAL CREEK BLVD,AUSTIN,78757,2025-09-24T00:00:00.000,Remodel,30.3601276,-97.74066381
2025-118918 BP,Active,New Lease Build-Out for Kanda Sushi - Full Service Restaurant.,Laygan C LLC Group,300 S LAMAR BLVD SB,AUSTIN,78704,2025-10-14T00:00:00.000,Remodel,30.26286872,-97.75860722
2025-119367 BP,Active,Interior shell finish out for a ramen restaurant.,"Blue & Associates, Inc.",3706 GOODWIN AVE UNIT 111,AUSTIN,78721,2025-09-22T00:00:00.000,Remodel,30.26846266,-97.69545149
2025-119407 BP,Final,Interior remodel of an existing building to a new restaurant.,Havens Commercial LLC dba Havens Construction,5812 BERKMAN DR,AUSTIN,78723,2025-12-01T00:00:00.000,Remodel,,
2025-119762 BP,Final,Nails salon/spa replace bar venue,Artex Remodeling and Roofing LLC,1509 S LAMAR BLVD UNIT 600,AUSTIN,78704,2025-09-29T00:00:00.000,Remodel,30.25177139,-97.76409861
2025-120799 BP,Active,ePlan: Commercial Expedited Review - Interior Remodel to Existing Restaurant (3109 SF).,Franklin-Alan LLC ***MAIN***,1600 S CONGRESS AVE,AUSTIN,78704,2025-10-03T00:00:00.000,Remodel,30.24788615,-97.75060556
2025-121226 BP,Active,New storage space for restaurant supplies divided into two interior spaces: dry storage and an incorporated walk-in cooler. New grease container enclosure.,ITALEX BUILDERS INC ***MAIN,4827 E CESAR CHAVEZ ST,AUSTIN,78702,2025-11-17T00:00:00.000,New,30.25161638,-97.70172185
2025-121641 BP,Final,Install all new vent hoods(2) in a small commercial kitchen plumbing scope of work under Approved Permit# 2025-051728 PP (gas line re-pipe plumbing fixture replacement water heater replacement),,742 NORTHWESTERN AVE,AUSTIN,78702,2025-09-29T00:00:00.000,Remodel,30.26252739,-97.71395216
2025-122129 BP,Active,ePlan: Commercial Expedited Review - [AE GREEN BUILDING] New Construction of New Shell Space for future Restaurant.,OHT Construction LLC ***MAIN***,2545 BROCKTON DR,AUSTIN,78758,2025-09-25T00:00:00.000,Shell,30.39241539,-97.71999213
2025-122313 BP,Final,The existing restaurant is continuing in the same kind of food and the owner needed a kitchen remodeling only,Gold Triangle,14010 N US 183 HWY SVRD SB UNIT 510,AUSTIN,78613,2025-10-07T00:00:00.000,Remodel,,
2025-122685 BP,Active,TEMPORARY BUILDING PERMIT  Scope Of Work Is Limited To: Termite Treatment Drilled Piers Grade Beams Slab on Grade (Vapor Barrier Rebar Firestopping) MEP Under Slab incl Condensate Hydronic Sanitary Water Feeders and Sleeves.,Adolfson & Peterson Construction,5600 SUNSHINE DR BLDG J,AUSTIN,78756,2025-11-05T00:00:00.000,New,30.32624387,-97.72983419
2025-124360 BP,Final,"CHANGE OF USE from Personal Services to Restaurant and Interior Remodel

2025 090959 DA - Approved!","MCS, LLC",500 W MARTIN LUTHER KING JR BLVD UNIT B,AUSTIN,78705,2025-09-30T00:00:00.000,Remodel,30.28250034,-97.743446
2025-128735 BP,Final,PROJECT CONSISTS OF INTERIOR TENANT FINISH (RESTAURANT A-2) WITHIN EXISTING BUILDING SHELL SPACE.,Vineyard Builders Inc,4301 W WILLIAM CANNON DR BLDG H UNIT 105,AUSTIN,78749,2025-10-17T00:00:00.000,Remodel,30.22138553,-97.83977678
2025-130056 BP,Final,"Interior finish out of an existing vacant commercial shell space to create a juice bar. Scope of work includes MEPs installation to support juice drink services. 
Obtain certificate of occupancy",Lucon Inc,10901 N LAMAR BLVD UNIT 103,AUSTIN,78753,2025-10-17T00:00:00.000,Remodel,30.37829667,-97.6877363
2025-130852 BP,Final,"Converting Dining Room to Bar and Lounge Area

2020 092184 DA - Approved",,1628 E CESAR CHAVEZ ST,AUSTIN,78702,2025-10-13T00:00:00.000,Remodel,30.25831675,-97.72758201
2025-131144 BP,Final,New Exterior Patio Canopy for Existing First Watch Restaurant -Exterior Work Only,Anchor Construction,3500 E PARMER LN UNIT 10140,AUSTIN,78754,2025-10-16T00:00:00.000,New,,
2025-131181 BP,Final,Interior remodel for existing restaurant.,Cornerstone FCE Services,7100 N IH 35 SVRD SB,AUSTIN,78752,2025-10-21T00:00:00.000,Remodel,,
2025-131440 BP,Active,CHANGE OF USE from Multiple Uses to Restaurant and Adding 2500 sq ft of Patio Cafe -Suite G260,Trinity Contructors,600 CONGRESS AVE UNIT G260,AUSTIN,78701,2025-10-22T00:00:00.000,Remodel,,
2025-133963 BP,Final,First time tenant finish out for Barbershop.,LFM Development Inc.,4341 S CONGRESS AVE UNIT 130,AUSTIN,78745,2025-10-21T00:00:00.000,Remodel,30.21854775,-97.76630291
2025-134902 BP,Active,New Canopy for Outdoor Sitting and Two New Additional Guest Restrooms for Existing Restaurant,ITALEX BUILDERS INC ***MAIN,4715 E CESAR CHAVEZ ST,AUSTIN,78702,2026-07-22T00:00:00.000,Addition,30.25165025,-97.70203139
2025-135038 BP,Final,Remodel existing restaurant space for new tenant install new awnings over existing patio.,River City Builders SA,1100 S LAMAR BLVD BLDG 2 UNIT 2140,AUSTIN,78704,2025-11-10T00:00:00.000,Remodel,30.25571158,-97.7625396
2025-136790 BP,Active,Change of use to Cocktail lounge with Interior finish out for a cocktail lounge inside an existing commercial building.,Crow Bar,523 THOMPSON LN,AUSTIN,78742,2025-11-13T00:00:00.000,Remodel,30.23694085,-97.68532433
2025-137728 BP,Final,Change of use to restricted food service No food will be cooked or prepared on-site. Gelato will be stored in commercial freezers and served in to-go containers only. The space will include a service counter handwashing and utensil sinks and no customer seating.,INXT LLC,2901 S CAPITAL OF TEXAS HWY NB UNIT P3,AUSTIN,78746,2025-10-30T00:00:00.000,Remodel,30.25788603,-97.80700704
2025-139164 BP,Final,Interior renovations for small outdoor bar. Site exemption change of use approved included in submittal,Built Well,1004 W 11TH ST,AUSTIN,78703,2025-11-05T00:00:00.000,Remodel,30.27637648,-97.75208999
2025-141082 BP,Final,Replacement of existing boiler to include added demolition of chilled water piping associated with chilled water pumps boiler heating hot water pump; new heating hot water pump hot water piping connected to boiler loop chilled water piping boiler circuits boiler disconnect trace circuits CO alarm/sensor/lights.,"Balfour Beatty Construction, LLC",500 MAIRO ST,AUSTIN,78748,2025-11-06T00:00:00.000,Remodel,30.1810076,-97.79132744
2025-141602 BP,Final,Remodel for Tenant Amenities- Fitness Training Lounge and Coffee Bar Break Area and Commons Area on 1st Floor 12702 sf and Basement 1089 sf,DKC Construction Group,3900 N CAPITAL OF TEXAS HWY SB BLDG F,AUSTIN,78746,2025-11-06T00:00:00.000,Remodel,30.33828232,-97.80655685
2025-141709 BP,Active,ePlan: Commercial Expedited Review - [APPROVED] Interior Finish out of Shell Space to a Dance Studio to include 3 Flex Spaces 3 Restrooms and Entry Seating. (9000 SF),,4100 E 51ST ST UNIT 200,AUSTIN,78723,2025-11-03T00:00:00.000,Remodel,,
2025-141763 BP,Final,NEW FINISH OUT OF EXISTING RESTAURANT SHELL FOR COFFEE SHOP. EXISTING ACCESSIBLE BATHROOM WITH DIAPER CHANGING STATION BY BASE BUILDING APPROVED UNDER SEPARATE PERMIT TO REMAIN NOT IN SCOPE.,Havens Commercial LLC dba Havens Construction,323 W 6TH ST,AUSTIN,78701,2025-12-01T00:00:00.000,Remodel,,
2025-142848 BP,Final,New outdoor patio for an existing restaurant,Bluebonnet Patio Covers,1618 E RIVERSIDE DR,AUSTIN,78741,2025-11-17T00:00:00.000,Remodel,,
2025-143488 BP,Final,"Demolition of an Existing Restaurant Structure approximately 3249 sq. ft. Circa 1998

SP-2023-0518C - Approved
 ...",Vesta Waste Services LLC,2240 W BRAKER LN,AUSTIN,78758,2025-11-13T00:00:00.000,Demolition,30.39121,-97.71375259
2025-143985 BP,Active,ePlan: Commercial Expedited Review - New Construction of New Landscape Seating Shade Structure.,Gordon Highlander,8301 JOHNNY MORRIS RD,AUSTIN,78724,2025-11-07T00:00:00.000,New,30.31576962,-97.63234681
2025-144020 BP,Active,Remodel Men and Womens Restrooms. Install New Equipment for Restaurant,Custom Contracting 1,13609 N IH 35 SVRD NB BLDG 9,AUSTIN,78753,2025-11-20T00:00:00.000,Remodel,30.42236302,-97.66976998
2025-147397 BP,Final,Change of use to restaurant with tenant finish out of a new lease space.,Strech Construction Group,2301 E RIVERSIDE DR BLDG A,AUSTIN,78741,2025-11-20T00:00:00.000,Remodel,,
2025-148094 BP,Active,FIRST-TIME INTERIOR FINISH-OUT OF +/- 1013 SF SHELL SPACE. SCOPE INCLUDES BEVERAGE SERVICE COUNTER WITH INTEGRATED STORAGE LIMITED RETAIL DISPLAY FOR COFFEE CUSTOMER SEATING AND BACK OF HOUSE SUPPORT AREAS.,Kilborn Construction,9021 GOODNIGHT RANCH BLVD UNIT 1110,AUSTIN,78747,2026-01-23T00:00:00.000,Remodel,30.15252893,-97.7571063
2025-148893 BP,Final,Remodel of office layout and partition walls relocation and addition of coffee bar/break room spaces within the suite. Restrooms on 12th floor are out of the scope of this renovation.,Clune Construction,500 W 5TH ST UNIT 1215,AUSTIN,78701,2025-12-05T00:00:00.000,Remodel,30.26867252,-97.74784734
2025-149696 BP,Active,First time finish out for market ( M Occ Food Sales: 2015 SF) and cafe (restaurant 1592 SF) with patio (1117 SF) 2025-094347 SC (approved) Corr #4 address land use on the approved site plan.,P2 Commercial LLC,4315 S CONGRESS AVE UNIT 101,AUSTIN,78745,2025-12-11T00:00:00.000,Remodel,30.21904017,-97.76548543
2025-149928 BP,Active,ePlan: Commercial Expedited Review- Renovation and Addition to Existing Warehouse Structure for New Food Service. (South Bldg).,Oak Valley Construction LLC,10037 MENCHACA RD BLDG 1,AUSTIN,78748,2025-12-01T00:00:00.000,Addition and Remodel,,
2025-149929 BP,Active,ePlan: Commercial Expedited Review- Renovation to an Existing warehouse Structure fore New Food Service and Wellness (North Bldg).,Oak Valley Construction LLC,10037 MENCHACA RD BLDG 2,AUSTIN,78748,2025-12-01T00:00:00.000,Remodel,,
2025-151302 BP,Final,To Go Area Modification for Existing Restaurant,Hilltop General Construction,9300 S IH 35 SVRD SB BLDG F,AUSTIN,78748,2025-12-03T00:00:00.000,Remodel,,
2025-152570 BP,Active,CHANGE OF USE OFFICE TO PERFORMANCE VENUE Interior renovation to convert office space to performance venue. Work includes construction of a bar interior walls and restrooms,Monks 310 LLC,310 E ST ELMO RD,AUSTIN,78745,2025-12-09T00:00:00.000,Remodel,30.21594487,-97.76350613
2025-152940 BP,Active,1st Generation Tenant Finish Out for restaurant,Timewise Developers LLC,5001 NUCKOLS CROSSING RD UNIT 105,AUSTIN,78744,2026-02-03T00:00:00.000,Remodel,30.19538687,-97.73695084
2025-153165 BP,Expired,"Demolition of an office building metal shop building three storage structures and a pole barn totaling approximately 3809 sq. ft. Circa 1972

2025 130394 DA - Approved 

***The building shall not be demolished until after the contractor has fulfilled the neighbor notification requirements outlined in Steps 5 & 6 of the Demolition webpage.***",AAR Incorporated,12100 N IH 35 SVRD SB,AUSTIN,78753,2025-12-10T00:00:00.000,Demolition,,
2025-156097 BP,Final,Removal and replacement of siding trim & cap flashing at the existing Pottery Barn Kids retail store.,"Retail Contracting Group, LLC",9722 GREAT HILLS TRL UNIT 220,AUSTIN,78759,2025-12-12T00:00:00.000,Remodel,30.39492307,-97.75202231
2025-157788 BP,Final,Install new tortilla making machine in the Bakery area of the Walmart Store. Install new compact water and ice dispenser in associate break room,Better Built Enterprises Inc,710 E BEN WHITE BLVD SVRD WB,AUSTIN,78704,2025-12-15T00:00:00.000,Remodel,30.2200027,-97.75439457
2025-158290 BP,Active,Renovation of an existing 2100 sqft building to accommodate restaurant.,DCS Architecture and Construction LLC,1720 E 12TH ST,AUSTIN,78702,2026-02-12T00:00:00.000,Remodel,30.27377489,-97.72115685
2025-158291 BP,Active,Interior remodel to existing restaurant with dining room addition.,AR Lucas Construction,1010 E CESAR CHAVEZ ST,AUSTIN,78702,2026-05-20T00:00:00.000,Addition and Remodel,30.26046527,-97.733699
2025-159059 BP,Active,THE SCOPE OF WORK IS TO REMODEL THE EXISTING RESTAURANT SPACE FOR A NEW RESTAURANT SPACE.,2400 Construction LLC,3632 S CONGRESS AVE,AUSTIN,78704,2025-12-19T00:00:00.000,Remodel,30.22660988,-97.76223738
2025-160151 BP,Final,Interior remodel existing building amenity area to create coffee service.,Zapalac/Reed (MAIN) Construction Company,301 CONGRESS AVE UNIT 100,AUSTIN,78701,2026-01-08T00:00:00.000,Remodel,,
2025-160480 BP,Final,ePlan: Commercial Expedited Review - Interior Remodel of Coffee Shop Scope of Work to Include Enclosing Patio (1453 SF),Icon Projects LLC,4416 BURNET RD,AUSTIN,78756,2026-01-08T00:00:00.000,Addition and Remodel,,
2025-160648 BP,Active,The interior of the shell building is being remodeled for lease by a single tenant to use as an exclusive Fitness Bar.,2400 Construction LLC,4716 E 5TH ST,AUSTIN,78702,2025-12-22T00:00:00.000,Remodel,30.25355794,-97.70184635
2025-161672 BP,Final,Interior renovation - this will include new placement of sinks new storage cabinets and new custom wood seatings and custom metal floating shelves anchored..,Streamline General Contractors,1107 E 6TH ST,AUSTIN,78702,2025-12-23T00:00:00.000,Remodel,30.26449358,-97.73121422
2025-162141 BP,Active,First Generation Restaurant Tenant Improvement within an existing 1-story shell building.,Pravo Construction,1900 E HOWARD LN BLDG G UNIT 1,AUSTIN,78660,2026-04-29T00:00:00.000,Remodel,,
2025-162275 BP,Final,Interior remodel to existing restaurant.,MML Hospitality,1417 S 1ST ST,AUSTIN,78704,2025-12-31T00:00:00.000,Remodel,30.2501101,-97.75451232
2025-162856 BP,Final,Expansion of existing patio and addition of vestibule for existing restaurant.   Electrical work found on sheet A.02,Limelight Construction,10515 N MOPAC EXPY SVRD NB BLDG O,AUSTIN,78759,2026-01-02T00:00:00.000,Addition,30.39160411,-97.7324475
2026-000155 BP,Final,THE EXISTING 2 STORY CLIMBING CENTER IS BEING ALTERED TO ACCOMODATE FOR A LUXURY GYM. THE ANTICIPATED USES INCLUDE A FITNESS AREA WORKOUT AREAS PT RECOVERY SPACE LOCKER SPACES AND A COFFEE BAR. AT THIS TIME NO ADDITIONAL AREA IS BEING ADDED TO THE BUILDING NOR ANY ADDITIONAL IMPERVIOUS COVE,2400 Construction LLC,121 PICKLE RD UNIT 100,AUSTIN,78704,2026-01-08T00:00:00.000,Remodel,,
2026-002791 BP,Final,We will be adding our chicken and pizza program to the kitchen and refreshing the fountain drink area. We will be updating the kitchen to Speedy Stops new model,"Speedy Stop Food Stores, LLC",1660 E 51ST ST,AUSTIN,78723,2026-01-13T00:00:00.000,Remodel,,
2026-005033 BP,Final,Ground up construction of a quick serve restaurant with attached corral outdoor patio seating area and drive thru lanes,Embree Construction Group**MAIN***,12901 N IH 35 SVRD NB BLDG 21,AUSTIN,78753,2026-01-19T00:00:00.000,New,30.41525799,-97.67013132
2026-005793 BP,Final,Change of use from Retail to Restaurant.,Rosewood Social Club,1309 ROSEWOOD AVE,AUSTIN,78702,2026-01-16T00:00:00.000,Remodel,30.26858637,-97.7251407
2026-006929 BP,Final,"Demolition of Applebees Restaurant approximately 5012 sq. ft. built Circa 1995.

SP-2025-0116C - Approved 

***The building shall not be demolished until after the contractor has fulfilled the neighbor notification requirements outlined in Steps 5 & 6 of the Demolition webpage.***","Jerry Kachel Builders, Inc",5010 W US 290 HWY WB,AUSTIN,78735,2026-03-02T00:00:00.000,Demolition,,
2026-007156 BP,Final,Remodel of existing restaurant finish out,John King Construction Company  **MAIN**,3800 N LAMAR BLVD UNIT 170,AUSTIN,78756,2026-01-23T00:00:00.000,Remodel,30.30599617,-97.74302148
2026-007720 BP,Active,REMODEL EXISTING THEATRE SPACE ADD SLOPE FLOOR FOR ELEVATED SEATING AND NEW PARTITION FOR GREEN ROOM.,River City Builders SA,6406 N IH 35 SVRD SB UNIT 3100,AUSTIN,78752,2026-05-21T00:00:00.000,Remodel,,
2026-009902 BP,Active,Interior and exterior renovation of an existing restaurant addition of a second drive-thru lane.,Wyatt Management,3210 E MARTIN LUTHER KING JR BLVD,AUSTIN,78723,2026-01-30T00:00:00.000,Remodel,30.28310287,-97.70294549
2026-010361 BP,Final,"Per AISD 2022 Bond Language Secure entry vestibule upgrades storefront and glazing installation
Life safety and security improvements  Heating and air conditioning Electrical Plumbing improvements Building exterior improvements Roofing replacement",Swinerton Builders Inc.,3700 CONVICT HILL RD,AUSTIN,78749,2026-03-03T00:00:00.000,Remodel,30.21195995,-97.8345355
2026-012574 BP,Final,Remodel of dining room include new furniture new wall finishes.  New lower wattage light fixtures throughout interior and Addition of walk-up window for Existing Taco Bell Restaurant,EBCO General Contractor Ltd,1548 E PARMER LN,AUSTIN,78753,2026-02-13T00:00:00.000,Remodel,,
2026-012653 BP,Active,ePlan: BAUS - Airport Project: Installation of a temporary hanging scaffold system to limit impacts to the existing bagging claim level of the AUS Barbara Jordan Terminal during construction.,The Whiting-Turner Contracting Company ***MAIN***,3600 PRESIDENTIAL BLVD,AUSTIN,78719,2026-02-17T00:00:00.000,New,,
2026-012959 BP,Final,"Interior Remodeling for Existing New Restaurant Hook & Reel Cajun Seafood & Bar

2025 086206 DA - Pending",Build Pro ATX,7604 N IH 35 SVRD SB,AUSTIN,78752,2026-02-04T00:00:00.000,Remodel,,
2026-013698 BP,Final,ePlan: Commercial Expedited Review - Interior tenant improvement for a 3680 SF restaurant with outdoor seating in an existing to a multi-tenant building within the Lamar Union Plaza,"Embree Construction Group, Inc.",1100 S LAMAR BLVD UNIT 1125,AUSTIN,78704,2026-04-08T00:00:00.000,Remodel,30.25571158,-97.7625396
2026-014495 BP,Final,Renovation of an Existing Bar to a Pizzeria Bar,HAX,3850 AIRPORT BLVD,AUSTIN,78722,2026-02-09T00:00:00.000,Remodel,,
2026-014635 BP,Active,REMODEL OF AMENITY AREAS INFILL INDOOR POOL EXPAND DINING SELF SERV PREP LOUNGE AREAS CREATE FITNESS AND CONFERENCE ROOMS REMODEL LOBBY VESTIBULE CVD PATIO.,Shree Sai Construction LLC,959 REINLI ST,AUSTIN,78751,2026-02-11T00:00:00.000,Remodel,30.31896089,-97.70852083
2026-015716 BP,Final,Change of use to Restaurant.,O & D Builders,2909 E 12TH ST,AUSTIN,78702,2026-03-04T00:00:00.000,Remodel,30.27566883,-97.70684288
2026-016679 BP,Active,"NEW C-STORE W/ RESTAURANT

SP-2023-0446C - In Review",Pruneda Construction***MAIN**,11001 E PARMER LN,AUSTIN,78724,2026-06-10T00:00:00.000,New,,
2026-018480 BP,Expired,"2026/02/21 | (2026/02/17) | This is a private wedding at the Commodore Perry Estate venue 4100 Red River St Austin 78751. We will be putting up a platform and tent for the event. In the tent there will be dinner served and then a wedding reception. This project consists of the installation of a temporary elevated platform and 50 x 120 clear-span structure tent within the Sunken Garden at the Commodore Perry Estate for a private wedding event hosting approximately 170 guests. The event will take place on Saturday February 21 from 3:00 PM to 11:00 PM.

Installation will begin Wednesday February 18 at 9:00 AM. Work will commence with construction of the full elevated flooring system. The platform will be constructed using ring-lock scaffolding with screw jacks and base plates supporting 6x6 wood beams and  plywood decking with a vinyl overlay finish. Due to existing site slope platform elevation will vary from approximately 12 inches at the northeast corner to approximately 24 inches at the southwest corner.

Heating ducts will be routed beneath the platform and will not penetrate tent walls. Stairs will be installed at both the front and rear of the structure to provide primary and secondary egress. An ADA-accessible ramp will be installed along the left (mansion-facing) side of the platform to accommodate guests and service access.

On Thursday February 19 flooring installation will continue and the structure tent frame and top will be installed. On Friday February 20 final detailing and installation will be completed with 100% turnover to the client by 12:00 PM to allow vendor load-in.

The tent will be anchored using engineered concrete ballast blocks. No permanent foundations or ground penetrations are proposed. The structure is fully temporary and will be removed during a two-day strike on Sunday February 22 and Monday February 23.",Whim Hospitality,4114 RED RIVER ST,AUSTIN,78751,2026-02-17T00:00:00.000,New,,
2026-018489 BP,Expired,"2026/02/21 | (2026/02/17) | This is a private wedding at the Commodore Perry Estate venue 4100 Red River St Austin 78751. We will be putting up a platform and tent for the event. In the tent there will be dinner served and then a wedding reception. This project consists of the installation of a temporary elevated platform and 50 x 120 clear-span structure tent within the Sunken Garden at the Commodore Perry Estate for a private wedding event hosting approximately 170 guests. The event will take place on Saturday February 21 from 3:00 PM to 11:00 PM.

Installation will begin Wednesday February 18 at 9:00 AM. Work will commence with construction of the full elevated flooring system. The platform will be constructed using ring-lock scaffolding with screw jacks and base plates supporting 6x6 wood beams and  plywood decking with a vinyl overlay finish. Due to existing site slope platform elevation will vary from approximately 12 inches at the northeast corner to approximately 24 inches at the southwest corner.

Heating ducts will be routed beneath the platform and will not penetrate tent walls. Stairs will be installed at both the front and rear of the structure to provide primary and secondary egress. An ADA-accessible ramp will be installed along the left (mansion-facing) side of the platform to accommodate guests and service access.

On Thursday February 19 flooring installation will continue and the structure tent frame and top will be installed. On Friday February 20 final detailing and installation will be completed with 100% turnover to the client by 12:00 PM to allow vendor load-in.

The tent will be anchored using engineered concrete ballast blocks. No permanent foundations or ground penetrations are proposed. The structure is fully temporary and will be removed during a two-day strike on Sunday February 22 and Monday February 23.",Whim Hospitality,4114 RED RIVER ST,AUSTIN,78751,2026-02-17T00:00:00.000,New,,
2026-018715 BP,Active,Interior finish out in an existing commercial space for a restaurant. Building 12,Anchor Construction,3500 E PARMER LN UNIT 12140,AUSTIN,78754,2026-03-27T00:00:00.000,Remodel,,
2026-018961 BP,Active,ePlan Review: Remodel Dining and Servery - 1st Floor of Hospital,"Lott Brothers Construction CO., LTD",1201 W 38TH ST,AUSTIN,78705,2026-02-18T00:00:00.000,Remodel,30.30490831,-97.74539945
2026-019750 BP,Active,INTERIOR REMODEL - PHASED PROJECT - PHASE 1 Includes all of level 3 all of level 2 and the admin half of level 1. This will get the family kitchen on line. Phase 2 will be the orange area  commercial kitchen and its corresponding bathroom.,Linbeck Group LLC,1315 BARBARA JORDAN BLVD,AUSTIN,78723,2026-04-02T00:00:00.000,Remodel,30.30514343,-97.70625623
2026-020108 BP,Final,Interior remodel to existing restaurant.,Elite Retail Services Inc,2901 S CAPITAL OF TEXAS HWY NB UNIT E1,AUSTIN,78746,2026-03-26T00:00:00.000,Remodel,30.25788603,-97.80700704
2026-020589 BP,Active,ePlan: Commercial Expedited Review - Change of Use from Retail to Restaurant (30160SF),Trinity Constructors,11821 ROCK ROSE AVE UNIT 135,AUSTIN,78758,2026-05-05T00:00:00.000,Remodel,,
2026-021102 BP,Active,(2nd Generation Space): Interior Tenant build-out of a new Killer Burger restaurant in an existing building. Work includes: New non-load bearing partition walls new interior finishes throughout space modifications to electrical service devices and low voltage system modifications to HVAC system modifications to existing plumbing. (2 Apps),"RCM-TX, LLC",3500 E PARMER LN BLDG 12,AUSTIN,78754,2026-02-25T00:00:00.000,Remodel,,
2026-021103 BP,Withdrawn,"per Martin Starrett and Steve Leitch second BP unnecessary for shell space
(2nd Generation Space): Interior Tenant build-out of a new Killer Burger restaurant in an existing building. Work includes: New non-load bearing partition walls new interior finishes throughout space modifications to electrical service devices and low voltage system modifications to HVAC system modifications to existing plumbing. (2 Apps)","RCM-TX, LLC",3500 E PARMER LN BLDG 12,AUSTIN,78754,2026-02-25T00:00:00.000,Remodel,,
2026-021352 BP,Final,"Addition of Prefabricated Smokehouse to existing BBQ Restaurant

2025 103004 DA - Approved",Aus-Tex Building Consultants LLC  *MAIN,9900 S IH 35 SVRD SB BLDG M UNIT 700,AUSTIN,78748,2026-02-23T00:00:00.000,New,,
2026-021640 BP,Final,Change of Use from Office to Restaurant General.,J Kennedy Customs,1007 E 7TH ST,AUSTIN,78702,2026-02-23T00:00:00.000,Remodel,30.2656584,-97.73182602
2026-023596 BP,Final,Add water/ice machine to the associate break room. Add tortilla maker to bakery/deli area of the store with warming case.,Better Built Enterprises Inc,12900 N IH 35 SVRD SB,AUSTIN,78753,2026-03-02T00:00:00.000,Remodel,,
2026-025907 BP,Active,ePlan: Commercial Expedited Review - Interior Remodel to Existing Accessory Use Cafe Space within Office Building. Including non structural partitions ceilings finishes and food service improvements. Existing Grease trap. Phase II.  (163500 SF).,Turner Construction,5707 SOUTHWEST PKWY BLDG 1,AUSTIN,78735,2026-09-16T00:00:00.000,Remodel,30.24410742,-97.84454025
2026-026513 BP,Active,ePlan: Commercial Expedited Review - Remodel Two Bungalows- Scope of work to Include Exterior rehab Interior Demolition Addition to Include Connecting Bungalows into a Single Shell for Future Restaurant (2920 SF).,MDG Construction LLC,78 RAINEY ST,AUSTIN,78701,2026-03-05T00:00:00.000,Addition and Remodel,30.25908699,-97.7389732
2026-027253 BP,Active,Remodel of a 1250SF restaurant,Texas Village Inc,8650 SPICEWOOD SPRINGS RD UNIT 127,AUSTIN,78759,2026-03-10T00:00:00.000,Remodel,30.43327005,-97.77173378
2026-027368 BP,Active,CHANGE OF USE RESTAURANT TO RETAIL RENOVATION OF EXISTING BUILDING AND NEW ENCLOSED  PATIO. PROJECT IS A MERCANTILE OCCUPANCY.,Capital Constructors Group,1612 S CONGRESS AVE,AUSTIN,78704,2026-03-18T00:00:00.000,Remodel,,
2026-032217 BP,Active,INTERIOR REMODEL & CHANGE OF USE FROM RETAIL TO BAR & 717 SF EXTERIOR PATIO ADDITION. See SPC 2024-0021A CUP,B&C Construction,6406 N IH 35 SVRD SB UNIT 1700,AUSTIN,78752,2026-04-06T00:00:00.000,Addition and Remodel,,
2026-033398 BP,Active,Renovation to existing restaurant.,P2 Commercial LLC,2129 E 7TH ST,AUSTIN,78702,2026-04-01T00:00:00.000,Remodel,30.26139275,-97.71845661
2026-035907 BP,Active,Plan: Commercial Expedited Review - [APPROVED] Interior Finish out of Shell Building to Create Restaurant (2162SF).,Pinnacle Construction,12705 CENTER LAKE DR UNIT 140,AUSTIN,78753,2026-06-10T00:00:00.000,Remodel,,
2026-036002 BP,Active,1st gen shell finish out for restaurant.,,5900 WESTMINSTER DR UNIT 3101,AUSTIN,78723,2026-04-10T00:00:00.000,Remodel,,
2026-036551 BP,VOID,"Phase 2 Renovation of an existing dealership service advisor customer lounge cafe offices and new vehicle delivery. Phase 2 to Include Mechanical Electrical and fire suppression work.
** Rev #1 - Phase 2
DA-2023-1556 - Approved
This project will be done in phases.

This permit is not needed. Phase 2 will be logged under the original permit. 2024-080518","Navcon Group, LLC***MAIN***",3400 STECK AVE,AUSTIN,78757,2026-08-31T00:00:00.000,Remodel,,
2026-036955 BP,Active,ePlan: Commercial Expedited Review - Exterior Remodel of an Existing Pool Bar Area and Addition of New Roof Area Over Two Portions of Level 3 (16000 SF),"CTC Contractors, LLC",601 RIO GRANDE ST UNIT 300,AUSTIN,78701,2026-04-22T00:00:00.000,Addition and Remodel,30.27009014,-97.74927009
2026-038469 BP,Final,Interior only renovation of existing 1078 sf coffee shop.,"Leonard Contracting, Inc.",222 WEST AVE UNIT 120,AUSTIN,78701,2026-04-10T00:00:00.000,Remodel,30.2673951,-97.75201327
2026-039871 BP,Final,Change of use to create a restaurant in existing unit new grease trap installation and interior remodel,Premier Construction,9901 BRODIE LN UNIT 180,AUSTIN,78748,2026-04-05T00:00:00.000,Remodel,30.18520003,-97.84768472
2026-040370 BP,Final,2026/04/11 | (2026/04/10 - 2026/04/12) | Earth Day ATX led by Earth Day Austin takes place on the Huston-Tillotson Campus from 12 to 5 PM on Saturday April 11th. It is open to the public and has no cost. Earth Day ATX is an annual public environmental education and community engagement event held in Austin Texas. The festival is designed to provide a platform for sustainability-focused businesses nonprofit organizations advocacy groups public agencies and community leaders to engage attendees through exhibits interactive activities educational programming music and food service. The events purpose is to promote conservation sustainable practices innovation and environmental justice in an inclusive family-friendly setting.,Earth Day Austin,900 CHICON ST,AUSTIN,78702,2026-04-08T00:00:00.000,New,30.2646673,-97.72136842
2026-041721 BP,Active,Service Upgrade is the existing 200amp service is not sufficient for the new equipment that will be installed for Existing Restaurant,VC Builders LLC,8610 N LAMAR BLVD UNIT 114,AUSTIN,78758,2026-04-08T00:00:00.000,Remodel,30.3551549,-97.70364774
2026-041767 BP,Active,"2026/04/14 | Meet us at Waterloo Park on April 18 spread out your blanket and enjoy incredible food music and sunset views with thousands of Austinites supporting the same vision  a boundless public park system in the heart of downtown Austin.

We will host our annual picnic on the Great Lawn at Moody Amphitheater where you and your friends and family can enjoy a variety of delicious picnic baskets prepared by some of Austins finest restaurants.",HEYDAY LIVE,500 E 12TH ST,AUSTIN,78701,2026-04-07T00:00:00.000,New,30.27293327,-97.73576828
2026-042491 BP,Final,Update cosmetic existing restaurant and install new venthood and grease trap.,Build Pro ATX,2214 S 1ST ST,AUSTIN,78704,2026-04-09T00:00:00.000,Remodel,30.24373927,-97.75842353
2026-043545 BP,Final,7 DAY - Remodel of Existing Retail Space for New Tenant Barton Creek Square Mall - OVA,ISC Contracting,2901 S CAPITAL OF TEXAS HWY NB UNIT B08B,AUSTIN,78746,2026-04-16T00:00:00.000,Remodel,30.25788603,-97.80700704
2026-043996 BP,Active,"Interior remodel of an existing coffee shop to become a cocktail bar on the first floor of an existing two-story building. Demolition of walls doors restrooms & MEP systems addition of sprinkler system new walls doors restrooms MEP systems finishes & equipment 

[Floor 1]

**R1C1 - Revision to 2026-005837 - Add a Gate at the front Entrance for After Hours Security Purposes ** -AP 7/27/26",S.Watts Group Inc.,617 CONGRESS AVE,AUSTIN,78701,2026-04-16T00:00:00.000,Remodel,,
2026-044110 BP,Active,AISD Travis Heights Elementary School in Austin: project involves roof replacement at the Pre K classrooms cafeteria and gym electrical panel cover replacement at the gym stage installation of emergency lighting in classrooms and corridors replacement of Pre-K restroom doors; and construction of a new mental health center space.,"Amstar, Inc.",2010 ALAMEDA DR,AUSTIN,78704,2026-05-28T00:00:00.000,Remodel,30.24128354,-97.74601802
2026-046165 BP,Final,Second generation tenant improvement converting an existing pizza shop into a ramen shop. No change in zoning use. The scope of work includes a new interior layout and associated mechanical electrical and plumbing improvements. The existing grease trap shall remain.,HHC Consultant,12129 N FM 620 RD BLDG A UNIT 100,AUSTIN,78750,2026-04-29T00:00:00.000,Remodel,,
2026-046289 BP,Active,"This project includes renovations to the hotel level 1 lobby/restaurant and hotel level 7 pool deck areas. Work will be split into phases to keep life safety systems for both areas of the renovation intact. 

Phase 1 - involves demolition of existing Perfect Strangers (restaurant) vestibule and bar services areas.",Jackson Consultants,400 LAVACA ST,AUSTIN,78701,2026-04-17T00:00:00.000,Remodel,30.26721007,-97.74597591
2026-046290 BP,Active,"This project includes renovations to the hotel level 1 lobby/restaurant and hotel level 7 pool deck areas. Work will be split into phases to keep life safety systems for both areas of the renovation intact. 

Phase 2 - involves demolition and renovation of new reception trade room parlor retail and hydration station areas. Finish upgrades to porte cochrere entry elevator lobby and corridor.",Jackson Consultants,400 LAVACA ST,AUSTIN,78701,2026-04-17T00:00:00.000,Remodel,30.26721007,-97.74597591
2026-046291 BP,Active,"This project includes renovations to the hotel level 1 lobby/restaurant and hotel level 7 pool deck areas. Work will be split into phases to keep life safety systems for both areas of the renovation intact. 

Phase 3 - Demolition and renovation of new parlor area.",Jackson Consultants,400 LAVACA ST,AUSTIN,78701,2026-04-17T00:00:00.000,Remodel,30.26721007,-97.74597591
2026-046292 BP,Active,"This project includes renovations to the hotel level 1 lobby/restaurant and hotel level 7 pool deck areas. Work will be split into phases to keep life safety systems for both areas of the renovation intact. 

Level 7 - will include replacement of Pool FF&E upgrades to existing bar finishes reconfigure of existing pool glass railing and replacement of exterior cabanas.",Jackson Consultants,400 LAVACA ST,AUSTIN,78701,2026-04-17T00:00:00.000,Remodel,30.26721007,-97.74597591
2026-047680 BP,Active,"CHANGE OF USE from Retail/Office to Restaurant and Interior Buildout for Suite 112 

2024 052094 DA - Concurrent Review",GONZALEZ DRYWALL & PAINT,11301 LAKELINE BLVD BLDG 8,AUSTIN,78717,2026-04-20T00:00:00.000,Remodel,30.47939973,-97.79936874
2026-048061 BP,Active,Addition of Portable Building El Chilito Restaurant,El Chile Group,2219 MANOR RD,AUSTIN,78722,2026-09-22T00:00:00.000,New,,
2026-048411 BP,Final,Interior remodel of existing country club to add new bar. No grease trap GIIVR included. No access control.,Proper Built LLC,3808 W 35TH ST,AUSTIN,78731,2026-04-23T00:00:00.000,Remodel,30.3134215,-97.77435099
2026-049021 BP,Active,Interior remodel of an existing restaurant use as a coffee bar. Work includes minor demolition new finishes and lighting new work area plumbing. Existing restroom to receive new lighting and finishes.,"TX Sinclair Builders,LLC",1608 W 35TH ST,AUSTIN,78731,2026-04-24T00:00:00.000,Remodel,30.30765314,-97.75085401
2026-049270 BP,Active,Renovations to create moisture barrier for future tenant - Not for Occupancy,Harvey-Cleary Builders ***MAIN***,210 W 6TH ST,AUSTIN,78701,2026-04-22T00:00:00.000,Remodel,,
2026-050937 BP,Final,Interior commercial kitchen remodel. Scope includes replacement of one 1 existing 4 foot Type I exhaust hood addition of two 2 new 10 foot Type I exhaust hoods associated grease exhaust ductwork and make-up air modification and extension of existing gas pi,Ramen del Barrio,2007 KRAMER LN UNIT 105,AUSTIN,78758,2026-04-28T00:00:00.000,Remodel,30.38823566,-97.71019455
2026-050972 BP,Final,Change of use to restaurant with interior remodel.,ACC & Design,6406 N IH 35 SVRD SB UNIT 1250,AUSTIN,78752,2026-04-24T00:00:00.000,Remodel,,
2026-051651 BP,Final,CHANGE OF USE from restaurant to retail store (convenience) DA 2025-158488 concurrent review,Blue Diamond Remodeling Inc**MAIN**,11101 BURNET RD BLDG A UNIT 140,AUSTIN,78758,2026-04-29T00:00:00.000,Remodel,,
2026-051757 BP,Active,Relocation of Lab Brew Coffee Shop,Harvey-Cleary Builders ***MAIN***,11500 N MOPAC EXPY SVRD SB BLDG C UNIT FLR1,AUSTIN,78759,2026-07-01T00:00:00.000,Remodel,,
2026-053698 BP,Active,ePlan: Commercial Expedited Review - Interior Remodel and Change of Use from Storage to Cocktail Lounge (3676 SF),Texas Permitting Solutions,313 LAVACA ST,AUSTIN,78701,2026-05-11T00:00:00.000,Remodel,,
2026-055914 BP,Active,INTERIOR REMODEL OF EXISTING DINING ROOM BAR AREA & ADJACENT TERRACE,Capital Constructors Group,4408 LONG CHAMP DR UNIT 100,AUSTIN,78746,2026-05-05T00:00:00.000,Remodel,,
2026-057238 BP,Active,ePlan: Commercial Expedited Review - Change of Use from Cocktail Bar to a Full-Service Restaurant (22620 SF),"CTC Contractors, LLC",620 W 6TH ST,AUSTIN,78701,2026-08-10T00:00:00.000,Remodel,,
2026-060268 BP,Active,First time finish out for coffee shop,KSA Construction,1422 E 51ST ST,AUSTIN,78723,2026-06-01T00:00:00.000,Remodel,,
2026-060504 BP,Active,CHANGE OF USE TO GENERAL RESTAURANT GENERAL RETAIL AND PERSONAL SERVICES WITH REMODEL.,"KoBall Construction, LLC Construction",2142 E 7TH ST,AUSTIN,78702,2026-05-14T00:00:00.000,Remodel,30.2619593,-97.71805156
2026-061547 BP,Final,Multi-Purpose Wellness Community Center  #1 & #2 and Dining Area.,Shambala Corporation,1701 TOOMEY RD,AUSTIN,78704,2026-05-19T00:00:00.000,Remodel,30.26451017,-97.76159559
2026-061740 BP,Active,Replace the kitchen hood in the cafeteria.,JWI Construction Inc,900 CHICON ST,AUSTIN,78702,2026-05-28T00:00:00.000,Remodel,30.2646673,-97.72136842
2026-061797 BP,Final,"CHANGE OF USE from Office to Restaurant Limited 

2026 030629 DA - Approved",Qual-Con General Contractor LLC,3720 FAR WEST BLVD UNIT 109,AUSTIN,78731,2026-05-18T00:00:00.000,Remodel,30.35576912,-97.75708196
2026-062858 BP,Final,new detached deck with bar,Aus-Tex Building Consultants LLC  *MAIN,5308 BALCONES DR,AUSTIN,78731,2026-05-19T00:00:00.000,New,30.3353972,-97.75912889
2026-062859 BP,Active,"Demolition of an approximately 3611 sq. ft. restaurant building circa 1925.

2026 015015 DA - Approved",Southwest Destructors****MAIN***,809 CONGRESS AVE,AUSTIN,78701,2026-05-21T00:00:00.000,Demolition,,
2026-062977 BP,Active,Interior remodel existing admin office building common areas Suites 100 and 200e. Interior remodel existing admin office accessory food service Suite 124W.,AUSTIN COMMERCIAL CONSTRUCTION,1106 CLAYTON LN BLDG W UNIT 100,AUSTIN,78723,2026-05-19T00:00:00.000,Remodel,30.31928925,-97.70065924
2026-062978 BP,Active,Interior remodel existing admin office building common areas Suites 100 and 200e. Interior remodel existing admin office accessory food service Suite 124W.,AUSTIN COMMERCIAL CONSTRUCTION,1106 CLAYTON LN UNIT 200E,AUSTIN,78723,2026-05-19T00:00:00.000,Remodel,30.31928925,-97.70065924
2026-062979 BP,Active,Interior remodel existing admin office building common areas Suites 100 and 200e. Interior remodel existing admin office accessory food service Suite 124W.,AUSTIN COMMERCIAL CONSTRUCTION,1106 CLAYTON LN UNIT 124W,AUSTIN,78723,2026-05-19T00:00:00.000,Remodel,30.31928925,-97.70065924
2026-063218 BP,Final,2026/05/29 |*TEMP. BUILDING ONLY* | Austin Mezcal Festival - The event has music food and mezcal tasting with bar having drinks for sell along with local vendors plus a Lucha Libre wrestling match in a boxing ring we will be hiring a company to build outside on the grass inside the Fiesta Gardens fenced-in property.,,2101 JESSE E SEGOVIA ST,AUSTIN,78702,2026-05-29T00:00:00.000,New,,
2026-063338 BP,Final,Interior remodel of existing pizza restaurant to accommodate new pizza restaurant,DKC Construction Group,11501 ROCK ROSE AVE UNIT 146,AUSTIN,78758,2026-05-19T00:00:00.000,Remodel,,
2026-064138 BP,Active,"CHANGE OF USE from Retail to Sushi Restaurant - Unit 730 

2025 119509 DA - Approved",Gotta Construction Inc,4477 S LAMAR BLVD NB UNIT 730,AUSTIN,78745,2026-05-21T00:00:00.000,Remodel,30.2310247,-97.7973052
2026-064343 BP,Active,Rebuild of full service commercial restaurant with associated site work and landscaping.,"Jerry Kachel Builders, Inc",5010 W US 290 HWY WB,AUSTIN,78735,2026-05-22T00:00:00.000,New,,
2026-065123 BP,Final,"Fabricate and Install New Architectural Awning Work for Restaurant 

2025 102901 DA - Approved",John King Construction Company  **MAIN**,3800 N LAMAR BLVD UNIT 170,AUSTIN,78756,2026-06-02T00:00:00.000,New,30.30599617,-97.74302148
2026-065987 BP,Active,CHANGE OF USE FROM RETAIL TO BILLIARD The project includes electrical and plumbing installations meeting City of Austin codes and Plumbing Install supply and drainage lines for a bar sink,Austin Snooker And Billiard Tavern LLC,2121 E OLTORF ST UNIT 17-B,AUSTIN,78741,2026-05-28T00:00:00.000,Remodel,,
2026-066014 BP,Active,Total demolition of a 3331 sqft fast food restaurant (Arbys) circa 2002. The building shall not be demolished until after the contractor has fulfilled the neighbor notification requirements outlined in Steps 5 & 6 of the Demolition webpage,"La Macchia Group, Inc.",13609 N IH 35 SVRD NB,AUSTIN,78753,2026-05-28T00:00:00.000,Demolition,30.42236302,-97.66976998
2026-066286 BP,Final,First time finish out - No commercial kitchen No food prep all prepackaged food,Medlin Construction,1201 W 38TH ST,AUSTIN,78705,2026-06-05T00:00:00.000,Remodel,30.30490831,-97.74539945
2026-066444 BP,Final,Existing mercantile facility for delivery operation. Scope of work is limited to the interior modification to approximately 500 SF of the existing single story retail storage area to provide an accessory commercial coffee kitchen. Renovation includes new equipment minor framing plumbing mechanical and electrical work.,E G Enterprise Incorporated,5111 BURNET RD,AUSTIN,78756,2026-06-02T00:00:00.000,Remodel,,
2026-066843 BP,Active,Finish Out to create Restaurant Shell for future tenant - NOT FOR OCCUPANCY,Zapalac/Reed (MAIN) Construction Company,504 WALSH ST,AUSTIN,78703,2026-05-28T00:00:00.000,Remodel,30.27214752,-97.75815695
2026-067771 BP,Active,Re-roof with new roof insulation and TPO and replacement of select of top mechanical equipment. Existing piano bar.,"Seibert Enterprises, LLC dba FSR Services",421 E 6TH ST,AUSTIN,78701,2026-06-03T00:00:00.000,Remodel,30.2666238,-97.73860907
2026-068707 BP,Active,ePlan: Commercial Expedited Review - [PUBLIC PROJECT] New Construction of Elementary School. Building B consist of the Platform Dining Kitchen and Gym.  (87818 SF),Rogers-O'Brien Construction,6801 NORTHEAST DR BLDG B,AUSTIN,78723,2026-07-02T00:00:00.000,New,30.31787516,-97.68036103
2026-070175 BP,Active,Non- structural interior renovation-Meeting space and Fitness Center-Replacement of soft goods seating and lighting. Wall covering and flooring changes,"Crystal hospitality Group, Inc",4140 GOVERNORS ROW,AUSTIN,78744,2026-06-15T00:00:00.000,Remodel,30.21463049,-97.75080439
2026-070394 BP,Active,Total demolition of existing 2723 sqft wood-framed restaurant circa 1973. The building shall not be demolished until after the contractor has fulfilled the neighbor notification requirements outlined in Steps 5 & 6 of the Demolition webpage.,"Tejas General Contractors, Inc.",844 AIRPORT BLVD,AUSTIN,78702,2026-06-25T00:00:00.000,Demolition,,
2026-070929 BP,Active,7 DAY - INTERIOR REMODEL PHASE 1 CREATING UNIT 350 DEMISING WALL BREAKROOM SAF OFFICE SPACE - OVA,"Trimbuilt Construction, Inc.",7700 W PARMER LN BLDG B UNIT 350,AUSTIN,78729,2026-06-05T00:00:00.000,Remodel,,
2026-070930 BP,Active,7 DAY - INTERIOR REMODEL PHASE 1 CREATING UNIT 350 DEMISING WALL BREAKROOM SAF OFFICE SPACE - OVA,"Trimbuilt Construction, Inc.",7700 W PARMER LN BLDG B UNIT 300,AUSTIN,78729,2026-06-05T00:00:00.000,Remodel,,
2026-070952 BP,Active,Interiors finish out for restaurant,,3900 BERKMAN DR UNIT 101,AUSTIN,78723,2026-06-17T00:00:00.000,Remodel,,
2026-070982 BP,Final,The scope of this project for permit is limited to adding an exhaust fan a duct heater to the existing air handling unit and 6 infrared heating panels to the pilates room. No change of use or changes to the floor plan layout will occur. Mech and elec only.,Rootbelt LLC,117 LAVACA ST,AUSTIN,78701,2026-06-08T00:00:00.000,Remodel,30.26457329,-97.74669609
2026-071753 BP,Final,Extend existing partition to front of patio to Cocktail Lounge,Aus-Tex Building Consultants LLC  *MAIN,710 W 6TH ST,AUSTIN,78701,2026-06-05T00:00:00.000,Remodel,,
2026-072363 BP,Active,Interior finish out of a portion of an existing building floor for a new tenant. The scope includes selective demolition; installation of new non structural partitions ceilings finishes and millwork; placement of furniture and equipment; and associated MEP improvements. Change of use from Personal Services to Restaurant. 2026 030657 DA.,Constructions Best Builders,4301 W WILLIAM CANNON DR BLDG B6 UNIT 108,AUSTIN,78749,2026-06-15T00:00:00.000,Remodel,30.22138553,-97.83977678
2026-072657 BP,Active,ePlan: Commercial Expedited Review - Change of Use from Meat Market Butcher shop to Restaurant with Retail and Added New Deck Area (3872 SF),Archive Properties LLC,2411 E MARTIN LUTHER KING JR BLVD,AUSTIN,78702,2026-06-08T00:00:00.000,Addition and Remodel,30.28045033,-97.71551295
2026-073914 BP,Active,Interior remodel of existing restaurant. No change of use or occupancy no increase in square footage.,Chuan Bei Chif LLC,8106 BRODIE LN UNIT 109,AUSTIN,78749,2026-06-11T00:00:00.000,Remodel,30.20214042,-97.83871253
2026-074010 BP,Active,Removing the interior of an existing commercial space on Guadalupe St Chongos was the previous restaurant at this location,Marathon D&C Inc,3023 GUADALUPE ST,AUSTIN,78705,2026-06-11T00:00:00.000,Remodel,30.29702303,-97.74144937
2026-074549 BP,Active,Amnesty CO for Restaurant use. 2026-053296 DA,Dan Brothers Builders LLC,11800 N LAMAR BLVD BLDG 6,AUSTIN,78758,2026-07-15T00:00:00.000,Remodel,30.38832035,-97.68406668
2026-074562 BP,Final,Change of use to personal services and renovating an existing tenant space for a new barbershop.,DKC Construction Group,9900 W PARMER LN BLDG A UNIT 215,AUSTIN,78717,2026-06-12T00:00:00.000,Remodel,,
2026-076740 BP,Active,Tenant finish out of an existing lease space for a restaurant.,Right Way Facility Services of Texas LLC,7600 BURNET RD UNIT 250,AUSTIN,78757,2026-06-17T00:00:00.000,Remodel,,
2026-077945 BP,Active,Finish out to existing mixed use bldg-suite 101 is an existing shell. Proposed bookstore with accessory coffee shop GIIVR requested. NO access control. No mechanical scope.,"Level Up Commercial, LLC",2209 S 1ST ST UNIT 101,AUSTIN,78704,2026-06-18T00:00:00.000,Remodel,,
2026-079353 BP,Active,Interior remodel of an existing restaurant/retail to include finishes and new equipment connections.,Avocate LLC,1809 MANOR RD,AUSTIN,78722,2026-08-27T00:00:00.000,Remodel,,
2026-080124 BP,Active,Remodel of existing restaurant interior as well as replacing the front elevation storefront. Replacing RTUs and minimum ductwork inside. New light fixtures and millwork are to be installed. No structural changes.,"LH2G Construction, LLC",407 COLORADO ST,AUSTIN,78701,2026-06-29T00:00:00.000,Remodel,30.26691861,-97.74434561
2026-082937 BP,Active,Plan: Commercial Expedited Review - First Time Finish Out to Coffee Shop (1349 SF),LFM Development Inc.,3500 E PARMER LN UNIT 1164,AUSTIN,78754,2026-08-11T00:00:00.000,Remodel,,
2026-085139 BP,Active,CHANGE OF USE PERSONAL SERVICE TO RESTAURANT with interior renovation-work includes installation of owner provided equipment and new finishes,Pravo Construction,1900 E HOWARD LN BLDG F UNIT 1,AUSTIN,78660,2026-07-08T00:00:00.000,Remodel,,
2026-085926 BP,Active,Change of Use and finish out for small restaurant.,TX- Trapote LLC,2068 S LAMAR BLVD UNIT 200,AUSTIN,78704,2026-07-09T00:00:00.000,Remodel,,
2026-088845 BP,Active,RE ROOF overlay existing modified with coating using new .6mil tpo. mechanically fastened at existing restaurant - OVA,River City Roof Systems,1025 BARTON SPRINGS RD,AUSTIN,78704,2026-07-16T00:00:00.000,Remodel,30.26010247,-97.75562679
2026-088966 BP,Active,2ND-GENERATION TENANT IMPROVEMENT FOR A SHAVED ICE RESTAURANT INCLUDING NEW INTERIOR LAYOUT AND ASSOCIATED MECHANICAL ELECTRICAL AND PLUMBING.,,9025 RESEARCH BLVD SVRD NB UNIT 100,AUSTIN,78758,2026-07-13T00:00:00.000,Remodel,30.37296439,-97.72402427
2026-089006 BP,Active,Existing restaurant. Restore existing wood deck update ADA access to building install new ADA ramps stairs handrails and guards. Demolish existing asphalt and replace with top soil for seating area new wood deck with floating surface supports.,ITALEX BUILDERS INC ***MAIN,1302 S 1ST ST,AUSTIN,78704,2026-07-30T00:00:00.000,Remodel,30.25146957,-97.75455205
2026-090954 BP,Active,ePlan: Commercial Expedited Review - Interior Remodel and Change of Use from Business Office to Professional Office/Restaurant (20555 SF).,Rand Construction Corporation,108 W GIBSON ST UNIT BSMT,AUSTIN,78704,2026-07-22T00:00:00.000,Remodel,,
2026-091349 BP,Active,Remodel of existing restaurant. Approved SPE for walk-up window and GI clean out.,EB Group LLC,11410 CENTURY OAKS TER BLDG C UNIT 108,AUSTIN,78758,2026-08-05T00:00:00.000,Remodel,30.40168382,-97.72673719
2026-092071 BP,Active,New Construction of a Restaurant,"The Struthoff Company, Inc. (***MAIN***)",5800 E PARMER LN BLDG 2,AUSTIN,78653,2026-07-19T00:00:00.000,New,,
2026-092348 BP,Active,Interior remodel to create 2 suites with shared common area. Commercial wholesale bakery-F1 Bakery/food prep with new grease trap. SPE approved. please refer to U1 update showing updated uses. (Suite D2),Pravo Construction,1900 E HOWARD LN BLDG D UNIT 2,AUSTIN,78660,2026-08-31T00:00:00.000,Remodel,,
2026-092349 BP,Active,"Interior remodel to create 2 suites with shared common area. Limited Warehouse for bulk raw goods reception and storage adjacent bakery. SPE approved. Please refer to U1 update showing revised uses.
(Suite D3)",Pravo Construction,1900 E HOWARD LN BLDG D UNIT 3,AUSTIN,78660,2026-09-09T00:00:00.000,Remodel,,
2026-092389 BP,Active,Decreasing impervious coverage providing an additional seating area (raised deck) for the existing restaurants and providing improved accessibility to the restaurant with a paved pedestrian path.,Strata Landscape,2727 EXPOSITION BLVD,AUSTIN,78703,2026-07-17T00:00:00.000,Addition and Remodel,,
2026-093532 BP,Final,CHANGE OF USE MULTI FAMILY TO RESTAURANT includes existing adjacent interior seating area.  No construction.  Replace expired change of use permit 2020 142766 BP plumbing final was 2020 142766 PP.  APH Health Case 179732.,Hawthorne Servise,1614 E 6TH ST UNIT 112,AUSTIN,78702,2026-07-28T00:00:00.000,Remodel,30.26286543,-97.7253998
2026-094048 BP,Active,ePlan: Commercial Expedited Review - Interior Remodel and Change of Use from Business Office to Dining  Professional Office Commercial Kitchen (7833 SF).,Rand Construction Corporation,108 W GIBSON ST UNIT FLR1,AUSTIN,78704,2026-07-22T00:00:00.000,Remodel,,
2026-094066 BP,Active,ePlan: Commercial Expedited Review - Interior Remodel and Change of Use from Business Office to Dining Professional Office Commercial Kitchen (8176 SF).,Rand Construction Corporation,108 W GIBSON ST UNIT FLR2,AUSTIN,78704,2026-07-27T00:00:00.000,Remodel,,
2026-094422 BP,Active,Change of use from retail to restaurant with remodel.,Gotta Construction Inc,13945 N US 183 HWY SVRD NB BLDG B UNIT 5,AUSTIN,78717,2026-07-24T00:00:00.000,Remodel,30.47105795,-97.79644156
2026-094823 BP,Active,ePlan: Commercial Expedited Review - [APPROVED] Phase 1B- Scope of Work to Include all academic structures for the Hays CISD New High School #4 development apart from the main building and some of the stadium seating. This Phase Included the Middle 3 Sections of the Home Side Bottom Row of the Proposed Stadium Seating. (273698 SF).,Bartlett Cocke General Contractors (MAIN),3935 BRIGHT LIGHT BLVD,BUDA,78610,2026-07-23T00:00:00.000,New,,
2026-095350 BP,Active,"CHANGE OF USE from Personal Services (Dry Cleaners) to Restaurant 

2025 075146 DA - Concurrent Reviews",Archive Properties LLC,3720 FM 2222 RD,AUSTIN,78731,2026-08-05T00:00:00.000,Remodel,,
2026-095881 BP,Final,Change of use only from Barbershop to Retail smoke shop. No change or remodel to the site.,Smurfs Builders LLC,2701 S CONGRESS AVE UNIT 105,AUSTIN,78704,2026-07-28T00:00:00.000,Remodel,30.23583498,-97.75555868
2026-096672 BP,Active,2026/08/15 | (2026/08/14) | Road to Lonestar Le Mans - Free community event showcasing edurance Le Mans racing prior to the race at COTA on 9/6. Majority of all of our event displays are inside Branch Park Pavilion but we would also like to add an outdoor LED screen and some seating to the Branch park area which came with our rental of the Pavilion.,,2006 PHILOMENA ST,AUSTIN,78723,2026-07-28T00:00:00.000,New,30.30018215,-97.70265432
2026-097133 BP,Active,ePlan: Commercial Expedited Review - Interior Remodel and Change of Use from Medical Clinic to Wine Bar (3878SF).,"FORDELLIS, LLC",2301 W NORTH LOOP BLVD,AUSTIN,78756,2026-07-28T00:00:00.000,Remodel,30.32504886,-97.74266533
2026-098816 BP,Active,7 DAY - INTERIOR REMODEL OF EXISTING RESTAURANT WITH NEW KITCHEN EQUIPMENT HOOD AND GREASE TRAP. - OVA,,2030 E OLTORF ST UNIT 113,AUSTIN,78741,2026-08-06T00:00:00.000,Remodel,,
2026-100754 BP,Active,ePlan: Commercial Expedited Review - Interior Remodel to Existing Dining Room Areas (250000 SF).,Maloba Builders and Services,7700 W PARMER LN BLDG A UNIT 200,AUSTIN,78729,2026-09-01T00:00:00.000,Remodel,,
2026-101561 BP,Active,"Interior finish out for a sports bar and grill. 3000 sqft.

**8/12: added Health Inspection** -JG",Mimi Texas Construction LLC,3500 E PARMER LN UNIT 3210,AUSTIN,78754,2026-08-10T00:00:00.000,Remodel,,
2026-101637 BP,Active,"Pre Fabricated Kitchen    [Zone D-4 - SPLASHDOWN BAR]

[7 Day  Review]",White Construction Co.,9111 CIRCUIT OF THE AMERICAS BLVD,AUSTIN,78617,2026-08-10T00:00:00.000,New,,
2026-101639 BP,Active,"Pre Fabricated Kitchen  [Zone C-2 - PIZZA]

[7 Day  Review]",White Construction Co.,9111 CIRCUIT OF THE AMERICAS BLVD,AUSTIN,78617,2026-08-10T00:00:00.000,New,,
2026-102988 BP,Active,New construction of a 2700 sqft Type V-B single story restaurant with drive-thru.,"Northstar Construction Services, LLC",7200 SPRINGFIELD DR,AUSTIN,78744,2026-08-18T00:00:00.000,New,30.16392202,-97.72890534
2026-105581 BP,Final,CHANGE OF USE TO FOOD SALES/cafe selling cakes and serving cake slices and pastries. No food preparation. All food prepared offsite,JJ Paint and Remodel LLC,429 W BEN WHITE BLVD SVRD EB UNIT E,AUSTIN,78745,2026-08-19T00:00:00.000,Remodel,30.22507687,-97.76835585
2026-105868 BP,Active,"Creating 2 office spaces with a common hall and 2 restrooms and a janitor closet.  

[Office]",CHX2 LLC,1701 SIMOND AVE UNIT 106,AUSTIN,78723,2026-08-13T00:00:00.000,Remodel,30.29886897,-97.70675032
2026-106570 BP,Active,Change of use and interior renovation for a new restaurant.,Ponciano Morales lll PLLC,4704 E CESAR CHAVEZ ST BLDG B,AUSTIN,78702,2026-08-15T00:00:00.000,Remodel,,
2026-106940 BP,Active,CHANGE OF USE OFFICE TO RESTAURANT. Adding GI with remodel to existing tenant space,RCC Associates,3309 ESPERANZA XING BLDG F UNIT 108,AUSTIN,78758,2026-08-17T00:00:00.000,Remodel,,
2026-107091 BP,Active,NEW TENANT FINISH OUT TAQUERIA DE DIEZ MOVING INTO A FORMER RESTAURANT TENANT SPACE.,Marathon D&C Inc,3220 FEATHERGRASS CT UNIT 140,AUSTIN,78758,2026-08-21T00:00:00.000,Remodel,30.39502961,-97.72736126
2026-107656 BP,Active,ePlan: Commercial Expedited Review - First Time Finish Out for Restaurant (958 SF).,Solutions General Contractor,4301 GUADALUPE ST UNIT 100,AUSTIN,78751,2026-08-20T00:00:00.000,Remodel,30.30872463,-97.73405996
2026-107762 BP,Active,Fast casual Asian restaurant with mechanical electrical plumbing and finishes work to accommodate restaurant functions. This includes the addition of a grease interceptor and replacement of rooftop equipment but no other exterior work,TCB Construction Group LLC,3201 BEE CAVE RD UNIT 173,AUSTIN,78746,2026-08-21T00:00:00.000,Remodel,,
2026-107844 BP,Active,Change of use from Mercantile (food sales) to Restaurant.,Trosich Construction Company,13343 N US 183 HWY SVRD NB UNIT 250,AUSTIN,78729,2026-08-18T00:00:00.000,Remodel,30.44590435,-97.78690143
2026-108701 BP,Active,7 DAY - minor renovations to include the vento hood replacement and walk in freezer installation within international school cafeteria - OVA,Veridical Construction Group LLC,9100 E US 290 HWY SVRD WB,AUSTIN,78754,2026-08-25T00:00:00.000,Remodel,30.32972228,-97.65541557
2026-109131 BP,Active,TEMPORARY BUILDING PERMIT - Scope is limited to structural foundations for the Utility Plant for Project Toaster including piles grade beams stem walls concrete floor slabs and associated reinforcing bar.,The Whiting-Turner Contracting Company ***MAIN***,475 PATTON AVE,AUSTIN,78742,2026-09-02T00:00:00.000,Shell,,
2026-109779 BP,Active,CHANGE OF USE RETAIL RESTAURANT TO PERSOANL SERVICES tenant finish out of existing vacant shell building,CHX2 LLC,2323 S LAMAR BLVD UNIT 133,AUSTIN,78704,2026-08-24T00:00:00.000,Remodel,,
2026-109841 BP,Active,Interior finish-out for a new Little Caesars Pizza restaurant including kitchen installation service counter lighting HVAC Electrical and finish per brand standards.,JP Construction,2121 W PARMER LN UNIT 104,AUSTIN,78758,2026-08-25T00:00:00.000,Remodel,,
2026-112049 BP,Final,After-the-fact permit for previously installed commercial Type I kitchen exhaust hood ductwork rooftop exhaust fan and associated components serving existing bakery kitchen. No change in occupancy or building area.,ACE Commercial Contractors (MAIN),5403 CAMERON RD UNIT 130,AUSTIN,78723,2026-08-26T00:00:00.000,Remodel,,
2026-112789 BP,Active,Interior Remodel of existing building to change use from office to coffee shop and event space.,Hank Heyns Company *Main*,2602 E CESAR CHAVEZ ST,AUSTIN,78702,2026-08-31T00:00:00.000,Remodel,30.25397128,-97.71503965
2026-112946 BP,Active,Change of Use from fast food to coffee shop.,Wehbe Properties,4929 BURNET RD,AUSTIN,78756,2026-09-02T00:00:00.000,Remodel,,
2026-116498 BP,Active,Interior tenant finish-out and change of use from F-1 to personal improvement services for a fitness facility (CrossFit Sanity). Work includes interior modifications installation of fitness flooring installation of a required fire barrier wall minor window replacement and installation of non-structural fitness equipment. Painting of interior walls and exterior wall.,Seven After LLC,1300 E 38TH HALF ST,AUSTIN,78722,2026-09-08T00:00:00.000,Remodel,30.29371016,-97.71687744
2026-119533 BP,Active,CHANGE OF USE RETAIL TO RESTAURANT interior remodel for new ice cream shop,Ramendu Construction LLC,9515 N LAMAR BLVD UNIT 182,AUSTIN,78753,2026-09-14T00:00:00.000,Remodel,30.36442773,-97.69460608
2026-120454 BP,Active,CHANGE OF USE TO RESTAURANT with remodel,D.A. Rogers Enterprises Inc. dba Powerhouse Home & Commercial Services,902 E 5TH ST UNIT 105,AUSTIN,78702,2026-09-15T00:00:00.000,Remodel,30.26461686,-97.73376464
2026-121051 BP,Active,ePlan: Commercial Expedited Review - New Construction of Dining Building for Austin Country Club (20688 SF).,ROGERS OBRIEN CONSTRUCTION,4408 LONG CHAMP DR UNIT 300,AUSTIN,78746,2026-09-15T00:00:00.000,New,,
2026-121056 BP,Active,ePlan: Commercial Expedited Review - New Construction of Pergola on Dining Deck for Austin Country Club (20688 SF).,ROGERS OBRIEN CONSTRUCTION,4408 LONG CHAMP DR UNIT 300,AUSTIN,78746,2026-09-15T00:00:00.000,New,,
2026-121066 BP,Active,ePlan: Commercial Expedited Review - New Construction of Retaining Wall by Dining Deck for Austin Country Club (20688 SF).,ROGERS OBRIEN CONSTRUCTION,4408 LONG CHAMP DR,AUSTIN,78746,2026-09-15T00:00:00.000,New,30.34288432,-97.79725961
2026-121814 BP,Active,ePlan: Commercial Expedited Review - Interior Remodel Change of Use and Addition from Educational to Mix Use; Restaurant Retail and Offices (36068 SF).,Pravo Construction,2406 ROSEWOOD AVE,AUSTIN,78702,2026-09-16T00:00:00.000,Addition and Remodel,30.27214019,-97.70912844
2026-122424 BP,Active,372 SF addition to an existing restaurant and remodel of existing building.,2400 Construction LLC,2159 S LAMAR BLVD,AUSTIN,78704,2026-09-17T00:00:00.000,Addition and Remodel,30.24740108,-97.7726128
2026-123268 BP,Active,Change of Use from Fitness to Coffee Shop - Interior finish-out and renovation of an existing tenant space for a coffee shop. Scope includes construction of customer seating and service areas barista station food preparation area restrooms storage mechanical electrical and plumbing modifications accessibility,Facil Solutions,3008 DAVIS LN UNIT 230,AUSTIN,78745,2026-09-21T00:00:00.000,Remodel,30.19075757,-97.8322535
2026-124553 BP,Active,"2026/10/02 - 2026/10/11 | Jumex is building a 20x20 temporary activation at Barton Springs Bike Rental 1707 Barton Springs Rd Austin TX 78704 on the following dates: 
Activation Dates: 24 Oct & 911 Oct
Operating Hours: 11:00 AM  11:00 PM
Load-in / Load-out: 28 Sep  1 Oct | 10:00 AM  7:00 PM
There will be sampling of cocktails along with mocktail versions using Jumex Sparkling and the chamoy and Tajn garnishes. There will be a mixologist to create the drinks onsite using rum vodka and tequila as well as the mocktail version with Jumex Sparkling and sample distribution. All drinks will be free with no tip exchange involved. All staff will be TABC certified bartenders and . There will not be a DJ stage or amplified sound. We anticipate 35000  45000 people per day with 80 peak occupancy within the fixture.",Dispatch Tree,1707 BARTON SPRINGS RD,AUSTIN,78704,2026-09-22T00:00:00.000,New,30.26293434,-97.76297144
