chill,chill_label,chill_tau_s,hold_T_degC,atmosphere,atm_label,headspace_O2_frac,marker,marker_label,hold_h,retention_median,retention_p05,retention_p95,credible_band_width
ambient,Ambient bench cooling,1200.0,24.0,air,Air headspace (sealed),0.2095,Butanedione_23,"2,3-butanedione (buttery)",0,0.999623845993174,0.999623845993174,0.999623845993174,0.0
ambient,Ambient bench cooling,1200.0,24.0,air,Air headspace (sealed),0.2095,Butanedione_23,"2,3-butanedione (buttery)",2,0.951776513437782,0.7541296343762882,0.9865249077069101,0.23239527333062193
ambient,Ambient bench cooling,1200.0,24.0,air,Air headspace (sealed),0.2095,Butanedione_23,"2,3-butanedione (buttery)",6,0.928054490182734,0.7195765280217932,0.9765280284777003,0.2569515004559071
ambient,Ambient bench cooling,1200.0,24.0,air,Air headspace (sealed),0.2095,Butanedione_23,"2,3-butanedione (buttery)",12,0.8959383790796454,0.646275332244576,0.9623498286937983,0.31607449644922225
ambient,Ambient bench cooling,1200.0,24.0,air,Air headspace (sealed),0.2095,Butanedione_23,"2,3-butanedione (buttery)",24,0.836026049954465,0.5236992945380082,0.9366949810806221,0.41299568654261387
ambient,Ambient bench cooling,1200.0,24.0,air,Air headspace (sealed),0.2095,Butanedione_23,"2,3-butanedione (buttery)",48,0.7304852649558391,0.3548008962136967,0.8925094672195246,0.5377085710058279
ambient,Ambient bench cooling,1200.0,24.0,air,Air headspace (sealed),0.2095,Butanedione_23,"2,3-butanedione (buttery)",72,0.6421251698763819,0.23345057321158477,0.8517741679219093,0.6183235947103245
cryo_plate,"LN2 cryo-plate, 1.5 s",1.5,4.0,air,Air headspace (sealed),0.2095,Butanedione_23,"2,3-butanedione (buttery)",0,0.9998989208792343,0.9998989208792343,0.9998989208792343,0.0
cryo_plate,"LN2 cryo-plate, 1.5 s",1.5,4.0,air,Air headspace (sealed),0.2095,Butanedione_23,"2,3-butanedione (buttery)",2,0.9979299180047269,0.9918657627039608,0.9992787963858237,0.007413033681862968
cryo_plate,"LN2 cryo-plate, 1.5 s",1.5,4.0,air,Air headspace (sealed),0.2095,Butanedione_23,"2,3-butanedione (buttery)",6,0.9940776574203327,0.9760567363466349,0.998196958308534,0.02214022196189913
cryo_plate,"LN2 cryo-plate, 1.5 s",1.5,4.0,air,Air headspace (sealed),0.2095,Butanedione_23,"2,3-butanedione (buttery)",12,0.9884174513319726,0.9528504384960232,0.9965491996062869,0.043698761110263606
cryo_plate,"LN2 cryo-plate, 1.5 s",1.5,4.0,air,Air headspace (sealed),0.2095,Butanedione_23,"2,3-butanedione (buttery)",24,0.9771423087444285,0.9081438859042348,0.9932372424204563,0.08509335651622152
cryo_plate,"LN2 cryo-plate, 1.5 s",1.5,4.0,air,Air headspace (sealed),0.2095,Butanedione_23,"2,3-butanedione (buttery)",48,0.9550536529087363,0.8254868447853544,0.9866954783237609,0.16120863353840653
cryo_plate,"LN2 cryo-plate, 1.5 s",1.5,4.0,air,Air headspace (sealed),0.2095,Butanedione_23,"2,3-butanedione (buttery)",72,0.9335806263939216,0.750948379742909,0.9802572690011468,0.2293088892582379
hot_thermos,"Hot hold, thermos 65 degC",120.0,65.0,air,Air headspace (sealed),0.2095,Butanedione_23,"2,3-butanedione (buttery)",0,0.9965869808307438,0.9965869808307438,0.9965869808307438,0.0
hot_thermos,"Hot hold, thermos 65 degC",120.0,65.0,air,Air headspace (sealed),0.2095,Butanedione_23,"2,3-butanedione (buttery)",2,0.7762616187004229,0.17724748729054277,0.946998047433029,0.7697505601424862
hot_thermos,"Hot hold, thermos 65 degC",120.0,65.0,air,Air headspace (sealed),0.2095,Butanedione_23,"2,3-butanedione (buttery)",6,0.47924806225391614,0.006629180687789864,0.857078697311582,0.8504495166237922
hot_thermos,"Hot hold, thermos 65 degC",120.0,65.0,air,Air headspace (sealed),0.2095,Butanedione_23,"2,3-butanedione (buttery)",12,0.2359059081121081,5.781721156342346e-05,0.7398951524237958,0.7398373352122324
hot_thermos,"Hot hold, thermos 65 degC",120.0,65.0,air,Air headspace (sealed),0.2095,Butanedione_23,"2,3-butanedione (buttery)",24,0.0630931020152598,7.611843116057583e-09,0.558567766049252,0.5585677584374088
hot_thermos,"Hot hold, thermos 65 degC",120.0,65.0,air,Air headspace (sealed),0.2095,Butanedione_23,"2,3-butanedione (buttery)",48,0.006031756428087495,2.3918877500160116e-16,0.3367385376539271,0.33673853765392686
hot_thermos,"Hot hold, thermos 65 degC",120.0,65.0,air,Air headspace (sealed),0.2095,Butanedione_23,"2,3-butanedione (buttery)",72,0.000614463498096307,9.160558909306695e-24,0.20936671614494556,0.20936671614494556
ice_bath,Ice-bath immersion,300.0,4.0,air,Air headspace (sealed),0.2095,Butanedione_23,"2,3-butanedione (buttery)",0,0.9998989208792343,0.9998989208792343,0.9998989208792343,0.0
ice_bath,Ice-bath immersion,300.0,4.0,air,Air headspace (sealed),0.2095,Butanedione_23,"2,3-butanedione (buttery)",2,0.9909439672409979,0.9553941386798401,0.997087960685659,0.04169382200581884
ice_bath,Ice-bath immersion,300.0,4.0,air,Air headspace (sealed),0.2095,Butanedione_23,"2,3-butanedione (buttery)",6,0.9865797811223369,0.947221037265496,0.9952185807120164,0.04799754344652041
ice_bath,Ice-bath immersion,300.0,4.0,air,Air headspace (sealed),0.2095,Butanedione_23,"2,3-butanedione (buttery)",12,0.9807138773077333,0.9275688643461202,0.9929466173063725,0.06537775296025228
ice_bath,Ice-bath immersion,300.0,4.0,air,Air headspace (sealed),0.2095,Butanedione_23,"2,3-butanedione (buttery)",24,0.9693565265509061,0.8917253600097587,0.9884704288960323,0.09674506888627366
ice_bath,Ice-bath immersion,300.0,4.0,air,Air headspace (sealed),0.2095,Butanedione_23,"2,3-butanedione (buttery)",48,0.9469985956547553,0.8093628288654966,0.9793988733565117,0.17003604449101506
ice_bath,Ice-bath immersion,300.0,4.0,air,Air headspace (sealed),0.2095,Butanedione_23,"2,3-butanedione (buttery)",72,0.9262206130115047,0.7326044181026292,0.9710794016941714,0.23847498359154218
plate_hx,"Plate heat exchanger, 10 s",10.0,4.0,air,Air headspace (sealed),0.2095,Butanedione_23,"2,3-butanedione (buttery)",0,0.9998989208792343,0.9998989208792343,0.9998989208792343,0.0
plate_hx,"Plate heat exchanger, 10 s",10.0,4.0,air,Air headspace (sealed),0.2095,Butanedione_23,"2,3-butanedione (buttery)",2,0.9977704485915893,0.9912526104147327,0.9990831348939022,0.007830524479169543
plate_hx,"Plate heat exchanger, 10 s",10.0,4.0,air,Air headspace (sealed),0.2095,Butanedione_23,"2,3-butanedione (buttery)",6,0.9938972231155812,0.9759233008039613,0.9978056093785624,0.02188230857460116
plate_hx,"Plate heat exchanger, 10 s",10.0,4.0,air,Air headspace (sealed),0.2095,Butanedione_23,"2,3-butanedione (buttery)",12,0.988116934139796,0.9527047508425023,0.9961210981539791,0.04341634731147681
plate_hx,"Plate heat exchanger, 10 s",10.0,4.0,air,Air headspace (sealed),0.2095,Butanedione_23,"2,3-butanedione (buttery)",24,0.9767880658856984,0.9080301806792586,0.9928038449727934,0.08477366429353483
plate_hx,"Plate heat exchanger, 10 s",10.0,4.0,air,Air headspace (sealed),0.2095,Butanedione_23,"2,3-butanedione (buttery)",48,0.9545479389949658,0.8253705888185026,0.9865841902947421,0.16121360147623953
plate_hx,"Plate heat exchanger, 10 s",10.0,4.0,air,Air headspace (sealed),0.2095,Butanedione_23,"2,3-butanedione (buttery)",72,0.9334127275471293,0.7508893210065909,0.980180243264425,0.2292909222578341
ambient,Ambient bench cooling,1200.0,24.0,inert,"N2/Ar flush, <1 % O2",0.008,Butanedione_23,"2,3-butanedione (buttery)",0,0.9984960206859393,0.9984960206859393,0.9984960206859393,0.0
ambient,Ambient bench cooling,1200.0,24.0,inert,"N2/Ar flush, <1 % O2",0.008,Butanedione_23,"2,3-butanedione (buttery)",2,0.9610672722239584,0.7984366435128899,0.9880902777978539,0.18965363428496396
ambient,Ambient bench cooling,1200.0,24.0,inert,"N2/Ar flush, <1 % O2",0.008,Butanedione_23,"2,3-butanedione (buttery)",6,0.9421471701612358,0.7740526110941258,0.9800854329220745,0.2060328218279487
ambient,Ambient bench cooling,1200.0,24.0,inert,"N2/Ar flush, <1 % O2",0.008,Butanedione_23,"2,3-butanedione (buttery)",12,0.9161049452843821,0.7153517149318747,0.9706592146118199,0.25530749967994526
ambient,Ambient bench cooling,1200.0,24.0,inert,"N2/Ar flush, <1 % O2",0.008,Butanedione_23,"2,3-butanedione (buttery)",24,0.8679994472362395,0.6102446270718658,0.9510519300391108,0.34080730296724504
ambient,Ambient bench cooling,1200.0,24.0,inert,"N2/Ar flush, <1 % O2",0.008,Butanedione_23,"2,3-butanedione (buttery)",48,0.7820934295490622,0.44722524872161457,0.9166277472162302,0.4694024984946156
ambient,Ambient bench cooling,1200.0,24.0,inert,"N2/Ar flush, <1 % O2",0.008,Butanedione_23,"2,3-butanedione (buttery)",72,0.7028316163871802,0.33136796842792815,0.8826774517103739,0.5513094832824458
cryo_plate,"LN2 cryo-plate, 1.5 s",1.5,4.0,inert,"N2/Ar flush, <1 % O2",0.008,Butanedione_23,"2,3-butanedione (buttery)",0,0.9995957294933857,0.9995957294933857,0.9995957294933857,0.0
cryo_plate,"LN2 cryo-plate, 1.5 s",1.5,4.0,inert,"N2/Ar flush, <1 % O2",0.008,Butanedione_23,"2,3-butanedione (buttery)",2,0.9982224800710695,0.9937794512289675,0.9991569885577569,0.005377537328789428
cryo_plate,"LN2 cryo-plate, 1.5 s",1.5,4.0,inert,"N2/Ar flush, <1 % O2",0.008,Butanedione_23,"2,3-butanedione (buttery)",6,0.9955465997072854,0.9823246515228851,0.9983786272300942,0.016053975707209123
cryo_plate,"LN2 cryo-plate, 1.5 s",1.5,4.0,inert,"N2/Ar flush, <1 % O2",0.008,Butanedione_23,"2,3-butanedione (buttery)",12,0.9915737697459344,0.9654079565520933,0.9971928644009266,0.031784907848833255
cryo_plate,"LN2 cryo-plate, 1.5 s",1.5,4.0,inert,"N2/Ar flush, <1 % O2",0.008,Butanedione_23,"2,3-butanedione (buttery)",24,0.9836505089865852,0.9324995698825504,0.9948965795324707,0.06239700964992023
cryo_plate,"LN2 cryo-plate, 1.5 s",1.5,4.0,inert,"N2/Ar flush, <1 % O2",0.008,Butanedione_23,"2,3-butanedione (buttery)",48,0.9679940096654487,0.8702162842110366,0.9902470095342216,0.12003072532318504
cryo_plate,"LN2 cryo-plate, 1.5 s",1.5,4.0,inert,"N2/Ar flush, <1 % O2",0.008,Butanedione_23,"2,3-butanedione (buttery)",72,0.9526111772233103,0.8123450332606066,0.9856277692834935,0.1732827360228869
hot_thermos,"Hot hold, thermos 65 degC",120.0,65.0,inert,"N2/Ar flush, <1 % O2",0.008,Butanedione_23,"2,3-butanedione (buttery)",0,0.9864003423192276,0.9864003423192276,0.9864003423192276,0.0
hot_thermos,"Hot hold, thermos 65 degC",120.0,65.0,inert,"N2/Ar flush, <1 % O2",0.008,Butanedione_23,"2,3-butanedione (buttery)",2,0.8108631182056041,0.2337306299379486,0.9471857593246865,0.7134551293867379
hot_thermos,"Hot hold, thermos 65 degC",120.0,65.0,inert,"N2/Ar flush, <1 % O2",0.008,Butanedione_23,"2,3-butanedione (buttery)",6,0.552174070768999,0.014494716714872397,0.8746831757671103,0.860188459052238
hot_thermos,"Hot hold, thermos 65 degC",120.0,65.0,inert,"N2/Ar flush, <1 % O2",0.008,Butanedione_23,"2,3-butanedione (buttery)",12,0.3110937832266565,0.00023742960686052873,0.7772012088001582,0.7769637791932976
hot_thermos,"Hot hold, thermos 65 degC",120.0,65.0,inert,"N2/Ar flush, <1 % O2",0.008,Butanedione_23,"2,3-butanedione (buttery)",24,0.10051303749955015,6.29722034025178e-08,0.6158713063113048,0.6158712433391014
hot_thermos,"Hot hold, thermos 65 degC",120.0,65.0,inert,"N2/Ar flush, <1 % O2",0.008,Butanedione_23,"2,3-butanedione (buttery)",48,0.01086536451224581,5.0487146945823186e-15,0.39040552069193846,0.3904055206919334
hot_thermos,"Hot hold, thermos 65 degC",120.0,65.0,inert,"N2/Ar flush, <1 % O2",0.008,Butanedione_23,"2,3-butanedione (buttery)",72,0.0011708994533642396,4.430692582216797e-22,0.2508071946180577,0.2508071946180577
ice_bath,Ice-bath immersion,300.0,4.0,inert,"N2/Ar flush, <1 % O2",0.008,Butanedione_23,"2,3-butanedione (buttery)",0,0.9995957294933857,0.9995957294933857,0.9995957294933857,0.0
ice_bath,Ice-bath immersion,300.0,4.0,inert,"N2/Ar flush, <1 % O2",0.008,Butanedione_23,"2,3-butanedione (buttery)",2,0.9925387542866564,0.9639899924875247,0.9974167622377068,0.033426769750182106
ice_bath,Ice-bath immersion,300.0,4.0,inert,"N2/Ar flush, <1 % O2",0.008,Butanedione_23,"2,3-butanedione (buttery)",6,0.9893132577729831,0.9597331669629859,0.9961262046493413,0.03639303768635538
ice_bath,Ice-bath immersion,300.0,4.0,inert,"N2/Ar flush, <1 % O2",0.008,Butanedione_23,"2,3-butanedione (buttery)",12,0.9847805190459917,0.9476398618139591,0.994524682883803,0.04688482106984393
ice_bath,Ice-bath immersion,300.0,4.0,inert,"N2/Ar flush, <1 % O2",0.008,Butanedione_23,"2,3-butanedione (buttery)",24,0.9757348897567203,0.9170793486699138,0.9912551357337417,0.07417578706382788
ice_bath,Ice-bath immersion,300.0,4.0,inert,"N2/Ar flush, <1 % O2",0.008,Butanedione_23,"2,3-butanedione (buttery)",48,0.9602846518431489,0.8548822453520054,0.9853755371062013,0.13049329175419588
ice_bath,Ice-bath immersion,300.0,4.0,inert,"N2/Ar flush, <1 % O2",0.008,Butanedione_23,"2,3-butanedione (buttery)",72,0.9450745295530589,0.7947459579810598,0.9795821022285218,0.18483614424746198
plate_hx,"Plate heat exchanger, 10 s",10.0,4.0,inert,"N2/Ar flush, <1 % O2",0.008,Butanedione_23,"2,3-butanedione (buttery)",0,0.9995957294933857,0.9995957294933857,0.9995957294933857,0.0
plate_hx,"Plate heat exchanger, 10 s",10.0,4.0,inert,"N2/Ar flush, <1 % O2",0.008,Butanedione_23,"2,3-butanedione (buttery)",2,0.9980373355175336,0.9932759872438438,0.999037339232994,0.005761351989150176
plate_hx,"Plate heat exchanger, 10 s",10.0,4.0,inert,"N2/Ar flush, <1 % O2",0.008,Butanedione_23,"2,3-butanedione (buttery)",6,0.9953849723450495,0.9821074269660073,0.9981499472433407,0.01604252027733344
plate_hx,"Plate heat exchanger, 10 s",10.0,4.0,inert,"N2/Ar flush, <1 % O2",0.008,Butanedione_23,"2,3-butanedione (buttery)",12,0.9913644578416206,0.9651845985671235,0.9969544783717482,0.03176987980462476
plate_hx,"Plate heat exchanger, 10 s",10.0,4.0,inert,"N2/Ar flush, <1 % O2",0.008,Butanedione_23,"2,3-butanedione (buttery)",24,0.9833989628565218,0.9322747173716219,0.9945644070404456,0.062289689668823645
plate_hx,"Plate heat exchanger, 10 s",10.0,4.0,inert,"N2/Ar flush, <1 % O2",0.008,Butanedione_23,"2,3-butanedione (buttery)",48,0.9678367531540621,0.8700046754478369,0.9899733247800448,0.11996864933220797
plate_hx,"Plate heat exchanger, 10 s",10.0,4.0,inert,"N2/Ar flush, <1 % O2",0.008,Butanedione_23,"2,3-butanedione (buttery)",72,0.952554866678988,0.812147974457668,0.9853217184217574,0.17317374396408947
ambient,Ambient bench cooling,1200.0,24.0,vacuum,Vacuum (50 mbar pull-down),0.010475,Butanedione_23,"2,3-butanedione (buttery)",0,0.9739097555418443,0.9739097555418443,0.9739097555418443,0.0
ambient,Ambient bench cooling,1200.0,24.0,vacuum,Vacuum (50 mbar pull-down),0.010475,Butanedione_23,"2,3-butanedione (buttery)",2,0.9370337300864737,0.7770193030210212,0.963517806086198,0.1864985030651768
ambient,Ambient bench cooling,1200.0,24.0,vacuum,Vacuum (50 mbar pull-down),0.010475,Butanedione_23,"2,3-butanedione (buttery)",6,0.9184473172066732,0.752912545608288,0.9556168896035028,0.20270434399521475
ambient,Ambient bench cooling,1200.0,24.0,vacuum,Vacuum (50 mbar pull-down),0.010475,Butanedione_23,"2,3-butanedione (buttery)",12,0.8928556378068773,0.6957526094482978,0.946312877867627,0.2505602684193292
ambient,Ambient bench cooling,1200.0,24.0,vacuum,Vacuum (50 mbar pull-down),0.010475,Butanedione_23,"2,3-butanedione (buttery)",24,0.8454716524444058,0.5906963746826859,0.9270079363444811,0.3363115616617952
ambient,Ambient bench cooling,1200.0,24.0,vacuum,Vacuum (50 mbar pull-down),0.010475,Butanedione_23,"2,3-butanedione (buttery)",48,0.7617710198533454,0.43284289306490836,0.8935183811507691,0.46067548808586073
ambient,Ambient bench cooling,1200.0,24.0,vacuum,Vacuum (50 mbar pull-down),0.010475,Butanedione_23,"2,3-butanedione (buttery)",72,0.6835295233582346,0.3198671758942665,0.8592404945120107,0.5393733186177442
cryo_plate,"LN2 cryo-plate, 1.5 s",1.5,4.0,vacuum,Vacuum (50 mbar pull-down),0.010475,Butanedione_23,"2,3-butanedione (buttery)",0,0.9933911000261184,0.9933911000261184,0.9933911000261184,0.0
cryo_plate,"LN2 cryo-plate, 1.5 s",1.5,4.0,vacuum,Vacuum (50 mbar pull-down),0.010475,Butanedione_23,"2,3-butanedione (buttery)",2,0.9920003348150939,0.9874484999367815,0.9929414481041903,0.005492948167408751
cryo_plate,"LN2 cryo-plate, 1.5 s",1.5,4.0,vacuum,Vacuum (50 mbar pull-down),0.010475,Butanedione_23,"2,3-butanedione (buttery)",6,0.98930331526469,0.9757427244751494,0.9921473732112162,0.01640464873606673
cryo_plate,"LN2 cryo-plate, 1.5 s",1.5,4.0,vacuum,Vacuum (50 mbar pull-down),0.010475,Butanedione_23,"2,3-butanedione (buttery)",12,0.9852801700157623,0.9584652499048807,0.9909762060461591,0.03251095614127841
cryo_plate,"LN2 cryo-plate, 1.5 s",1.5,4.0,vacuum,Vacuum (50 mbar pull-down),0.010475,Butanedione_23,"2,3-butanedione (buttery)",24,0.9772906161880903,0.9248877732772666,0.9886339210074613,0.06374614773019471
cryo_plate,"LN2 cryo-plate, 1.5 s",1.5,4.0,vacuum,Vacuum (50 mbar pull-down),0.010475,Butanedione_23,"2,3-butanedione (buttery)",48,0.9615280277424185,0.8614539684296944,0.983938190448455,0.12248422201876064
cryo_plate,"LN2 cryo-plate, 1.5 s",1.5,4.0,vacuum,Vacuum (50 mbar pull-down),0.010475,Butanedione_23,"2,3-butanedione (buttery)",72,0.9460290688146933,0.8026552378148851,0.979292484316859,0.17663724650197388
hot_thermos,"Hot hold, thermos 65 degC",120.0,65.0,vacuum,Vacuum (50 mbar pull-down),0.010475,Butanedione_23,"2,3-butanedione (buttery)",0,0.7608471100954706,0.7608471100954706,0.7608471100954706,0.0
hot_thermos,"Hot hold, thermos 65 degC",120.0,65.0,vacuum,Vacuum (50 mbar pull-down),0.010475,Butanedione_23,"2,3-butanedione (buttery)",2,0.6240966059885853,0.17581504290389502,0.7302660303719315,0.5544509874680364
hot_thermos,"Hot hold, thermos 65 degC",120.0,65.0,vacuum,Vacuum (50 mbar pull-down),0.010475,Butanedione_23,"2,3-butanedione (buttery)",6,0.42436747910849465,0.010427546603136991,0.6738152459976188,0.6633876993944818
hot_thermos,"Hot hold, thermos 65 degC",120.0,65.0,vacuum,Vacuum (50 mbar pull-down),0.010475,Butanedione_23,"2,3-butanedione (buttery)",12,0.23884320644007323,0.0001632037151500636,0.5980950437358882,0.5979318400207381
hot_thermos,"Hot hold, thermos 65 degC",120.0,65.0,vacuum,Vacuum (50 mbar pull-down),0.010475,Butanedione_23,"2,3-butanedione (buttery)",24,0.07613234044356515,4.605275727401493e-08,0.4732045096352235,0.4732044635824662
hot_thermos,"Hot hold, thermos 65 degC",120.0,65.0,vacuum,Vacuum (50 mbar pull-down),0.010475,Butanedione_23,"2,3-butanedione (buttery)",48,0.008301866928730181,3.6052473709031626e-15,0.299439710687715,0.2994397106877114
hot_thermos,"Hot hold, thermos 65 degC",120.0,65.0,vacuum,Vacuum (50 mbar pull-down),0.010475,Butanedione_23,"2,3-butanedione (buttery)",72,0.0008923032719001195,3.1299537301276494e-22,0.19142801930867534,0.19142801930867534
ice_bath,Ice-bath immersion,300.0,4.0,vacuum,Vacuum (50 mbar pull-down),0.010475,Butanedione_23,"2,3-butanedione (buttery)",0,0.9933911000261184,0.9933911000261184,0.9933911000261184,0.0
ice_bath,Ice-bath immersion,300.0,4.0,vacuum,Vacuum (50 mbar pull-down),0.010475,Butanedione_23,"2,3-butanedione (buttery)",2,0.9863149484869802,0.9573594149361502,0.9912032343523202,0.033843819416169985
ice_bath,Ice-bath immersion,300.0,4.0,vacuum,Vacuum (50 mbar pull-down),0.010475,Butanedione_23,"2,3-butanedione (buttery)",6,0.9830873014064537,0.9534114050464865,0.9898546868791372,0.036443281832650776
ice_bath,Ice-bath immersion,300.0,4.0,vacuum,Vacuum (50 mbar pull-down),0.010475,Butanedione_23,"2,3-butanedione (buttery)",12,0.9784738090977673,0.9410169964335149,0.988285496618824,0.04726850018530915
ice_bath,Ice-bath immersion,300.0,4.0,vacuum,Vacuum (50 mbar pull-down),0.010475,Butanedione_23,"2,3-butanedione (buttery)",24,0.9693624942407902,0.9106087354513297,0.9850185556384776,0.07440982018714792
ice_bath,Ice-bath immersion,300.0,4.0,vacuum,Vacuum (50 mbar pull-down),0.010475,Butanedione_23,"2,3-butanedione (buttery)",48,0.9538770939014886,0.8485263873847819,0.9790984360591561,0.13057204867437422
ice_bath,Ice-bath immersion,300.0,4.0,vacuum,Vacuum (50 mbar pull-down),0.010475,Butanedione_23,"2,3-butanedione (buttery)",72,0.9386517204754818,0.7883234907631348,0.9732699349009616,0.1849464441378268
plate_hx,"Plate heat exchanger, 10 s",10.0,4.0,vacuum,Vacuum (50 mbar pull-down),0.010475,Butanedione_23,"2,3-butanedione (buttery)",0,0.9933911000261184,0.9933911000261184,0.9933911000261184,0.0
plate_hx,"Plate heat exchanger, 10 s",10.0,4.0,vacuum,Vacuum (50 mbar pull-down),0.010475,Butanedione_23,"2,3-butanedione (buttery)",2,0.9918244233686992,0.9870565513084187,0.9928285793700945,0.00577202806167576
plate_hx,"Plate heat exchanger, 10 s",10.0,4.0,vacuum,Vacuum (50 mbar pull-down),0.010475,Butanedione_23,"2,3-butanedione (buttery)",6,0.9891241092122944,0.9755277194667589,0.9919404731559073,0.016412753689148407
plate_hx,"Plate heat exchanger, 10 s",10.0,4.0,vacuum,Vacuum (50 mbar pull-down),0.010475,Butanedione_23,"2,3-butanedione (buttery)",12,0.9850590235583279,0.9582508641331136,0.990684675500719,0.03243381136760548
plate_hx,"Plate heat exchanger, 10 s",10.0,4.0,vacuum,Vacuum (50 mbar pull-down),0.010475,Butanedione_23,"2,3-butanedione (buttery)",24,0.9770782682643309,0.9246724063060859,0.9883056422147607,0.06363323590867476
plate_hx,"Plate heat exchanger, 10 s",10.0,4.0,vacuum,Vacuum (50 mbar pull-down),0.010475,Butanedione_23,"2,3-butanedione (buttery)",48,0.9612744889557492,0.8612404748926541,0.98356232202768,0.12232184713502592
plate_hx,"Plate heat exchanger, 10 s",10.0,4.0,vacuum,Vacuum (50 mbar pull-down),0.010475,Butanedione_23,"2,3-butanedione (buttery)",72,0.9458159906554884,0.8024568211773608,0.9789088443458276,0.17645202316846675
ambient,Ambient bench cooling,1200.0,24.0,air,Air headspace (sealed),0.2095,CGA_lactones,Chlorogenic acid lactones (bitter),0,1.0,1.0,1.0,0.0
ambient,Ambient bench cooling,1200.0,24.0,air,Air headspace (sealed),0.2095,CGA_lactones,Chlorogenic acid lactones (bitter),2,0.9975046128781757,0.9908674430784402,0.9991972162937672,0.008329773215327019
ambient,Ambient bench cooling,1200.0,24.0,air,Air headspace (sealed),0.2095,CGA_lactones,Chlorogenic acid lactones (bitter),6,0.9968819691523592,0.9899942001428685,0.9987330962712108,0.008738896128342222
ambient,Ambient bench cooling,1200.0,24.0,air,Air headspace (sealed),0.2095,CGA_lactones,Chlorogenic acid lactones (bitter),12,0.9959450332011766,0.988396522907724,0.9980885279891039,0.009692005081379906
ambient,Ambient bench cooling,1200.0,24.0,air,Air headspace (sealed),0.2095,CGA_lactones,Chlorogenic acid lactones (bitter),24,0.9938989498979625,0.9851247056288588,0.996830625385322,0.011705919756463179
ambient,Ambient bench cooling,1200.0,24.0,air,Air headspace (sealed),0.2095,CGA_lactones,Chlorogenic acid lactones (bitter),48,0.9898055987313317,0.9789166763004431,0.9945638280430122,0.015647151742569143
ambient,Ambient bench cooling,1200.0,24.0,air,Air headspace (sealed),0.2095,CGA_lactones,Chlorogenic acid lactones (bitter),72,0.9858492693406543,0.9727996503414716,0.9923930033685693,0.019593353027097637
cryo_plate,"LN2 cryo-plate, 1.5 s",1.5,4.0,air,Air headspace (sealed),0.2095,CGA_lactones,Chlorogenic acid lactones (bitter),0,1.0,1.0,1.0,0.0
cryo_plate,"LN2 cryo-plate, 1.5 s",1.5,4.0,air,Air headspace (sealed),0.2095,CGA_lactones,Chlorogenic acid lactones (bitter),2,0.9999657853283789,0.9999163870737312,0.9999846135940663,6.82265203351129e-05
cryo_plate,"LN2 cryo-plate, 1.5 s",1.5,4.0,air,Air headspace (sealed),0.2095,CGA_lactones,Chlorogenic acid lactones (bitter),6,0.9999024647432613,0.9997505918720254,0.9999589990432698,0.00020840717124437358
cryo_plate,"LN2 cryo-plate, 1.5 s",1.5,4.0,air,Air headspace (sealed),0.2095,CGA_lactones,Chlorogenic acid lactones (bitter),12,0.9998080311841318,0.9995020970669551,0.9999207738424762,0.0004186767755210985
cryo_plate,"LN2 cryo-plate, 1.5 s",1.5,4.0,air,Air headspace (sealed),0.2095,CGA_lactones,Chlorogenic acid lactones (bitter),24,0.9996192884645876,0.9990058159443258,0.9998426209360078,0.0008368049916820386
cryo_plate,"LN2 cryo-plate, 1.5 s",1.5,4.0,air,Air headspace (sealed),0.2095,CGA_lactones,Chlorogenic acid lactones (bitter),48,0.9992413059248437,0.9980160552002841,0.9996887824005095,0.0016727272002253768
cryo_plate,"LN2 cryo-plate, 1.5 s",1.5,4.0,air,Air headspace (sealed),0.2095,CGA_lactones,Chlorogenic acid lactones (bitter),72,0.9988641588689349,0.997029968976566,0.9995352545100458,0.0025052855334797286
hot_thermos,"Hot hold, thermos 65 degC",120.0,65.0,air,Air headspace (sealed),0.2095,CGA_lactones,Chlorogenic acid lactones (bitter),0,1.0,1.0,1.0,0.0
hot_thermos,"Hot hold, thermos 65 degC",120.0,65.0,air,Air headspace (sealed),0.2095,CGA_lactones,Chlorogenic acid lactones (bitter),2,0.9841684664284935,0.9380638881412031,0.9960767649943517,0.0580128768531486
hot_thermos,"Hot hold, thermos 65 degC",120.0,65.0,air,Air headspace (sealed),0.2095,CGA_lactones,Chlorogenic acid lactones (bitter),6,0.9542277020309536,0.8300582692972648,0.9885758347166321,0.15851756541936735
hot_thermos,"Hot hold, thermos 65 degC",120.0,65.0,air,Air headspace (sealed),0.2095,CGA_lactones,Chlorogenic acid lactones (bitter),12,0.9111054192807289,0.6925065310059269,0.9777873210039502,0.2852807899980233
hot_thermos,"Hot hold, thermos 65 degC",120.0,65.0,air,Air headspace (sealed),0.2095,CGA_lactones,Chlorogenic acid lactones (bitter),24,0.8306660409485099,0.48143077651983623,0.9567426556515105,0.4753118791316743
hot_thermos,"Hot hold, thermos 65 degC",120.0,65.0,air,Air headspace (sealed),0.2095,CGA_lactones,Chlorogenic acid lactones (bitter),48,0.693532674993824,0.23355364340653545,0.916070693814051,0.6825170504075155
hot_thermos,"Hot hold, thermos 65 degC",120.0,65.0,air,Air headspace (sealed),0.2095,CGA_lactones,Chlorogenic acid lactones (bitter),72,0.5835255494134803,0.11433732148964007,0.8774146965485694,0.7630773750589294
ice_bath,Ice-bath immersion,300.0,4.0,air,Air headspace (sealed),0.2095,CGA_lactones,Chlorogenic acid lactones (bitter),0,1.0,1.0,1.0,0.0
ice_bath,Ice-bath immersion,300.0,4.0,air,Air headspace (sealed),0.2095,CGA_lactones,Chlorogenic acid lactones (bitter),2,0.9995941533854968,0.9984935024973315,0.9998499416511898,0.001356439153858302
ice_bath,Ice-bath immersion,300.0,4.0,air,Air headspace (sealed),0.2095,CGA_lactones,Chlorogenic acid lactones (bitter),6,0.999514403160717,0.9984472790747108,0.9997756898589009,0.0013284107841901038
ice_bath,Ice-bath immersion,300.0,4.0,air,Air headspace (sealed),0.2095,CGA_lactones,Chlorogenic acid lactones (bitter),12,0.9993835144859404,0.9983438426992434,0.9996862638390318,0.0013424211397884411
ice_bath,Ice-bath immersion,300.0,4.0,air,Air headspace (sealed),0.2095,CGA_lactones,Chlorogenic acid lactones (bitter),24,0.9991228445488316,0.9980475720606319,0.999546125183239,0.0014985531226071602
ice_bath,Ice-bath immersion,300.0,4.0,air,Air headspace (sealed),0.2095,CGA_lactones,Chlorogenic acid lactones (bitter),48,0.998706431133669,0.9973867185872813,0.999331423477763,0.0019447048904817077
ice_bath,Ice-bath immersion,300.0,4.0,air,Air headspace (sealed),0.2095,CGA_lactones,Chlorogenic acid lactones (bitter),72,0.9983085944416216,0.9964627594826978,0.9990993230876823,0.002636563604984543
plate_hx,"Plate heat exchanger, 10 s",10.0,4.0,air,Air headspace (sealed),0.2095,CGA_lactones,Chlorogenic acid lactones (bitter),0,1.0,1.0,1.0,0.0
plate_hx,"Plate heat exchanger, 10 s",10.0,4.0,air,Air headspace (sealed),0.2095,CGA_lactones,Chlorogenic acid lactones (bitter),2,0.9999528957551251,0.999901642327692,0.9999750203899955,7.337806230356403e-05
plate_hx,"Plate heat exchanger, 10 s",10.0,4.0,air,Air headspace (sealed),0.2095,CGA_lactones,Chlorogenic acid lactones (bitter),6,0.999888569110001,0.9997426858873547,0.9999431128492771,0.00020042696192235088
plate_hx,"Plate heat exchanger, 10 s",10.0,4.0,air,Air headspace (sealed),0.2095,CGA_lactones,Chlorogenic acid lactones (bitter),12,0.9997937319618244,0.9994978088847659,0.9999050415996881,0.0004072327149221566
plate_hx,"Plate heat exchanger, 10 s",10.0,4.0,air,Air headspace (sealed),0.2095,CGA_lactones,Chlorogenic acid lactones (bitter),24,0.9996012427261987,0.9990015320614489,0.9998300784036023,0.0008285463421533468
plate_hx,"Plate heat exchanger, 10 s",10.0,4.0,air,Air headspace (sealed),0.2095,CGA_lactones,Chlorogenic acid lactones (bitter),48,0.9992265522855653,0.9980117798222456,0.9996772896840563,0.0016655098618106878
plate_hx,"Plate heat exchanger, 10 s",10.0,4.0,air,Air headspace (sealed),0.2095,CGA_lactones,Chlorogenic acid lactones (bitter),72,0.9988484329128717,0.9970257019808104,0.9995241375869737,0.0024984356061632518
ambient,Ambient bench cooling,1200.0,24.0,inert,"N2/Ar flush, <1 % O2",0.008,CGA_lactones,Chlorogenic acid lactones (bitter),0,1.0,1.0,1.0,0.0
ambient,Ambient bench cooling,1200.0,24.0,inert,"N2/Ar flush, <1 % O2",0.008,CGA_lactones,Chlorogenic acid lactones (bitter),2,0.9976483947225147,0.9912059222344514,0.9992459038241873,0.008039981589735956
ambient,Ambient bench cooling,1200.0,24.0,inert,"N2/Ar flush, <1 % O2",0.008,CGA_lactones,Chlorogenic acid lactones (bitter),6,0.9970584892621431,0.9903721582204826,0.9988207980191681,0.008448639798685487
ambient,Ambient bench cooling,1200.0,24.0,inert,"N2/Ar flush, <1 % O2",0.008,CGA_lactones,Chlorogenic acid lactones (bitter),12,0.9961767431092194,0.9887262633075834,0.9982715187141706,0.009545255406587239
ambient,Ambient bench cooling,1200.0,24.0,inert,"N2/Ar flush, <1 % O2",0.008,CGA_lactones,Chlorogenic acid lactones (bitter),24,0.9941814326947319,0.9861242682934225,0.9970594123241813,0.010935144030758792
ambient,Ambient bench cooling,1200.0,24.0,inert,"N2/Ar flush, <1 % O2",0.008,CGA_lactones,Chlorogenic acid lactones (bitter),48,0.9904471477005024,0.9800469560123342,0.9950384034996572,0.014991447487323062
ambient,Ambient bench cooling,1200.0,24.0,inert,"N2/Ar flush, <1 % O2",0.008,CGA_lactones,Chlorogenic acid lactones (bitter),72,0.9868881907190352,0.9741878508664282,0.9931097762151756,0.01892192534874737
cryo_plate,"LN2 cryo-plate, 1.5 s",1.5,4.0,inert,"N2/Ar flush, <1 % O2",0.008,CGA_lactones,Chlorogenic acid lactones (bitter),0,1.0,1.0,1.0,0.0
cryo_plate,"LN2 cryo-plate, 1.5 s",1.5,4.0,inert,"N2/Ar flush, <1 % O2",0.008,CGA_lactones,Chlorogenic acid lactones (bitter),2,0.9999694013696073,0.9999207462532949,0.9999862551511728,6.550889787793057e-05
cryo_plate,"LN2 cryo-plate, 1.5 s",1.5,4.0,inert,"N2/Ar flush, <1 % O2",0.008,CGA_lactones,Chlorogenic acid lactones (bitter),6,0.999912027121669,0.999767770945547,0.9999634851754206,0.0001957142298735226
cryo_plate,"LN2 cryo-plate, 1.5 s",1.5,4.0,inert,"N2/Ar flush, <1 % O2",0.008,CGA_lactones,Chlorogenic acid lactones (bitter),12,0.9998272304707557,0.999539601265491,0.9999297647372581,0.0003901634717671243
cryo_plate,"LN2 cryo-plate, 1.5 s",1.5,4.0,inert,"N2/Ar flush, <1 % O2",0.008,CGA_lactones,Chlorogenic acid lactones (bitter),24,0.9996556546994091,0.9990834361606579,0.9998607907172686,0.0007773545566107654
cryo_plate,"LN2 cryo-plate, 1.5 s",1.5,4.0,inert,"N2/Ar flush, <1 % O2",0.008,CGA_lactones,Chlorogenic acid lactones (bitter),48,0.9993127252838101,0.9981718015463844,0.9997246438590978,0.001552842312713354
cryo_plate,"LN2 cryo-plate, 1.5 s",1.5,4.0,inert,"N2/Ar flush, <1 % O2",0.008,CGA_lactones,Chlorogenic acid lactones (bitter),72,0.9989700883981544,0.9972610917016884,0.9995880338265457,0.0023269421248572897
hot_thermos,"Hot hold, thermos 65 degC",120.0,65.0,inert,"N2/Ar flush, <1 % O2",0.008,CGA_lactones,Chlorogenic acid lactones (bitter),0,1.0,1.0,1.0,0.0
hot_thermos,"Hot hold, thermos 65 degC",120.0,65.0,inert,"N2/Ar flush, <1 % O2",0.008,CGA_lactones,Chlorogenic acid lactones (bitter),2,0.9851535942288387,0.9402534124378205,0.9963571242903982,0.05610371185257779
hot_thermos,"Hot hold, thermos 65 degC",120.0,65.0,inert,"N2/Ar flush, <1 % O2",0.008,CGA_lactones,Chlorogenic acid lactones (bitter),6,0.9567861217067126,0.8346318413104263,0.9892448600015288,0.15461301869110244
hot_thermos,"Hot hold, thermos 65 degC",120.0,65.0,inert,"N2/Ar flush, <1 % O2",0.008,CGA_lactones,Chlorogenic acid lactones (bitter),12,0.9158361253225318,0.6981720832877444,0.9787121551514039,0.2805400718636595
hot_thermos,"Hot hold, thermos 65 degC",120.0,65.0,inert,"N2/Ar flush, <1 % O2",0.008,CGA_lactones,Chlorogenic acid lactones (bitter),24,0.8394602188621203,0.48860549609080134,0.958095005646568,0.4694895095557667
hot_thermos,"Hot hold, thermos 65 degC",120.0,65.0,inert,"N2/Ar flush, <1 % O2",0.008,CGA_lactones,Chlorogenic acid lactones (bitter),48,0.7062057144407441,0.2392891655520353,0.9184266011551177,0.6791374356030824
hot_thermos,"Hot hold, thermos 65 degC",120.0,65.0,inert,"N2/Ar flush, <1 % O2",0.008,CGA_lactones,Chlorogenic acid lactones (bitter),72,0.5945964479343211,0.11720157212416192,0.8805666636345392,0.7633650915103772
ice_bath,Ice-bath immersion,300.0,4.0,inert,"N2/Ar flush, <1 % O2",0.008,CGA_lactones,Chlorogenic acid lactones (bitter),0,1.0,1.0,1.0,0.0
ice_bath,Ice-bath immersion,300.0,4.0,inert,"N2/Ar flush, <1 % O2",0.008,CGA_lactones,Chlorogenic acid lactones (bitter),2,0.9996126629214279,0.9985458564894318,0.999859925969228,0.001314069479796176
ice_bath,Ice-bath immersion,300.0,4.0,inert,"N2/Ar flush, <1 % O2",0.008,CGA_lactones,Chlorogenic acid lactones (bitter),6,0.9995372706742724,0.9985063203015533,0.9997933268526129,0.0012870065510596218
ice_bath,Ice-bath immersion,300.0,4.0,inert,"N2/Ar flush, <1 % O2",0.008,CGA_lactones,Chlorogenic acid lactones (bitter),12,0.9994276011382675,0.998427618346746,0.9997118899903772,0.0012842716436312074
ice_bath,Ice-bath immersion,300.0,4.0,inert,"N2/Ar flush, <1 % O2",0.008,CGA_lactones,Chlorogenic acid lactones (bitter),24,0.9991968986360833,0.998133473625736,0.999582371583473,0.0014488979577369498
ice_bath,Ice-bath immersion,300.0,4.0,inert,"N2/Ar flush, <1 % O2",0.008,CGA_lactones,Chlorogenic acid lactones (bitter),48,0.9988285030672094,0.9975413473737846,0.9993774123425635,0.001836064968778861
ice_bath,Ice-bath immersion,300.0,4.0,inert,"N2/Ar flush, <1 % O2",0.008,CGA_lactones,Chlorogenic acid lactones (bitter),72,0.9984507677540793,0.9967524901722211,0.9991910647714155,0.0024385745991943875
plate_hx,"Plate heat exchanger, 10 s",10.0,4.0,inert,"N2/Ar flush, <1 % O2",0.008,CGA_lactones,Chlorogenic acid lactones (bitter),0,1.0,1.0,1.0,0.0
plate_hx,"Plate heat exchanger, 10 s",10.0,4.0,inert,"N2/Ar flush, <1 % O2",0.008,CGA_lactones,Chlorogenic acid lactones (bitter),2,0.9999571182348848,0.9999100780385716,0.9999775345240259,6.745648545436467e-05
plate_hx,"Plate heat exchanger, 10 s",10.0,4.0,inert,"N2/Ar flush, <1 % O2",0.008,CGA_lactones,Chlorogenic acid lactones (bitter),6,0.9998981931679614,0.9997591460689866,0.9999504573863429,0.0001913113173562797
plate_hx,"Plate heat exchanger, 10 s",10.0,4.0,inert,"N2/Ar flush, <1 % O2",0.008,CGA_lactones,Chlorogenic acid lactones (bitter),12,0.9998141437675594,0.9995237167177948,0.9999166459868842,0.00039292926908940373
plate_hx,"Plate heat exchanger, 10 s",10.0,4.0,inert,"N2/Ar flush, <1 % O2",0.008,CGA_lactones,Chlorogenic acid lactones (bitter),24,0.9996398523725054,0.9990599951227985,0.9998490586641829,0.000789063541384416
plate_hx,"Plate heat exchanger, 10 s",10.0,4.0,inert,"N2/Ar flush, <1 % O2",0.008,CGA_lactones,Chlorogenic acid lactones (bitter),48,0.999298808170583,0.9981483820170768,0.9997098983003757,0.0015615162832989249
plate_hx,"Plate heat exchanger, 10 s",10.0,4.0,inert,"N2/Ar flush, <1 % O2",0.008,CGA_lactones,Chlorogenic acid lactones (bitter),72,0.9989634951358222,0.9972376936563218,0.9995781418898746,0.0023404482335528387
ambient,Ambient bench cooling,1200.0,24.0,vacuum,Vacuum (50 mbar pull-down),0.010475,CGA_lactones,Chlorogenic acid lactones (bitter),0,1.0,1.0,1.0,0.0
ambient,Ambient bench cooling,1200.0,24.0,vacuum,Vacuum (50 mbar pull-down),0.010475,CGA_lactones,Chlorogenic acid lactones (bitter),2,0.9976436052188217,0.99119405942057,0.9992434892235365,0.008049429802966412
ambient,Ambient bench cooling,1200.0,24.0,vacuum,Vacuum (50 mbar pull-down),0.010475,CGA_lactones,Chlorogenic acid lactones (bitter),6,0.997049997567655,0.9903589115158645,0.998818680958215,0.008459769442350495
ambient,Ambient bench cooling,1200.0,24.0,vacuum,Vacuum (50 mbar pull-down),0.010475,CGA_lactones,Chlorogenic acid lactones (bitter),12,0.9961611267151821,0.9886874845383559,0.9982632201342082,0.009575735595852342
ambient,Ambient bench cooling,1200.0,24.0,vacuum,Vacuum (50 mbar pull-down),0.010475,CGA_lactones,Chlorogenic acid lactones (bitter),24,0.9941734748216744,0.9861213567641924,0.9970460210641864,0.010924664299993947
ambient,Ambient bench cooling,1200.0,24.0,vacuum,Vacuum (50 mbar pull-down),0.010475,CGA_lactones,Chlorogenic acid lactones (bitter),48,0.9904429236998544,0.9800460206107624,0.9950217123781501,0.014975691767387667
ambient,Ambient bench cooling,1200.0,24.0,vacuum,Vacuum (50 mbar pull-down),0.010475,CGA_lactones,Chlorogenic acid lactones (bitter),72,0.986846322363359,0.9741089903727088,0.9930595434632675,0.01895055309055871
cryo_plate,"LN2 cryo-plate, 1.5 s",1.5,4.0,vacuum,Vacuum (50 mbar pull-down),0.010475,CGA_lactones,Chlorogenic acid lactones (bitter),0,1.0,1.0,1.0,0.0
cryo_plate,"LN2 cryo-plate, 1.5 s",1.5,4.0,vacuum,Vacuum (50 mbar pull-down),0.010475,CGA_lactones,Chlorogenic acid lactones (bitter),2,0.9999692855711297,0.9999203036956574,0.9999862502678875,6.594657223002454e-05
cryo_plate,"LN2 cryo-plate, 1.5 s",1.5,4.0,vacuum,Vacuum (50 mbar pull-down),0.010475,CGA_lactones,Chlorogenic acid lactones (bitter),6,0.9999117537391597,0.9997676202476522,0.9999632307435182,0.00019561049586602763
cryo_plate,"LN2 cryo-plate, 1.5 s",1.5,4.0,vacuum,Vacuum (50 mbar pull-down),0.010475,CGA_lactones,Chlorogenic acid lactones (bitter),12,0.9998266673603322,0.9995393019680932,0.9999293659068825,0.0003900639387893756
cryo_plate,"LN2 cryo-plate, 1.5 s",1.5,4.0,vacuum,Vacuum (50 mbar pull-down),0.010475,CGA_lactones,Chlorogenic acid lactones (bitter),24,0.9996545378142241,0.9990828424731906,0.9998600023949882,0.00077715992179761
cryo_plate,"LN2 cryo-plate, 1.5 s",1.5,4.0,vacuum,Vacuum (50 mbar pull-down),0.010475,CGA_lactones,Chlorogenic acid lactones (bitter),48,0.999310520724497,0.9981706301554815,0.9997228559980976,0.0015522258426161617
cryo_plate,"LN2 cryo-plate, 1.5 s",1.5,4.0,vacuum,Vacuum (50 mbar pull-down),0.010475,CGA_lactones,Chlorogenic acid lactones (bitter),72,0.9989668221442163,0.997259357078239,0.999586578794562,0.002327221716323047
hot_thermos,"Hot hold, thermos 65 degC",120.0,65.0,vacuum,Vacuum (50 mbar pull-down),0.010475,CGA_lactones,Chlorogenic acid lactones (bitter),0,1.0,1.0,1.0,0.0
hot_thermos,"Hot hold, thermos 65 degC",120.0,65.0,vacuum,Vacuum (50 mbar pull-down),0.010475,CGA_lactones,Chlorogenic acid lactones (bitter),2,0.9851239208564531,0.9401832096620624,0.9963493772974317,0.0561661676353693
hot_thermos,"Hot hold, thermos 65 degC",120.0,65.0,vacuum,Vacuum (50 mbar pull-down),0.010475,CGA_lactones,Chlorogenic acid lactones (bitter),6,0.9567060497580995,0.8344476507620292,0.9892104854576054,0.15476283469557617
hot_thermos,"Hot hold, thermos 65 degC",120.0,65.0,vacuum,Vacuum (50 mbar pull-down),0.010475,CGA_lactones,Chlorogenic acid lactones (bitter),12,0.9156969963651171,0.6978929449945521,0.9786388515561641,0.280745906561612
hot_thermos,"Hot hold, thermos 65 degC",120.0,65.0,vacuum,Vacuum (50 mbar pull-down),0.010475,CGA_lactones,Chlorogenic acid lactones (bitter),24,0.8391065874749499,0.48851775002182,0.9579750396526275,0.4694572896308075
hot_thermos,"Hot hold, thermos 65 degC",120.0,65.0,vacuum,Vacuum (50 mbar pull-down),0.010475,CGA_lactones,Chlorogenic acid lactones (bitter),48,0.7057097792282594,0.2392677707565093,0.9182668626614638,0.6789990919049546
hot_thermos,"Hot hold, thermos 65 degC",120.0,65.0,vacuum,Vacuum (50 mbar pull-down),0.010475,CGA_lactones,Chlorogenic acid lactones (bitter),72,0.5941198292338554,0.11718962471063754,0.8803960946986794,0.7632064699880419
ice_bath,Ice-bath immersion,300.0,4.0,vacuum,Vacuum (50 mbar pull-down),0.010475,CGA_lactones,Chlorogenic acid lactones (bitter),0,1.0,1.0,1.0,0.0
ice_bath,Ice-bath immersion,300.0,4.0,vacuum,Vacuum (50 mbar pull-down),0.010475,CGA_lactones,Chlorogenic acid lactones (bitter),2,0.9996126629214279,0.9985456735942876,0.9998595896735664,0.0013139160792787763
ice_bath,Ice-bath immersion,300.0,4.0,vacuum,Vacuum (50 mbar pull-down),0.010475,CGA_lactones,Chlorogenic acid lactones (bitter),6,0.999536885269632,0.9985042778408874,0.9997933063205889,0.0012890284797015816
ice_bath,Ice-bath immersion,300.0,4.0,vacuum,Vacuum (50 mbar pull-down),0.010475,CGA_lactones,Chlorogenic acid lactones (bitter),12,0.9994269261127391,0.9984267393528838,0.9997094818392429,0.0012827424863590675
ice_bath,Ice-bath immersion,300.0,4.0,vacuum,Vacuum (50 mbar pull-down),0.010475,CGA_lactones,Chlorogenic acid lactones (bitter),24,0.999192527308222,0.9981324629201717,0.9995808728443119,0.0014484099241401927
ice_bath,Ice-bath immersion,300.0,4.0,vacuum,Vacuum (50 mbar pull-down),0.010475,CGA_lactones,Chlorogenic acid lactones (bitter),48,0.998824483268073,0.9975412689495143,0.9993752363495186,0.0018339674000042994
ice_bath,Ice-bath immersion,300.0,4.0,vacuum,Vacuum (50 mbar pull-down),0.010475,CGA_lactones,Chlorogenic acid lactones (bitter),72,0.9984474183302974,0.9967519187840618,0.9991869119837689,0.0024349931997070806
plate_hx,"Plate heat exchanger, 10 s",10.0,4.0,vacuum,Vacuum (50 mbar pull-down),0.010475,CGA_lactones,Chlorogenic acid lactones (bitter),0,1.0,1.0,1.0,0.0
plate_hx,"Plate heat exchanger, 10 s",10.0,4.0,vacuum,Vacuum (50 mbar pull-down),0.010475,CGA_lactones,Chlorogenic acid lactones (bitter),2,0.9999568878742173,0.9999100616808129,0.9999774168101997,6.735512938682575e-05
plate_hx,"Plate heat exchanger, 10 s",10.0,4.0,vacuum,Vacuum (50 mbar pull-down),0.010475,CGA_lactones,Chlorogenic acid lactones (bitter),6,0.9998978484505244,0.9997578090558971,0.9999501851578884,0.0001923761019912984
plate_hx,"Plate heat exchanger, 10 s",10.0,4.0,vacuum,Vacuum (50 mbar pull-down),0.010475,CGA_lactones,Chlorogenic acid lactones (bitter),12,0.9998129282205664,0.9995210713131522,0.9999164110992936,0.0003953397861414798
plate_hx,"Plate heat exchanger, 10 s",10.0,4.0,vacuum,Vacuum (50 mbar pull-down),0.010475,CGA_lactones,Chlorogenic acid lactones (bitter),24,0.9996377569576291,0.9990593945653106,0.9998486654686899,0.0007892709033793244
plate_hx,"Plate heat exchanger, 10 s",10.0,4.0,vacuum,Vacuum (50 mbar pull-down),0.010475,CGA_lactones,Chlorogenic acid lactones (bitter),48,0.9992971914344214,0.9981472037927757,0.9997079380091485,0.0015607342163728166
plate_hx,"Plate heat exchanger, 10 s",10.0,4.0,vacuum,Vacuum (50 mbar pull-down),0.010475,CGA_lactones,Chlorogenic acid lactones (bitter),72,0.9989602135309882,0.9972359522353299,0.99957581095242,0.002339858717090082
ambient,Ambient bench cooling,1200.0,24.0,air,Air headspace (sealed),0.2095,CQA_5_isomer,5-CQA (isomer purity),0,1.0,1.0,1.0,0.0
ambient,Ambient bench cooling,1200.0,24.0,air,Air headspace (sealed),0.2095,CQA_5_isomer,5-CQA (isomer purity),2,0.9993849069550005,0.9966078889358931,0.9998258887806879,0.003217999844794761
ambient,Ambient bench cooling,1200.0,24.0,air,Air headspace (sealed),0.2095,CQA_5_isomer,5-CQA (isomer purity),6,0.9992419517556951,0.996401776404922,0.9997475773252792,0.0033458009203571892
ambient,Ambient bench cooling,1200.0,24.0,air,Air headspace (sealed),0.2095,CQA_5_isomer,5-CQA (isomer purity),12,0.9990351257850607,0.9961692695659518,0.9996318444162773,0.0034625748503255283
ambient,Ambient bench cooling,1200.0,24.0,air,Air headspace (sealed),0.2095,CQA_5_isomer,5-CQA (isomer purity),24,0.9986205294197625,0.9955666499552686,0.999401409658954,0.0038347597036854086
ambient,Ambient bench cooling,1200.0,24.0,air,Air headspace (sealed),0.2095,CQA_5_isomer,5-CQA (isomer purity),48,0.9978528384194567,0.9945862143623385,0.9989555538367243,0.0043693394743857805
ambient,Ambient bench cooling,1200.0,24.0,air,Air headspace (sealed),0.2095,CQA_5_isomer,5-CQA (isomer purity),72,0.9970855902140352,0.9935235071679166,0.9985234496504666,0.004999942482549979
cryo_plate,"LN2 cryo-plate, 1.5 s",1.5,4.0,air,Air headspace (sealed),0.2095,CQA_5_isomer,5-CQA (isomer purity),0,1.0,1.0,1.0,0.0
cryo_plate,"LN2 cryo-plate, 1.5 s",1.5,4.0,air,Air headspace (sealed),0.2095,CQA_5_isomer,5-CQA (isomer purity),2,0.9999939518493433,0.9999830630709248,0.9999972727777673,1.4209706842516212e-05
cryo_plate,"LN2 cryo-plate, 1.5 s",1.5,4.0,air,Air headspace (sealed),0.2095,CQA_5_isomer,5-CQA (isomer purity),6,0.9999832951127987,0.9999498532099377,0.9999937079951734,4.385478523571962e-05
cryo_plate,"LN2 cryo-plate, 1.5 s",1.5,4.0,air,Air headspace (sealed),0.2095,CQA_5_isomer,5-CQA (isomer purity),12,0.9999670889176064,0.999899933319711,0.9999887819055528,8.884858584179423e-05
cryo_plate,"LN2 cryo-plate, 1.5 s",1.5,4.0,air,Air headspace (sealed),0.2095,CQA_5_isomer,5-CQA (isomer purity),24,0.9999348209072758,0.999800326112876,0.9999805827708551,0.0001802566579791609
cryo_plate,"LN2 cryo-plate, 1.5 s",1.5,4.0,air,Air headspace (sealed),0.2095,CQA_5_isomer,5-CQA (isomer purity),48,0.9998703447914563,0.9996020294561017,0.9999620178772135,0.00035998842111184537
cryo_plate,"LN2 cryo-plate, 1.5 s",1.5,4.0,air,Air headspace (sealed),0.2095,CQA_5_isomer,5-CQA (isomer purity),72,0.9998062559909213,0.9994049329676498,0.9999432726605862,0.0005383396929364848
hot_thermos,"Hot hold, thermos 65 degC",120.0,65.0,air,Air headspace (sealed),0.2095,CQA_5_isomer,5-CQA (isomer purity),0,1.0,1.0,1.0,0.0
hot_thermos,"Hot hold, thermos 65 degC",120.0,65.0,air,Air headspace (sealed),0.2095,CQA_5_isomer,5-CQA (isomer purity),2,0.996023323171542,0.9767087950228758,0.9991227421109726,0.022413947088096853
hot_thermos,"Hot hold, thermos 65 degC",120.0,65.0,air,Air headspace (sealed),0.2095,CQA_5_isomer,5-CQA (isomer purity),6,0.9883949553592078,0.9341043510697268,0.9974240750959961,0.06331972402626929
hot_thermos,"Hot hold, thermos 65 degC",120.0,65.0,air,Air headspace (sealed),0.2095,CQA_5_isomer,5-CQA (isomer purity),12,0.977206837128002,0.8744403161739811,0.9949460165646721,0.12050570039069097
hot_thermos,"Hot hold, thermos 65 degC",120.0,65.0,air,Air headspace (sealed),0.2095,CQA_5_isomer,5-CQA (isomer purity),24,0.9556921654943095,0.7702605238513002,0.9901829032821031,0.21992237943080295
hot_thermos,"Hot hold, thermos 65 degC",120.0,65.0,air,Air headspace (sealed),0.2095,CQA_5_isomer,5-CQA (isomer purity),48,0.9161288004878084,0.6045670226048935,0.9807022738312553,0.3761352512263618
hot_thermos,"Hot hold, thermos 65 degC",120.0,65.0,air,Air headspace (sealed),0.2095,CQA_5_isomer,5-CQA (isomer purity),72,0.8792966884224924,0.4783927888213933,0.9714683610359145,0.4930755722145212
ice_bath,Ice-bath immersion,300.0,4.0,air,Air headspace (sealed),0.2095,CQA_5_isomer,5-CQA (isomer purity),0,1.0,1.0,1.0,0.0
ice_bath,Ice-bath immersion,300.0,4.0,air,Air headspace (sealed),0.2095,CQA_5_isomer,5-CQA (isomer purity),2,0.9998995708121269,0.9994289601055126,0.9999699057721788,0.0005409456666661816
ice_bath,Ice-bath immersion,300.0,4.0,air,Air headspace (sealed),0.2095,CQA_5_isomer,5-CQA (isomer purity),6,0.9998832534243125,0.9994228014924512,0.9999565319183473,0.0005337304258961062
ice_bath,Ice-bath immersion,300.0,4.0,air,Air headspace (sealed),0.2095,CQA_5_isomer,5-CQA (isomer purity),12,0.999856515326371,0.9994117763902497,0.9999391952140405,0.0005274188237908151
ice_bath,Ice-bath immersion,300.0,4.0,air,Air headspace (sealed),0.2095,CQA_5_isomer,5-CQA (isomer purity),24,0.9998133727971299,0.9993900907804294,0.9999099896810438,0.000519898900614435
ice_bath,Ice-bath immersion,300.0,4.0,air,Air headspace (sealed),0.2095,CQA_5_isomer,5-CQA (isomer purity),48,0.9997349098075525,0.9993193986277663,0.9998653660729562,0.0005459674451898655
ice_bath,Ice-bath immersion,300.0,4.0,air,Air headspace (sealed),0.2095,CQA_5_isomer,5-CQA (isomer purity),72,0.9996548927426864,0.9991831962437407,0.999830547838236,0.000647351594495249
plate_hx,"Plate heat exchanger, 10 s",10.0,4.0,air,Air headspace (sealed),0.2095,CQA_5_isomer,5-CQA (isomer purity),0,1.0,1.0,1.0,0.0
plate_hx,"Plate heat exchanger, 10 s",10.0,4.0,air,Air headspace (sealed),0.2095,CQA_5_isomer,5-CQA (isomer purity),2,0.9999903590197241,0.999976533009766,0.9999952338485246,1.8700838758656246e-05
plate_hx,"Plate heat exchanger, 10 s",10.0,4.0,air,Air headspace (sealed),0.2095,CQA_5_isomer,5-CQA (isomer purity),6,0.9999788246045107,0.9999473419294375,0.9999897987347088,4.245680527137363e-05
plate_hx,"Plate heat exchanger, 10 s",10.0,4.0,air,Air headspace (sealed),0.2095,CQA_5_isomer,5-CQA (isomer purity),12,0.9999631502729738,0.9998984257721556,0.9999829060517101,8.448027955454407e-05
plate_hx,"Plate heat exchanger, 10 s",10.0,4.0,air,Air headspace (sealed),0.2095,CQA_5_isomer,5-CQA (isomer purity),24,0.9999309674805423,0.9997974332326437,0.9999716592705128,0.0001742260378690963
plate_hx,"Plate heat exchanger, 10 s",10.0,4.0,air,Air headspace (sealed),0.2095,CQA_5_isomer,5-CQA (isomer purity),48,0.9998678081110465,0.9996010953017958,0.9999508006791579,0.0003497053773621195
plate_hx,"Plate heat exchanger, 10 s",10.0,4.0,air,Air headspace (sealed),0.2095,CQA_5_isomer,5-CQA (isomer purity),72,0.9998035056419322,0.9994040007905938,0.9999292843755204,0.0005252835849266502
ambient,Ambient bench cooling,1200.0,24.0,inert,"N2/Ar flush, <1 % O2",0.008,CQA_5_isomer,5-CQA (isomer purity),0,1.0,1.0,1.0,0.0
ambient,Ambient bench cooling,1200.0,24.0,inert,"N2/Ar flush, <1 % O2",0.008,CQA_5_isomer,5-CQA (isomer purity),2,0.9994603363628005,0.9970624302056987,0.9998529310436121,0.0027905008379133234
ambient,Ambient bench cooling,1200.0,24.0,inert,"N2/Ar flush, <1 % O2",0.008,CQA_5_isomer,5-CQA (isomer purity),6,0.9993412954368576,0.9969191988278844,0.9997856496189832,0.002866450791098818
ambient,Ambient bench cooling,1200.0,24.0,inert,"N2/Ar flush, <1 % O2",0.008,CQA_5_isomer,5-CQA (isomer purity),12,0.9991641383923806,0.9965982791222608,0.9996872166363333,0.003088937514072465
ambient,Ambient bench cooling,1200.0,24.0,inert,"N2/Ar flush, <1 % O2",0.008,CQA_5_isomer,5-CQA (isomer purity),24,0.9988142345847351,0.996258585019127,0.9994923643267232,0.003233779307596163
ambient,Ambient bench cooling,1200.0,24.0,inert,"N2/Ar flush, <1 % O2",0.008,CQA_5_isomer,5-CQA (isomer purity),48,0.9981288457527222,0.9952536970298398,0.9991431254597736,0.0038894284299337833
ambient,Ambient bench cooling,1200.0,24.0,inert,"N2/Ar flush, <1 % O2",0.008,CQA_5_isomer,5-CQA (isomer purity),72,0.9974670664278935,0.9940112939916629,0.9987905026111278,0.004779208619464903
cryo_plate,"LN2 cryo-plate, 1.5 s",1.5,4.0,inert,"N2/Ar flush, <1 % O2",0.008,CQA_5_isomer,5-CQA (isomer purity),0,1.0,1.0,1.0,0.0
cryo_plate,"LN2 cryo-plate, 1.5 s",1.5,4.0,inert,"N2/Ar flush, <1 % O2",0.008,CQA_5_isomer,5-CQA (isomer purity),2,0.9999948201415308,0.9999864993976061,0.999997883142604,1.1383744997872647e-05
cryo_plate,"LN2 cryo-plate, 1.5 s",1.5,4.0,inert,"N2/Ar flush, <1 % O2",0.008,CQA_5_isomer,5-CQA (isomer purity),6,0.9999857202296741,0.9999601369676001,0.999995013962962,3.4876995361865504e-05
cryo_plate,"LN2 cryo-plate, 1.5 s",1.5,4.0,inert,"N2/Ar flush, <1 % O2",0.008,CQA_5_isomer,5-CQA (isomer purity),12,0.9999719338718087,0.9999203549750937,0.9999909037758095,7.054880071577507e-05
cryo_plate,"LN2 cryo-plate, 1.5 s",1.5,4.0,inert,"N2/Ar flush, <1 % O2",0.008,CQA_5_isomer,5-CQA (isomer purity),24,0.9999447655995579,0.9998408070909891,0.9999833375033093,0.00014253041232015207
cryo_plate,"LN2 cryo-plate, 1.5 s",1.5,4.0,inert,"N2/Ar flush, <1 % O2",0.008,CQA_5_isomer,5-CQA (isomer purity),48,0.9998898341935013,0.9996817750956947,0.9999681437144021,0.00028636861870745545
cryo_plate,"LN2 cryo-plate, 1.5 s",1.5,4.0,inert,"N2/Ar flush, <1 % O2",0.008,CQA_5_isomer,5-CQA (isomer purity),72,0.9998349718949847,0.9995228269479188,0.9999530308957024,0.0004302039477835917
hot_thermos,"Hot hold, thermos 65 degC",120.0,65.0,inert,"N2/Ar flush, <1 % O2",0.008,CQA_5_isomer,5-CQA (isomer purity),0,1.0,1.0,1.0,0.0
hot_thermos,"Hot hold, thermos 65 degC",120.0,65.0,inert,"N2/Ar flush, <1 % O2",0.008,CQA_5_isomer,5-CQA (isomer purity),2,0.9964469051168732,0.979738752348837,0.9991984909933428,0.019459738644505786
hot_thermos,"Hot hold, thermos 65 degC",120.0,65.0,inert,"N2/Ar flush, <1 % O2",0.008,CQA_5_isomer,5-CQA (isomer purity),6,0.9895636949475449,0.9420348170066556,0.9976301955154506,0.055595378508795035
hot_thermos,"Hot hold, thermos 65 degC",120.0,65.0,inert,"N2/Ar flush, <1 % O2",0.008,CQA_5_isomer,5-CQA (isomer purity),12,0.9793776453314271,0.888454917680527,0.9952908569724331,0.10683593929190616
hot_thermos,"Hot hold, thermos 65 degC",120.0,65.0,inert,"N2/Ar flush, <1 % O2",0.008,CQA_5_isomer,5-CQA (isomer purity),24,0.959482810939796,0.7909549256413132,0.9906516364702956,0.19969671082898244
hot_thermos,"Hot hold, thermos 65 degC",120.0,65.0,inert,"N2/Ar flush, <1 % O2",0.008,CQA_5_isomer,5-CQA (isomer purity),48,0.9210856634592766,0.6282957063050228,0.9814979742120428,0.3532022679070199
hot_thermos,"Hot hold, thermos 65 degC",120.0,65.0,inert,"N2/Ar flush, <1 % O2",0.008,CQA_5_isomer,5-CQA (isomer purity),72,0.8844808350348938,0.49988412888286604,0.9724708599832927,0.4725867311004267
ice_bath,Ice-bath immersion,300.0,4.0,inert,"N2/Ar flush, <1 % O2",0.008,CQA_5_isomer,5-CQA (isomer purity),0,1.0,1.0,1.0,0.0
ice_bath,Ice-bath immersion,300.0,4.0,inert,"N2/Ar flush, <1 % O2",0.008,CQA_5_isomer,5-CQA (isomer purity),2,0.9999125124801718,0.9995079179995291,0.9999737715177919,0.0004658535182627821
ice_bath,Ice-bath immersion,300.0,4.0,inert,"N2/Ar flush, <1 % O2",0.008,CQA_5_isomer,5-CQA (isomer purity),6,0.9999003752193694,0.9995020521618079,0.9999642666548606,0.0004622144930527261
ice_bath,Ice-bath immersion,300.0,4.0,inert,"N2/Ar flush, <1 % O2",0.008,CQA_5_isomer,5-CQA (isomer purity),12,0.9998808245023142,0.999494264734711,0.9999495511854977,0.00045528645078662944
ice_bath,Ice-bath immersion,300.0,4.0,inert,"N2/Ar flush, <1 % O2",0.008,CQA_5_isomer,5-CQA (isomer purity),24,0.9998400033428625,0.9994716748865025,0.9999280253306125,0.0004563504441100763
ice_bath,Ice-bath immersion,300.0,4.0,inert,"N2/Ar flush, <1 % O2",0.008,CQA_5_isomer,5-CQA (isomer purity),48,0.9997673910987939,0.9993903836277909,0.9998948445072217,0.0005044608794307903
ice_bath,Ice-bath immersion,300.0,4.0,inert,"N2/Ar flush, <1 % O2",0.008,CQA_5_isomer,5-CQA (isomer purity),72,0.9997004538548158,0.9992821101678189,0.9998611862322618,0.0005790760644429627
plate_hx,"Plate heat exchanger, 10 s",10.0,4.0,inert,"N2/Ar flush, <1 % O2",0.008,CQA_5_isomer,5-CQA (isomer purity),0,1.0,1.0,1.0,0.0
plate_hx,"Plate heat exchanger, 10 s",10.0,4.0,inert,"N2/Ar flush, <1 % O2",0.008,CQA_5_isomer,5-CQA (isomer purity),2,0.9999917120634538,0.9999795737424293,0.9999961567229241,1.6582980494783683e-05
plate_hx,"Plate heat exchanger, 10 s",10.0,4.0,inert,"N2/Ar flush, <1 % O2",0.008,CQA_5_isomer,5-CQA (isomer purity),6,0.9999819421014206,0.9999572449438986,0.99999177829867,3.453335477143771e-05
plate_hx,"Plate heat exchanger, 10 s",10.0,4.0,inert,"N2/Ar flush, <1 % O2",0.008,CQA_5_isomer,5-CQA (isomer purity),12,0.9999686073178583,0.9999189570565732,0.9999866315916738,6.767453510059251e-05
plate_hx,"Plate heat exchanger, 10 s",10.0,4.0,inert,"N2/Ar flush, <1 % O2",0.008,CQA_5_isomer,5-CQA (isomer purity),24,0.9999419374210863,0.9998388584537508,0.9999771566707393,0.0001382982169885194
plate_hx,"Plate heat exchanger, 10 s",10.0,4.0,inert,"N2/Ar flush, <1 % O2",0.008,CQA_5_isomer,5-CQA (isomer purity),48,0.999886176876018,0.9996812791029892,0.9999621233491399,0.00028084424615071324
plate_hx,"Plate heat exchanger, 10 s",10.0,4.0,inert,"N2/Ar flush, <1 % O2",0.008,CQA_5_isomer,5-CQA (isomer purity),72,0.9998309693480478,0.9995223311245278,0.9999454410534169,0.00042310992888905385
ambient,Ambient bench cooling,1200.0,24.0,vacuum,Vacuum (50 mbar pull-down),0.010475,CQA_5_isomer,5-CQA (isomer purity),0,1.0,1.0,1.0,0.0
ambient,Ambient bench cooling,1200.0,24.0,vacuum,Vacuum (50 mbar pull-down),0.010475,CQA_5_isomer,5-CQA (isomer purity),2,0.9994555587420464,0.9970460833959519,0.9998520082762226,0.0028059248802706493
ambient,Ambient bench cooling,1200.0,24.0,vacuum,Vacuum (50 mbar pull-down),0.010475,CQA_5_isomer,5-CQA (isomer purity),6,0.9993372612676091,0.9969020017770708,0.9997843279734677,0.002882326196396945
ambient,Ambient bench cooling,1200.0,24.0,vacuum,Vacuum (50 mbar pull-down),0.010475,CQA_5_isomer,5-CQA (isomer purity),12,0.9991563287393777,0.9965854921376578,0.9996857728381039,0.003100280700446101
ambient,Ambient bench cooling,1200.0,24.0,vacuum,Vacuum (50 mbar pull-down),0.010475,CQA_5_isomer,5-CQA (isomer purity),24,0.9988070678057298,0.9962413552667194,0.9994893860932224,0.0032480308265029345
ambient,Ambient bench cooling,1200.0,24.0,vacuum,Vacuum (50 mbar pull-down),0.010475,CQA_5_isomer,5-CQA (isomer purity),48,0.9981280748823116,0.995238382009994,0.999133365871443,0.0038949838614489307
ambient,Ambient bench cooling,1200.0,24.0,vacuum,Vacuum (50 mbar pull-down),0.010475,CQA_5_isomer,5-CQA (isomer purity),72,0.9974513764012458,0.9939730705294588,0.9987824719592113,0.004809401429752502
cryo_plate,"LN2 cryo-plate, 1.5 s",1.5,4.0,vacuum,Vacuum (50 mbar pull-down),0.010475,CQA_5_isomer,5-CQA (isomer purity),0,1.0,1.0,1.0,0.0
cryo_plate,"LN2 cryo-plate, 1.5 s",1.5,4.0,vacuum,Vacuum (50 mbar pull-down),0.010475,CQA_5_isomer,5-CQA (isomer purity),2,0.9999947878832108,0.9999863790504289,0.9999978524488969,1.1473398468075935e-05
cryo_plate,"LN2 cryo-plate, 1.5 s",1.5,4.0,vacuum,Vacuum (50 mbar pull-down),0.010475,CQA_5_isomer,5-CQA (isomer purity),6,0.999985625464954,0.9999599342975671,0.9999949615988076,3.50273012404978e-05
cryo_plate,"LN2 cryo-plate, 1.5 s",1.5,4.0,vacuum,Vacuum (50 mbar pull-down),0.010475,CQA_5_isomer,5-CQA (isomer purity),12,0.9999718257527647,0.9999200171994869,0.9999908651330239,7.084793353706598e-05
cryo_plate,"LN2 cryo-plate, 1.5 s",1.5,4.0,vacuum,Vacuum (50 mbar pull-down),0.010475,CQA_5_isomer,5-CQA (isomer purity),24,0.9999443435458122,0.9998402363296921,0.9999831004032369,0.00014286407354480168
cryo_plate,"LN2 cryo-plate, 1.5 s",1.5,4.0,vacuum,Vacuum (50 mbar pull-down),0.010475,CQA_5_isomer,5-CQA (isomer purity),48,0.9998890719972012,0.9996808852039687,0.9999677000953531,0.0002868148913843793
cryo_plate,"LN2 cryo-plate, 1.5 s",1.5,4.0,vacuum,Vacuum (50 mbar pull-down),0.010475,CQA_5_isomer,5-CQA (isomer purity),72,0.9998339238606662,0.9995217341667166,0.9999521677098633,0.0004304335431466466
hot_thermos,"Hot hold, thermos 65 degC",120.0,65.0,vacuum,Vacuum (50 mbar pull-down),0.010475,CQA_5_isomer,5-CQA (isomer purity),0,1.0,1.0,1.0,0.0
hot_thermos,"Hot hold, thermos 65 degC",120.0,65.0,vacuum,Vacuum (50 mbar pull-down),0.010475,CQA_5_isomer,5-CQA (isomer purity),2,0.9964336960841697,0.9796290601365614,0.9991952858715277,0.019566225734966358
hot_thermos,"Hot hold, thermos 65 degC",120.0,65.0,vacuum,Vacuum (50 mbar pull-down),0.010475,CQA_5_isomer,5-CQA (isomer purity),6,0.9895273231504862,0.9417451183474332,0.9976212900346884,0.055876171687255116
hot_thermos,"Hot hold, thermos 65 degC",120.0,65.0,vacuum,Vacuum (50 mbar pull-down),0.010475,CQA_5_isomer,5-CQA (isomer purity),12,0.9792987453103874,0.8879604520519158,0.9952751669800319,0.10731471492811617
hot_thermos,"Hot hold, thermos 65 degC",120.0,65.0,vacuum,Vacuum (50 mbar pull-down),0.010475,CQA_5_isomer,5-CQA (isomer purity),24,0.9593383614157468,0.7902204039650614,0.9906267041901856,0.20040630022512418
hot_thermos,"Hot hold, thermos 65 degC",120.0,65.0,vacuum,Vacuum (50 mbar pull-down),0.010475,CQA_5_isomer,5-CQA (isomer purity),48,0.9209207737986832,0.6274486077324491,0.9814620824197354,0.3540134746872863
hot_thermos,"Hot hold, thermos 65 degC",120.0,65.0,vacuum,Vacuum (50 mbar pull-down),0.010475,CQA_5_isomer,5-CQA (isomer purity),72,0.8843521658030331,0.49911488952846705,0.9724302661953952,0.47331537666692813
ice_bath,Ice-bath immersion,300.0,4.0,vacuum,Vacuum (50 mbar pull-down),0.010475,CQA_5_isomer,5-CQA (isomer purity),0,1.0,1.0,1.0,0.0
ice_bath,Ice-bath immersion,300.0,4.0,vacuum,Vacuum (50 mbar pull-down),0.010475,CQA_5_isomer,5-CQA (isomer purity),2,0.9999119831046626,0.9995051864854353,0.9999735496579227,0.0004683631724874404
ice_bath,Ice-bath immersion,300.0,4.0,vacuum,Vacuum (50 mbar pull-down),0.010475,CQA_5_isomer,5-CQA (isomer purity),6,0.9998996350269573,0.9994992749862003,0.9999640101466085,0.00046473516040823615
ice_bath,Ice-bath immersion,300.0,4.0,vacuum,Vacuum (50 mbar pull-down),0.010475,CQA_5_isomer,5-CQA (isomer purity),12,0.9998803000406229,0.9994914496229222,0.9999493365989559,0.00045788697603366124
ice_bath,Ice-bath immersion,300.0,4.0,vacuum,Vacuum (50 mbar pull-down),0.010475,CQA_5_isomer,5-CQA (isomer purity),24,0.9998390800801843,0.9994696535347974,0.9999271819503665,0.0004575284155690085
ice_bath,Ice-bath immersion,300.0,4.0,vacuum,Vacuum (50 mbar pull-down),0.010475,CQA_5_isomer,5-CQA (isomer purity),48,0.9997658823503187,0.9993878961155674,0.9998934048177663,0.000505508702198898
ice_bath,Ice-bath immersion,300.0,4.0,vacuum,Vacuum (50 mbar pull-down),0.010475,CQA_5_isomer,5-CQA (isomer purity),72,0.9996991932956485,0.9992735508364644,0.9998591065367762,0.0005855557003118239
plate_hx,"Plate heat exchanger, 10 s",10.0,4.0,vacuum,Vacuum (50 mbar pull-down),0.010475,CQA_5_isomer,5-CQA (isomer purity),0,1.0,1.0,1.0,0.0
plate_hx,"Plate heat exchanger, 10 s",10.0,4.0,vacuum,Vacuum (50 mbar pull-down),0.010475,CQA_5_isomer,5-CQA (isomer purity),2,0.9999916819553143,0.999979407546305,0.9999960930362984,1.6685489993450986e-05
plate_hx,"Plate heat exchanger, 10 s",10.0,4.0,vacuum,Vacuum (50 mbar pull-down),0.010475,CQA_5_isomer,5-CQA (isomer purity),6,0.9999818757260543,0.9999572240177315,0.9999916983830108,3.447436527936887e-05
plate_hx,"Plate heat exchanger, 10 s",10.0,4.0,vacuum,Vacuum (50 mbar pull-down),0.010475,CQA_5_isomer,5-CQA (isomer purity),12,0.9999683917190525,0.9999182287420663,0.9999865210792878,6.82923372214983e-05
plate_hx,"Plate heat exchanger, 10 s",10.0,4.0,vacuum,Vacuum (50 mbar pull-down),0.010475,CQA_5_isomer,5-CQA (isomer purity),24,0.9999415858885182,0.9998384060891596,0.9999768805305996,0.0001384744414399952
plate_hx,"Plate heat exchanger, 10 s",10.0,4.0,vacuum,Vacuum (50 mbar pull-down),0.010475,CQA_5_isomer,5-CQA (isomer purity),48,0.9998854352144785,0.9996800665366449,0.9999617798298481,0.0002817132932032562
plate_hx,"Plate heat exchanger, 10 s",10.0,4.0,vacuum,Vacuum (50 mbar pull-down),0.010475,CQA_5_isomer,5-CQA (isomer purity),72,0.9998301990139523,0.9995209916989896,0.999944471394064,0.0004234796950743913
ambient,Ambient bench cooling,1200.0,24.0,air,Air headspace (sealed),0.2095,FFT_2_furfurylthiol,2-furfurylthiol (roasty),0,0.9943872475282526,0.9943872475282526,0.9943872475282526,0.0
ambient,Ambient bench cooling,1200.0,24.0,air,Air headspace (sealed),0.2095,FFT_2_furfurylthiol,2-furfurylthiol (roasty),2,0.0493773711911665,8.883148204603815e-05,0.3336646238875124,0.33357579240546636
ambient,Ambient bench cooling,1200.0,24.0,air,Air headspace (sealed),0.2095,FFT_2_furfurylthiol,2-furfurylthiol (roasty),6,0.008073253859199058,3.2708906946136396e-06,0.11125162652115006,0.11124835563045544
ambient,Ambient bench cooling,1200.0,24.0,air,Air headspace (sealed),0.2095,FFT_2_furfurylthiol,2-furfurylthiol (roasty),12,0.0006114355236821285,1.1116841200844e-08,0.02397150080024387,0.02397148968340267
ambient,Ambient bench cooling,1200.0,24.0,air,Air headspace (sealed),0.2095,FFT_2_furfurylthiol,2-furfurylthiol (roasty),24,3.50128238189421e-06,2.1168672430961346e-12,0.0016535046432778692,0.001653504641161002
ambient,Ambient bench cooling,1200.0,24.0,air,Air headspace (sealed),0.2095,FFT_2_furfurylthiol,2-furfurylthiol (roasty),48,2.476298606128589e-10,7.363192138757347e-21,1.195413667002687e-05,1.1954136670026863e-05
ambient,Ambient bench cooling,1200.0,24.0,air,Air headspace (sealed),0.2095,FFT_2_furfurylthiol,2-furfurylthiol (roasty),72,4.290459029696846e-14,8.214969200033248e-29,1.1176950239354361e-07,1.1176950239354361e-07
cryo_plate,"LN2 cryo-plate, 1.5 s",1.5,4.0,air,Air headspace (sealed),0.2095,FFT_2_furfurylthiol,2-furfurylthiol (roasty),0,0.9984859557242122,0.9984859557242122,0.9984859557242122,0.0
cryo_plate,"LN2 cryo-plate, 1.5 s",1.5,4.0,air,Air headspace (sealed),0.2095,FFT_2_furfurylthiol,2-furfurylthiol (roasty),2,0.8267507944610135,0.6157328874599169,0.92755918387534,0.31182629641542303
cryo_plate,"LN2 cryo-plate, 1.5 s",1.5,4.0,air,Air headspace (sealed),0.2095,FFT_2_furfurylthiol,2-furfurylthiol (roasty),6,0.5714714629075112,0.23504140348170094,0.8099538196284081,0.5749124161467072
cryo_plate,"LN2 cryo-plate, 1.5 s",1.5,4.0,air,Air headspace (sealed),0.2095,FFT_2_furfurylthiol,2-furfurylthiol (roasty),12,0.32892853205330486,0.05589507814987347,0.6595636242082138,0.6036685460583403
cryo_plate,"LN2 cryo-plate, 1.5 s",1.5,4.0,air,Air headspace (sealed),0.2095,FFT_2_furfurylthiol,2-furfurylthiol (roasty),24,0.1100361880965779,0.0032557998074986667,0.43894400927815674,0.43568820947065806
cryo_plate,"LN2 cryo-plate, 1.5 s",1.5,4.0,air,Air headspace (sealed),0.2095,FFT_2_furfurylthiol,2-furfurylthiol (roasty),48,0.012793271532298558,1.2405102396166267e-05,0.1971673187589451,0.19715491365654894
cryo_plate,"LN2 cryo-plate, 1.5 s",1.5,4.0,air,Air headspace (sealed),0.2095,FFT_2_furfurylthiol,2-furfurylthiol (roasty),72,0.0015629814438226847,5.493311086595355e-08,0.09019873063339941,0.09019867570028854
hot_thermos,"Hot hold, thermos 65 degC",120.0,65.0,air,Air headspace (sealed),0.2095,FFT_2_furfurylthiol,2-furfurylthiol (roasty),0,0.9511393835491152,0.9511393835491152,0.9511393835491152,0.0
hot_thermos,"Hot hold, thermos 65 degC",120.0,65.0,air,Air headspace (sealed),0.2095,FFT_2_furfurylthiol,2-furfurylthiol (roasty),2,5.327555163301025e-07,7.322399769914309e-26,0.028305049230735433,0.028305049230735433
hot_thermos,"Hot hold, thermos 65 degC",120.0,65.0,air,Air headspace (sealed),0.2095,FFT_2_furfurylthiol,2-furfurylthiol (roasty),6,4.227122724088321e-18,1.3091031317547576e-70,5.0120479985510804e-05,5.0120479985510804e-05
hot_thermos,"Hot hold, thermos 65 degC",120.0,65.0,air,Air headspace (sealed),0.2095,FFT_2_furfurylthiol,2-furfurylthiol (roasty),12,2.773577460715698e-32,6.527565472291713e-129,1.0488622656701192e-08,1.0488622656701192e-08
hot_thermos,"Hot hold, thermos 65 degC",120.0,65.0,air,Air headspace (sealed),0.2095,FFT_2_furfurylthiol,2-furfurylthiol (roasty),24,5.016903969518422e-56,7.38407653369937e-223,6.960967072954585e-14,6.960967072954585e-14
hot_thermos,"Hot hold, thermos 65 degC",120.0,65.0,air,Air headspace (sealed),0.2095,FFT_2_furfurylthiol,2-furfurylthiol (roasty),48,9.292310239031275e-88,0.0,9.11400143239836e-22,9.11400143239836e-22
hot_thermos,"Hot hold, thermos 65 degC",120.0,65.0,air,Air headspace (sealed),0.2095,FFT_2_furfurylthiol,2-furfurylthiol (roasty),72,2.781865888269693e-111,0.0,8.902860572988973e-28,8.902860572988973e-28
ice_bath,Ice-bath immersion,300.0,4.0,air,Air headspace (sealed),0.2095,FFT_2_furfurylthiol,2-furfurylthiol (roasty),0,0.9984859557242122,0.9984859557242122,0.9984859557242122,0.0
ice_bath,Ice-bath immersion,300.0,4.0,air,Air headspace (sealed),0.2095,FFT_2_furfurylthiol,2-furfurylthiol (roasty),2,0.548457094672824,0.2061215212865406,0.7456418278942906,0.53952030660775
ice_bath,Ice-bath immersion,300.0,4.0,air,Air headspace (sealed),0.2095,FFT_2_furfurylthiol,2-furfurylthiol (roasty),6,0.3638720548234856,0.09868296980449835,0.5999874014117711,0.5013044316072728
ice_bath,Ice-bath immersion,300.0,4.0,air,Air headspace (sealed),0.2095,FFT_2_furfurylthiol,2-furfurylthiol (roasty),12,0.200019982631502,0.03352205096552746,0.4550370991891751,0.42151504822364766
ice_bath,Ice-bath immersion,300.0,4.0,air,Air headspace (sealed),0.2095,FFT_2_furfurylthiol,2-furfurylthiol (roasty),24,0.06564083816101968,0.0025716092628675605,0.266739299437134,0.26416769017426645
ice_bath,Ice-bath immersion,300.0,4.0,air,Air headspace (sealed),0.2095,FFT_2_furfurylthiol,2-furfurylthiol (roasty),48,0.007653320831768751,9.783829623099605e-06,0.10873122641143365,0.10872144258181055
ice_bath,Ice-bath immersion,300.0,4.0,air,Air headspace (sealed),0.2095,FFT_2_furfurylthiol,2-furfurylthiol (roasty),72,0.0009154980499091532,4.2082648383265316e-08,0.046868366778733815,0.046868324696085435
plate_hx,"Plate heat exchanger, 10 s",10.0,4.0,air,Air headspace (sealed),0.2095,FFT_2_furfurylthiol,2-furfurylthiol (roasty),0,0.9984859557242122,0.9984859557242122,0.9984859557242122,0.0
plate_hx,"Plate heat exchanger, 10 s",10.0,4.0,air,Air headspace (sealed),0.2095,FFT_2_furfurylthiol,2-furfurylthiol (roasty),2,0.8162572074045158,0.6126059282753904,0.915519929678203,0.30291400140281255
plate_hx,"Plate heat exchanger, 10 s",10.0,4.0,air,Air headspace (sealed),0.2095,FFT_2_furfurylthiol,2-furfurylthiol (roasty),6,0.5626124144547173,0.23349004643107607,0.7932798067193002,0.5597897602882241
plate_hx,"Plate heat exchanger, 10 s",10.0,4.0,air,Air headspace (sealed),0.2095,FFT_2_furfurylthiol,2-furfurylthiol (roasty),12,0.3228324395847513,0.055471694873002846,0.6404686049525998,0.584996910079597
plate_hx,"Plate heat exchanger, 10 s",10.0,4.0,air,Air headspace (sealed),0.2095,FFT_2_furfurylthiol,2-furfurylthiol (roasty),24,0.10830162406102621,0.003248602435033042,0.4265828743141382,0.42333427187910516
plate_hx,"Plate heat exchanger, 10 s",10.0,4.0,air,Air headspace (sealed),0.2095,FFT_2_furfurylthiol,2-furfurylthiol (roasty),48,0.012608763782017078,1.2380664457591201e-05,0.194115134474424,0.19410275380996642
plate_hx,"Plate heat exchanger, 10 s",10.0,4.0,air,Air headspace (sealed),0.2095,FFT_2_furfurylthiol,2-furfurylthiol (roasty),72,0.0015404504662595603,5.32663828253341e-08,0.08880521751919632,0.0888051642528135
ambient,Ambient bench cooling,1200.0,24.0,inert,"N2/Ar flush, <1 % O2",0.008,FFT_2_furfurylthiol,2-furfurylthiol (roasty),0,0.9776907524478845,0.9776907524478845,0.9776907524478845,0.0
ambient,Ambient bench cooling,1200.0,24.0,inert,"N2/Ar flush, <1 % O2",0.008,FFT_2_furfurylthiol,2-furfurylthiol (roasty),2,0.3196448567579411,0.018890920954025753,0.7209381958713066,0.7020472749172808
ambient,Ambient bench cooling,1200.0,24.0,inert,"N2/Ar flush, <1 % O2",0.008,FFT_2_furfurylthiol,2-furfurylthiol (roasty),6,0.16467285926053726,0.0043837882291640606,0.5568821217714927,0.5524983335423286
ambient,Ambient bench cooling,1200.0,24.0,inert,"N2/Ar flush, <1 % O2",0.008,FFT_2_furfurylthiol,2-furfurylthiol (roasty),12,0.07171466508838939,0.0003137242084627661,0.3885205252433787,0.38820680103491595
ambient,Ambient bench cooling,1200.0,24.0,inert,"N2/Ar flush, <1 % O2",0.008,FFT_2_furfurylthiol,2-furfurylthiol (roasty),24,0.01057762163371297,8.746900279525361e-06,0.18455822441775135,0.18454947751747183
ambient,Ambient bench cooling,1200.0,24.0,inert,"N2/Ar flush, <1 % O2",0.008,FFT_2_furfurylthiol,2-furfurylthiol (roasty),48,0.00026324677801183147,2.3784986965493834e-09,0.045484312786117406,0.04548431040761871
ambient,Ambient bench cooling,1200.0,24.0,inert,"N2/Ar flush, <1 % O2",0.008,FFT_2_furfurylthiol,2-furfurylthiol (roasty),72,7.971971987536633e-06,9.724198503018003e-13,0.012629027475083194,0.012629027474110774
cryo_plate,"LN2 cryo-plate, 1.5 s",1.5,4.0,inert,"N2/Ar flush, <1 % O2",0.008,FFT_2_furfurylthiol,2-furfurylthiol (roasty),0,0.9939541383762407,0.9939541383762407,0.9939541383762407,0.0
cryo_plate,"LN2 cryo-plate, 1.5 s",1.5,4.0,inert,"N2/Ar flush, <1 % O2",0.008,FFT_2_furfurylthiol,2-furfurylthiol (roasty),2,0.9394412664018437,0.8488106735432921,0.9740181696873128,0.1252074961440207
cryo_plate,"LN2 cryo-plate, 1.5 s",1.5,4.0,inert,"N2/Ar flush, <1 % O2",0.008,FFT_2_furfurylthiol,2-furfurylthiol (roasty),6,0.8407936964259792,0.6194680754208807,0.9368972582062697,0.317429182785389
cryo_plate,"LN2 cryo-plate, 1.5 s",1.5,4.0,inert,"N2/Ar flush, <1 % O2",0.008,FFT_2_furfurylthiol,2-furfurylthiol (roasty),12,0.7118083982134479,0.38646014414866836,0.8835073002219287,0.49704715607326033
cryo_plate,"LN2 cryo-plate, 1.5 s",1.5,4.0,inert,"N2/Ar flush, <1 % O2",0.008,FFT_2_furfurylthiol,2-furfurylthiol (roasty),24,0.5104907629096602,0.15074779263844465,0.7861522053249128,0.6354044126864682
cryo_plate,"LN2 cryo-plate, 1.5 s",1.5,4.0,inert,"N2/Ar flush, <1 % O2",0.008,FFT_2_furfurylthiol,2-furfurylthiol (roasty),48,0.2636484555467187,0.0231406726623206,0.6239078757124632,0.6007672030501426
cryo_plate,"LN2 cryo-plate, 1.5 s",1.5,4.0,inert,"N2/Ar flush, <1 % O2",0.008,FFT_2_furfurylthiol,2-furfurylthiol (roasty),72,0.13654792607358462,0.003593107692306569,0.4966591000036053,0.4930659923112987
hot_thermos,"Hot hold, thermos 65 degC",120.0,65.0,inert,"N2/Ar flush, <1 % O2",0.008,FFT_2_furfurylthiol,2-furfurylthiol (roasty),0,0.8152939864269548,0.8152939864269548,0.8152939864269548,0.0
hot_thermos,"Hot hold, thermos 65 degC",120.0,65.0,inert,"N2/Ar flush, <1 % O2",0.008,FFT_2_furfurylthiol,2-furfurylthiol (roasty),2,0.003951320578716382,7.001049242310839e-12,0.2652635031960902,0.26526350318908914
hot_thermos,"Hot hold, thermos 65 degC",120.0,65.0,inert,"N2/Ar flush, <1 % O2",0.008,FFT_2_furfurylthiol,2-furfurylthiol (roasty),6,1.3550888623802982e-07,1.9425251443936927e-33,0.03214496566510197,0.03214496566510197
hot_thermos,"Hot hold, thermos 65 degC",120.0,65.0,inert,"N2/Ar flush, <1 % O2",0.008,FFT_2_furfurylthiol,2-furfurylthiol (roasty),12,4.66731951769053e-14,1.7458105696135434e-65,0.0019062381780267578,0.0019062381780267578
hot_thermos,"Hot hold, thermos 65 degC",120.0,65.0,inert,"N2/Ar flush, <1 % O2",0.008,FFT_2_furfurylthiol,2-furfurylthiol (roasty),24,1.2095467832200829e-26,7.307204540739257e-129,9.248447859208458e-06,9.248447859208458e-06
hot_thermos,"Hot hold, thermos 65 degC",120.0,65.0,inert,"N2/Ar flush, <1 % O2",0.008,FFT_2_furfurylthiol,2-furfurylthiol (roasty),48,1.1293872332718306e-49,1.8151532266354657e-252,4.913773870285855e-10,4.913773870285855e-10
hot_thermos,"Hot hold, thermos 65 degC",120.0,65.0,inert,"N2/Ar flush, <1 % O2",0.008,FFT_2_furfurylthiol,2-furfurylthiol (roasty),72,1.040601832208148e-72,0.0,3.8516585939428e-14,3.8516585939428e-14
ice_bath,Ice-bath immersion,300.0,4.0,inert,"N2/Ar flush, <1 % O2",0.008,FFT_2_furfurylthiol,2-furfurylthiol (roasty),0,0.9939541383762407,0.9939541383762407,0.9939541383762407,0.0
ice_bath,Ice-bath immersion,300.0,4.0,inert,"N2/Ar flush, <1 % O2",0.008,FFT_2_furfurylthiol,2-furfurylthiol (roasty),2,0.8015407993480541,0.49516718634832346,0.924909835235708,0.42974264888738456
ice_bath,Ice-bath immersion,300.0,4.0,inert,"N2/Ar flush, <1 % O2",0.008,FFT_2_furfurylthiol,2-furfurylthiol (roasty),6,0.693796732761073,0.37653661603816374,0.8763511908757072,0.4998145748375435
ice_bath,Ice-bath immersion,300.0,4.0,inert,"N2/Ar flush, <1 % O2",0.008,FFT_2_furfurylthiol,2-furfurylthiol (roasty),12,0.5793625653018281,0.25392673882801053,0.8102995482938253,0.5563728094658148
ice_bath,Ice-bath immersion,300.0,4.0,inert,"N2/Ar flush, <1 % O2",0.008,FFT_2_furfurylthiol,2-furfurylthiol (roasty),24,0.4096404722248963,0.11765795697265086,0.7193842598810266,0.6017263029083757
ice_bath,Ice-bath immersion,300.0,4.0,inert,"N2/Ar flush, <1 % O2",0.008,FFT_2_furfurylthiol,2-furfurylthiol (roasty),48,0.21209721528561676,0.017813453313086234,0.5620150463594272,0.544201593046341
ice_bath,Ice-bath immersion,300.0,4.0,inert,"N2/Ar flush, <1 % O2",0.008,FFT_2_furfurylthiol,2-furfurylthiol (roasty),72,0.10852172954953132,0.0029618675451102377,0.4430225281014853,0.44006066055637505
plate_hx,"Plate heat exchanger, 10 s",10.0,4.0,inert,"N2/Ar flush, <1 % O2",0.008,FFT_2_furfurylthiol,2-furfurylthiol (roasty),0,0.9939541383762407,0.9939541383762407,0.9939541383762407,0.0
plate_hx,"Plate heat exchanger, 10 s",10.0,4.0,inert,"N2/Ar flush, <1 % O2",0.008,FFT_2_furfurylthiol,2-furfurylthiol (roasty),2,0.9346135700509571,0.8449645116138399,0.9716457227020209,0.12668121108818098
plate_hx,"Plate heat exchanger, 10 s",10.0,4.0,inert,"N2/Ar flush, <1 % O2",0.008,FFT_2_furfurylthiol,2-furfurylthiol (roasty),6,0.8365849020112176,0.6182888571507209,0.9338656630690024,0.3155768059182815
plate_hx,"Plate heat exchanger, 10 s",10.0,4.0,inert,"N2/Ar flush, <1 % O2",0.008,FFT_2_furfurylthiol,2-furfurylthiol (roasty),12,0.7085711556640075,0.3857260084663078,0.8801202375680465,0.4943942291017387
plate_hx,"Plate heat exchanger, 10 s",10.0,4.0,inert,"N2/Ar flush, <1 % O2",0.008,FFT_2_furfurylthiol,2-furfurylthiol (roasty),24,0.5084544859937215,0.1504626013804387,0.7849624724398998,0.6344998710594612
plate_hx,"Plate heat exchanger, 10 s",10.0,4.0,inert,"N2/Ar flush, <1 % O2",0.008,FFT_2_furfurylthiol,2-furfurylthiol (roasty),48,0.26282970070271794,0.02309724470035287,0.6229839114915238,0.5998866667911709
plate_hx,"Plate heat exchanger, 10 s",10.0,4.0,inert,"N2/Ar flush, <1 % O2",0.008,FFT_2_furfurylthiol,2-furfurylthiol (roasty),72,0.13610270749810846,0.003586416943642344,0.4959256580465194,0.492339241102877
ambient,Ambient bench cooling,1200.0,24.0,vacuum,Vacuum (50 mbar pull-down),0.010475,FFT_2_furfurylthiol,2-furfurylthiol (roasty),0,0.6726469436551004,0.6726469436551004,0.6726469436551004,0.0
ambient,Ambient bench cooling,1200.0,24.0,vacuum,Vacuum (50 mbar pull-down),0.010475,FFT_2_furfurylthiol,2-furfurylthiol (roasty),2,0.20958888131654047,0.011377935504546022,0.4823278031301216,0.47094986762557556
ambient,Ambient bench cooling,1200.0,24.0,vacuum,Vacuum (50 mbar pull-down),0.010475,FFT_2_furfurylthiol,2-furfurylthiol (roasty),6,0.10527588840165676,0.002540685735333457,0.35964706749800374,0.3571063817626703
ambient,Ambient bench cooling,1200.0,24.0,vacuum,Vacuum (50 mbar pull-down),0.010475,FFT_2_furfurylthiol,2-furfurylthiol (roasty),12,0.04389896088820383,0.00016416325551591146,0.24523586843669262,0.2450717051811767
ambient,Ambient bench cooling,1200.0,24.0,vacuum,Vacuum (50 mbar pull-down),0.010475,FFT_2_furfurylthiol,2-furfurylthiol (roasty),24,0.0060182890463494655,4.858951477723304e-06,0.11188224207705728,0.11187738312557956
ambient,Ambient bench cooling,1200.0,24.0,vacuum,Vacuum (50 mbar pull-down),0.010475,FFT_2_furfurylthiol,2-furfurylthiol (roasty),48,0.00013351104183737336,1.049764633874995e-09,0.02536740334407742,0.025367402294312787
ambient,Ambient bench cooling,1200.0,24.0,vacuum,Vacuum (50 mbar pull-down),0.010475,FFT_2_furfurylthiol,2-furfurylthiol (roasty),72,3.479277303875601e-06,3.4663241186946455e-13,0.0064789347119922945,0.006478934711645662
cryo_plate,"LN2 cryo-plate, 1.5 s",1.5,4.0,vacuum,Vacuum (50 mbar pull-down),0.010475,FFT_2_furfurylthiol,2-furfurylthiol (roasty),0,0.9053248404609731,0.9053248404609731,0.9053248404609731,0.0
cryo_plate,"LN2 cryo-plate, 1.5 s",1.5,4.0,vacuum,Vacuum (50 mbar pull-down),0.010475,FFT_2_furfurylthiol,2-furfurylthiol (roasty),2,0.8527696744537067,0.7675846666618317,0.8859579530416682,0.11837328637983657
cryo_plate,"LN2 cryo-plate, 1.5 s",1.5,4.0,vacuum,Vacuum (50 mbar pull-down),0.010475,FFT_2_furfurylthiol,2-furfurylthiol (roasty),6,0.7581819409480923,0.5522958841539325,0.849217035889386,0.2969211517354535
cryo_plate,"LN2 cryo-plate, 1.5 s",1.5,4.0,vacuum,Vacuum (50 mbar pull-down),0.010475,FFT_2_furfurylthiol,2-furfurylthiol (roasty),12,0.6365450178135033,0.3373815247647622,0.7981854451151007,0.4608039203503385
cryo_plate,"LN2 cryo-plate, 1.5 s",1.5,4.0,vacuum,Vacuum (50 mbar pull-down),0.010475,FFT_2_furfurylthiol,2-furfurylthiol (roasty),24,0.44868536059756153,0.12629271953702198,0.7083100920811994,0.5820173725441775
cryo_plate,"LN2 cryo-plate, 1.5 s",1.5,4.0,vacuum,Vacuum (50 mbar pull-down),0.010475,FFT_2_furfurylthiol,2-furfurylthiol (roasty),48,0.2240793658653755,0.01791555175930294,0.5561934590919361,0.5382779073326331
cryo_plate,"LN2 cryo-plate, 1.5 s",1.5,4.0,vacuum,Vacuum (50 mbar pull-down),0.010475,FFT_2_furfurylthiol,2-furfurylthiol (roasty),72,0.11265818215240661,0.002582293629989421,0.4380019107454827,0.4354196171154933
hot_thermos,"Hot hold, thermos 65 degC",120.0,65.0,vacuum,Vacuum (50 mbar pull-down),0.010475,FFT_2_furfurylthiol,2-furfurylthiol (roasty),0,0.016594988478877176,0.016594988478877176,0.016594988478877176,0.0
hot_thermos,"Hot hold, thermos 65 degC",120.0,65.0,vacuum,Vacuum (50 mbar pull-down),0.010475,FFT_2_furfurylthiol,2-furfurylthiol (roasty),2,6.689669931537757e-05,1.1008127945634387e-13,0.005062674792027969,0.005062674791917888
hot_thermos,"Hot hold, thermos 65 degC",120.0,65.0,vacuum,Vacuum (50 mbar pull-down),0.010475,FFT_2_furfurylthiol,2-furfurylthiol (roasty),6,1.7349062196347678e-09,1.983726148129693e-35,0.0005202070660963475,0.0005202070660963475
hot_thermos,"Hot hold, thermos 65 degC",120.0,65.0,vacuum,Vacuum (50 mbar pull-down),0.010475,FFT_2_furfurylthiol,2-furfurylthiol (roasty),12,3.811263727068071e-16,1.0653529240558076e-67,2.2799626781555144e-05,2.2799626781555144e-05
hot_thermos,"Hot hold, thermos 65 degC",120.0,65.0,vacuum,Vacuum (50 mbar pull-down),0.010475,FFT_2_furfurylthiol,2-furfurylthiol (roasty),24,7.786874093515989e-29,2.2320547533588314e-131,1.0030640611538562e-07,1.0030640611538562e-07
hot_thermos,"Hot hold, thermos 65 degC",120.0,65.0,vacuum,Vacuum (50 mbar pull-down),0.010475,FFT_2_furfurylthiol,2-furfurylthiol (roasty),48,2.078499943937815e-52,1.4131315288786012e-256,5.631981668141092e-12,5.631981668141092e-12
hot_thermos,"Hot hold, thermos 65 degC",120.0,65.0,vacuum,Vacuum (50 mbar pull-down),0.010475,FFT_2_furfurylthiol,2-furfurylthiol (roasty),72,2.8708080311629934e-75,0.0,4.299447639853528e-16,4.299447639853528e-16
ice_bath,Ice-bath immersion,300.0,4.0,vacuum,Vacuum (50 mbar pull-down),0.010475,FFT_2_furfurylthiol,2-furfurylthiol (roasty),0,0.9053248404609731,0.9053248404609731,0.9053248404609731,0.0
ice_bath,Ice-bath immersion,300.0,4.0,vacuum,Vacuum (50 mbar pull-down),0.010475,FFT_2_furfurylthiol,2-furfurylthiol (roasty),2,0.7252590487180737,0.44332319693627364,0.8384883025356576,0.395165105599384
ice_bath,Ice-bath immersion,300.0,4.0,vacuum,Vacuum (50 mbar pull-down),0.010475,FFT_2_furfurylthiol,2-furfurylthiol (roasty),6,0.6224778776177327,0.3347440277082437,0.7925713069852731,0.45782727927702943
ice_bath,Ice-bath immersion,300.0,4.0,vacuum,Vacuum (50 mbar pull-down),0.010475,FFT_2_furfurylthiol,2-furfurylthiol (roasty),12,0.5116163267221071,0.22440407197366175,0.7262495645830731,0.5018454926094114
ice_bath,Ice-bath immersion,300.0,4.0,vacuum,Vacuum (50 mbar pull-down),0.010475,FFT_2_furfurylthiol,2-furfurylthiol (roasty),24,0.35896039541134095,0.0988347119945418,0.6334014041186562,0.5345666921241143
ice_bath,Ice-bath immersion,300.0,4.0,vacuum,Vacuum (50 mbar pull-down),0.010475,FFT_2_furfurylthiol,2-furfurylthiol (roasty),48,0.17989635754697705,0.013527576675688616,0.48475396557595235,0.47122638890026375
ice_bath,Ice-bath immersion,300.0,4.0,vacuum,Vacuum (50 mbar pull-down),0.010475,FFT_2_furfurylthiol,2-furfurylthiol (roasty),72,0.08975522594907553,0.0022594040142861448,0.3707118760397189,0.36845247202543274
plate_hx,"Plate heat exchanger, 10 s",10.0,4.0,vacuum,Vacuum (50 mbar pull-down),0.010475,FFT_2_furfurylthiol,2-furfurylthiol (roasty),0,0.9053248404609731,0.9053248404609731,0.9053248404609731,0.0
plate_hx,"Plate heat exchanger, 10 s",10.0,4.0,vacuum,Vacuum (50 mbar pull-down),0.010475,FFT_2_furfurylthiol,2-furfurylthiol (roasty),2,0.8486164450626615,0.7656147757620069,0.8828125553470549,0.11719777958504807
plate_hx,"Plate heat exchanger, 10 s",10.0,4.0,vacuum,Vacuum (50 mbar pull-down),0.010475,FFT_2_furfurylthiol,2-furfurylthiol (roasty),6,0.7547817585884489,0.5509122526354474,0.8460658490979236,0.2951535964624762
plate_hx,"Plate heat exchanger, 10 s",10.0,4.0,vacuum,Vacuum (50 mbar pull-down),0.010475,FFT_2_furfurylthiol,2-furfurylthiol (roasty),12,0.6324256314983681,0.3366407756858086,0.7951186340155374,0.4584778583297288
plate_hx,"Plate heat exchanger, 10 s",10.0,4.0,vacuum,Vacuum (50 mbar pull-down),0.010475,FFT_2_furfurylthiol,2-furfurylthiol (roasty),24,0.44439327600426365,0.1260169555046523,0.7005943484010967,0.5745773928964444
plate_hx,"Plate heat exchanger, 10 s",10.0,4.0,vacuum,Vacuum (50 mbar pull-down),0.010475,FFT_2_furfurylthiol,2-furfurylthiol (roasty),48,0.2216048770719683,0.01787684873193162,0.5452302708394633,0.5273534221075317
plate_hx,"Plate heat exchanger, 10 s",10.0,4.0,vacuum,Vacuum (50 mbar pull-down),0.010475,FFT_2_furfurylthiol,2-furfurylthiol (roasty),72,0.11140496595176819,0.002576772215118384,0.4258859648576013,0.4233091926424829
ambient,Ambient bench cooling,1200.0,24.0,air,Air headspace (sealed),0.2095,Lipid_integrity,Lipid integrity (anti-rancid),0,1.0,1.0,1.0,0.0
ambient,Ambient bench cooling,1200.0,24.0,air,Air headspace (sealed),0.2095,Lipid_integrity,Lipid integrity (anti-rancid),2,0.9963846418278193,0.9858643743650688,0.9990248276386904,0.013160453273621586
ambient,Ambient bench cooling,1200.0,24.0,air,Air headspace (sealed),0.2095,Lipid_integrity,Lipid integrity (anti-rancid),6,0.9927697200735679,0.9755033455427717,0.9977789428855451,0.0222755973427734
ambient,Ambient bench cooling,1200.0,24.0,air,Air headspace (sealed),0.2095,Lipid_integrity,Lipid integrity (anti-rancid),12,0.9880191562109644,0.9634070173632839,0.9962587580291098,0.03285174066582586
ambient,Ambient bench cooling,1200.0,24.0,air,Air headspace (sealed),0.2095,Lipid_integrity,Lipid integrity (anti-rancid),24,0.9788666181933353,0.9395656526421993,0.9933420874446881,0.05377643480248884
ambient,Ambient bench cooling,1200.0,24.0,air,Air headspace (sealed),0.2095,Lipid_integrity,Lipid integrity (anti-rancid),48,0.9626048977561699,0.8987742976766021,0.9885998428256808,0.0898255451490787
ambient,Ambient bench cooling,1200.0,24.0,air,Air headspace (sealed),0.2095,Lipid_integrity,Lipid integrity (anti-rancid),72,0.948711800616286,0.8642869738205685,0.9842717179775642,0.11998474415699567
cryo_plate,"LN2 cryo-plate, 1.5 s",1.5,4.0,air,Air headspace (sealed),0.2095,Lipid_integrity,Lipid integrity (anti-rancid),0,1.0,1.0,1.0,0.0
cryo_plate,"LN2 cryo-plate, 1.5 s",1.5,4.0,air,Air headspace (sealed),0.2095,Lipid_integrity,Lipid integrity (anti-rancid),2,0.9994545288689269,0.9980636763935264,0.9998785967271164,0.0018149203335899866
cryo_plate,"LN2 cryo-plate, 1.5 s",1.5,4.0,air,Air headspace (sealed),0.2095,Lipid_integrity,Lipid integrity (anti-rancid),6,0.9983714644848803,0.9942267349595322,0.9996386354310743,0.005411900471542164
cryo_plate,"LN2 cryo-plate, 1.5 s",1.5,4.0,air,Air headspace (sealed),0.2095,Lipid_integrity,Lipid integrity (anti-rancid),12,0.9967639532853486,0.9885519902206623,0.9992821238483418,0.010730133627679495
cryo_plate,"LN2 cryo-plate, 1.5 s",1.5,4.0,air,Air headspace (sealed),0.2095,Lipid_integrity,Lipid integrity (anti-rancid),24,0.9936072361387314,0.9774855488265558,0.9985812641888444,0.021095715362288603
cryo_plate,"LN2 cryo-plate, 1.5 s",1.5,4.0,air,Air headspace (sealed),0.2095,Lipid_integrity,Lipid integrity (anti-rancid),48,0.9875195789540654,0.9564313508867768,0.9972268154394013,0.040795464552624505
cryo_plate,"LN2 cryo-plate, 1.5 s",1.5,4.0,air,Air headspace (sealed),0.2095,Lipid_integrity,Lipid integrity (anti-rancid),72,0.9817195726321043,0.9367202097239555,0.9959327782399612,0.05921256851600565
hot_thermos,"Hot hold, thermos 65 degC",120.0,65.0,air,Air headspace (sealed),0.2095,Lipid_integrity,Lipid integrity (anti-rancid),0,1.0,1.0,1.0,0.0
hot_thermos,"Hot hold, thermos 65 degC",120.0,65.0,air,Air headspace (sealed),0.2095,Lipid_integrity,Lipid integrity (anti-rancid),2,0.9884167001421156,0.9345255203166796,0.9980779937740288,0.06355247345734927
hot_thermos,"Hot hold, thermos 65 degC",120.0,65.0,air,Air headspace (sealed),0.2095,Lipid_integrity,Lipid integrity (anti-rancid),6,0.9696187869637107,0.8360285406965033,0.9949137165598043,0.15888517586330098
hot_thermos,"Hot hold, thermos 65 degC",120.0,65.0,air,Air headspace (sealed),0.2095,Lipid_integrity,Lipid integrity (anti-rancid),12,0.9489957687600549,0.7377131854166029,0.9914324513684531,0.25371926595185024
hot_thermos,"Hot hold, thermos 65 degC",120.0,65.0,air,Air headspace (sealed),0.2095,Lipid_integrity,Lipid integrity (anti-rancid),24,0.9235318698870418,0.6348154702683574,0.987238874903897,0.35242340463553956
hot_thermos,"Hot hold, thermos 65 degC",120.0,65.0,air,Air headspace (sealed),0.2095,Lipid_integrity,Lipid integrity (anti-rancid),48,0.89786933718547,0.54591891582246,0.9825627433086033,0.4366438274861433
hot_thermos,"Hot hold, thermos 65 degC",120.0,65.0,air,Air headspace (sealed),0.2095,Lipid_integrity,Lipid integrity (anti-rancid),72,0.8876999717448039,0.5031787911442916,0.9809221828974627,0.47774339175317104
ice_bath,Ice-bath immersion,300.0,4.0,air,Air headspace (sealed),0.2095,Lipid_integrity,Lipid integrity (anti-rancid),0,1.0,1.0,1.0,0.0
ice_bath,Ice-bath immersion,300.0,4.0,air,Air headspace (sealed),0.2095,Lipid_integrity,Lipid integrity (anti-rancid),2,0.9988996625792853,0.9968381704058902,0.9996611171825899,0.0028229467766996974
ice_bath,Ice-bath immersion,300.0,4.0,air,Air headspace (sealed),0.2095,Lipid_integrity,Lipid integrity (anti-rancid),6,0.9977901936343805,0.9934352887559343,0.9993322310106095,0.005896942254675186
ice_bath,Ice-bath immersion,300.0,4.0,air,Air headspace (sealed),0.2095,Lipid_integrity,Lipid integrity (anti-rancid),12,0.9962575839805399,0.9878912279229771,0.9988974116245015,0.011006183701524397
ice_bath,Ice-bath immersion,300.0,4.0,air,Air headspace (sealed),0.2095,Lipid_integrity,Lipid integrity (anti-rancid),24,0.9930829485443486,0.9764311961456739,0.9981310913310082,0.021699895185334328
ice_bath,Ice-bath immersion,300.0,4.0,air,Air headspace (sealed),0.2095,Lipid_integrity,Lipid integrity (anti-rancid),48,0.9871631595318793,0.9546945875393049,0.9966358558168724,0.0419412682775675
ice_bath,Ice-bath immersion,300.0,4.0,air,Air headspace (sealed),0.2095,Lipid_integrity,Lipid integrity (anti-rancid),72,0.9814763873605761,0.9349319582383828,0.9953403186810061,0.06040836044262332
plate_hx,"Plate heat exchanger, 10 s",10.0,4.0,air,Air headspace (sealed),0.2095,Lipid_integrity,Lipid integrity (anti-rancid),0,1.0,1.0,1.0,0.0
plate_hx,"Plate heat exchanger, 10 s",10.0,4.0,air,Air headspace (sealed),0.2095,Lipid_integrity,Lipid integrity (anti-rancid),2,0.9994472711415144,0.998014066259302,0.999864180842297,0.0018501145829949994
plate_hx,"Plate heat exchanger, 10 s",10.0,4.0,air,Air headspace (sealed),0.2095,Lipid_integrity,Lipid integrity (anti-rancid),6,0.9983674108584053,0.9942024034485212,0.9996189671313918,0.005416563682870579
plate_hx,"Plate heat exchanger, 10 s",10.0,4.0,air,Air headspace (sealed),0.2095,Lipid_integrity,Lipid integrity (anti-rancid),12,0.996760017318985,0.9885392996979009,0.9992774375868969,0.010738137888996024
plate_hx,"Plate heat exchanger, 10 s",10.0,4.0,air,Air headspace (sealed),0.2095,Lipid_integrity,Lipid integrity (anti-rancid),24,0.9936046899304632,0.9774737700156995,0.9985766299249427,0.02110285990924321
plate_hx,"Plate heat exchanger, 10 s",10.0,4.0,air,Air headspace (sealed),0.2095,Lipid_integrity,Lipid integrity (anti-rancid),48,0.9875174512576059,0.9564212799173475,0.9972222813928966,0.040801001475549104
plate_hx,"Plate heat exchanger, 10 s",10.0,4.0,air,Air headspace (sealed),0.2095,Lipid_integrity,Lipid integrity (anti-rancid),72,0.981717839611197,0.9367117051688528,0.9959284117557553,0.05921670658690248
ambient,Ambient bench cooling,1200.0,24.0,inert,"N2/Ar flush, <1 % O2",0.008,Lipid_integrity,Lipid integrity (anti-rancid),0,1.0,1.0,1.0,0.0
ambient,Ambient bench cooling,1200.0,24.0,inert,"N2/Ar flush, <1 % O2",0.008,Lipid_integrity,Lipid integrity (anti-rancid),2,0.9996139891389157,0.9982277013379451,0.9999331831485037,0.0017054818105585179
ambient,Ambient bench cooling,1200.0,24.0,inert,"N2/Ar flush, <1 % O2",0.008,Lipid_integrity,Lipid integrity (anti-rancid),6,0.9992398799964997,0.9971751971190026,0.9998523205695709,0.002677123450568253
ambient,Ambient bench cooling,1200.0,24.0,inert,"N2/Ar flush, <1 % O2",0.008,Lipid_integrity,Lipid integrity (anti-rancid),12,0.9987127001338865,0.9956361960762271,0.9997297430281049,0.004093546951877802
ambient,Ambient bench cooling,1200.0,24.0,inert,"N2/Ar flush, <1 % O2",0.008,Lipid_integrity,Lipid integrity (anti-rancid),24,0.9977642896915924,0.992569782383365,0.9995142504979765,0.006944468114611468
ambient,Ambient bench cooling,1200.0,24.0,inert,"N2/Ar flush, <1 % O2",0.008,Lipid_integrity,Lipid integrity (anti-rancid),48,0.9959890062405189,0.9864406220766521,0.9991296004304381,0.012688978353786018
ambient,Ambient bench cooling,1200.0,24.0,inert,"N2/Ar flush, <1 % O2",0.008,Lipid_integrity,Lipid integrity (anti-rancid),72,0.9943353771694483,0.9805703112340807,0.9988017644405272,0.01823145320644648
cryo_plate,"LN2 cryo-plate, 1.5 s",1.5,4.0,inert,"N2/Ar flush, <1 % O2",0.008,Lipid_integrity,Lipid integrity (anti-rancid),0,1.0,1.0,1.0,0.0
cryo_plate,"LN2 cryo-plate, 1.5 s",1.5,4.0,inert,"N2/Ar flush, <1 % O2",0.008,Lipid_integrity,Lipid integrity (anti-rancid),2,0.999956420328413,0.9998072955856306,0.9999911453156457,0.0001838497300150621
cryo_plate,"LN2 cryo-plate, 1.5 s",1.5,4.0,inert,"N2/Ar flush, <1 % O2",0.008,Lipid_integrity,Lipid integrity (anti-rancid),6,0.9998702685614262,0.999423247219483,0.9999735287572843,0.0005502815378013448
cryo_plate,"LN2 cryo-plate, 1.5 s",1.5,4.0,inert,"N2/Ar flush, <1 % O2",0.008,Lipid_integrity,Lipid integrity (anti-rancid),12,0.9997425163636696,0.9988490957231586,0.9999472778442748,0.0010981821211162313
cryo_plate,"LN2 cryo-plate, 1.5 s",1.5,4.0,inert,"N2/Ar flush, <1 % O2",0.008,Lipid_integrity,Lipid integrity (anti-rancid),24,0.9994886710637365,0.9977076112366265,0.9998953932091538,0.002187781972527225
cryo_plate,"LN2 cryo-plate, 1.5 s",1.5,4.0,inert,"N2/Ar flush, <1 % O2",0.008,Lipid_integrity,Lipid integrity (anti-rancid),48,0.9989869691164472,0.9954511915062859,0.9997949117502706,0.004343720243984661
cryo_plate,"LN2 cryo-plate, 1.5 s",1.5,4.0,inert,"N2/Ar flush, <1 % O2",0.008,Lipid_integrity,Lipid integrity (anti-rancid),72,0.9984913697438587,0.9932306513605244,0.9996993993687019,0.006468748008177538
hot_thermos,"Hot hold, thermos 65 degC",120.0,65.0,inert,"N2/Ar flush, <1 % O2",0.008,Lipid_integrity,Lipid integrity (anti-rancid),0,1.0,1.0,1.0,0.0
hot_thermos,"Hot hold, thermos 65 degC",120.0,65.0,inert,"N2/Ar flush, <1 % O2",0.008,Lipid_integrity,Lipid integrity (anti-rancid),2,0.9985188762935495,0.9895004308589963,0.9998494888561118,0.010349057997115496
hot_thermos,"Hot hold, thermos 65 degC",120.0,65.0,inert,"N2/Ar flush, <1 % O2",0.008,Lipid_integrity,Lipid integrity (anti-rancid),6,0.9958230994148765,0.9696434984066217,0.9995633971504484,0.029919898743826723
hot_thermos,"Hot hold, thermos 65 degC",120.0,65.0,inert,"N2/Ar flush, <1 % O2",0.008,Lipid_integrity,Lipid integrity (anti-rancid),12,0.9921325027120547,0.9429320681773016,0.9992248872780024,0.05629281910070083
hot_thermos,"Hot hold, thermos 65 degC",120.0,65.0,inert,"N2/Ar flush, <1 % O2",0.008,Lipid_integrity,Lipid integrity (anti-rancid),24,0.9852016831868022,0.8925074626226992,0.9986625877744254,0.1061551251517262
hot_thermos,"Hot hold, thermos 65 degC",120.0,65.0,inert,"N2/Ar flush, <1 % O2",0.008,Lipid_integrity,Lipid integrity (anti-rancid),48,0.9737867207358539,0.8011783416113587,0.998055044152889,0.19687670254153034
hot_thermos,"Hot hold, thermos 65 degC",120.0,65.0,inert,"N2/Ar flush, <1 % O2",0.008,Lipid_integrity,Lipid integrity (anti-rancid),72,0.9627506956469365,0.7200297202517119,0.9978469498053888,0.27781722955367694
ice_bath,Ice-bath immersion,300.0,4.0,inert,"N2/Ar flush, <1 % O2",0.008,Lipid_integrity,Lipid integrity (anti-rancid),0,1.0,1.0,1.0,0.0
ice_bath,Ice-bath immersion,300.0,4.0,inert,"N2/Ar flush, <1 % O2",0.008,Lipid_integrity,Lipid integrity (anti-rancid),2,0.9998927473722088,0.9996528449315835,0.9999760426639458,0.00032319773236233473
ice_bath,Ice-bath immersion,300.0,4.0,inert,"N2/Ar flush, <1 % O2",0.008,Lipid_integrity,Lipid integrity (anti-rancid),6,0.9997931211661801,0.9992749987930698,0.9999536524251802,0.0006786536321103931
ice_bath,Ice-bath immersion,300.0,4.0,inert,"N2/Ar flush, <1 % O2",0.008,Lipid_integrity,Lipid integrity (anti-rancid),12,0.999663070109498,0.9987009473904274,0.9999216980411961,0.0012207506507687649
ice_bath,Ice-bath immersion,300.0,4.0,inert,"N2/Ar flush, <1 % O2",0.008,Lipid_integrity,Lipid integrity (anti-rancid),24,0.9994106378378469,0.9975923648745666,0.99986338649579,0.0022710216212233902
ice_bath,Ice-bath immersion,300.0,4.0,inert,"N2/Ar flush, <1 % O2",0.008,Lipid_integrity,Lipid integrity (anti-rancid),48,0.9989063285675893,0.9953385046139408,0.999750081510665,0.004411576896724223
ice_bath,Ice-bath immersion,300.0,4.0,inert,"N2/Ar flush, <1 % O2",0.008,Lipid_integrity,Lipid integrity (anti-rancid),72,0.9984122902543228,0.9931185902812173,0.9996420799292466,0.00652348964802929
plate_hx,"Plate heat exchanger, 10 s",10.0,4.0,inert,"N2/Ar flush, <1 % O2",0.008,Lipid_integrity,Lipid integrity (anti-rancid),0,1.0,1.0,1.0,0.0
plate_hx,"Plate heat exchanger, 10 s",10.0,4.0,inert,"N2/Ar flush, <1 % O2",0.008,Lipid_integrity,Lipid integrity (anti-rancid),2,0.9999548909268134,0.9998049844797632,0.9999894216432728,0.0001844371635095765
plate_hx,"Plate heat exchanger, 10 s",10.0,4.0,inert,"N2/Ar flush, <1 % O2",0.008,Lipid_integrity,Lipid integrity (anti-rancid),6,0.9998693935498946,0.9994209452737908,0.9999732550966488,0.0005523098228580325
plate_hx,"Plate heat exchanger, 10 s",10.0,4.0,inert,"N2/Ar flush, <1 % O2",0.008,Lipid_integrity,Lipid integrity (anti-rancid),12,0.9997402032568402,0.9988468073807444,0.9999471904778048,0.0011003830970603978
plate_hx,"Plate heat exchanger, 10 s",10.0,4.0,inert,"N2/Ar flush, <1 % O2",0.008,Lipid_integrity,Lipid integrity (anti-rancid),24,0.9994850006980784,0.997705349615241,0.9998953083909319,0.0021899587756908367
plate_hx,"Plate heat exchanger, 10 s",10.0,4.0,inert,"N2/Ar flush, <1 % O2",0.008,Lipid_integrity,Lipid integrity (anti-rancid),48,0.9989813855169103,0.9954489814415473,0.9997946582661917,0.004345676824644484
plate_hx,"Plate heat exchanger, 10 s",10.0,4.0,inert,"N2/Ar flush, <1 % O2",0.008,Lipid_integrity,Lipid integrity (anti-rancid),72,0.9984876112555733,0.993227941579505,0.9996991529163108,0.006471211336805838
ambient,Ambient bench cooling,1200.0,24.0,vacuum,Vacuum (50 mbar pull-down),0.010475,Lipid_integrity,Lipid integrity (anti-rancid),0,1.0,1.0,1.0,0.0
ambient,Ambient bench cooling,1200.0,24.0,vacuum,Vacuum (50 mbar pull-down),0.010475,Lipid_integrity,Lipid integrity (anti-rancid),2,0.9995776644484733,0.9980752886172811,0.9999208751895502,0.0018455865722690756
ambient,Ambient bench cooling,1200.0,24.0,vacuum,Vacuum (50 mbar pull-down),0.010475,Lipid_integrity,Lipid integrity (anti-rancid),6,0.999156072446728,0.9969778001101084,0.9998226853833143,0.0028448852732059215
ambient,Ambient bench cooling,1200.0,24.0,vacuum,Vacuum (50 mbar pull-down),0.010475,Lipid_integrity,Lipid integrity (anti-rancid),12,0.9985432242469271,0.9951780537628455,0.9996874744395848,0.0045094206767393175
ambient,Ambient bench cooling,1200.0,24.0,vacuum,Vacuum (50 mbar pull-down),0.010475,Lipid_integrity,Lipid integrity (anti-rancid),24,0.9975433074348083,0.991940153617917,0.9994243233254689,0.0074841697075519464
ambient,Ambient bench cooling,1200.0,24.0,vacuum,Vacuum (50 mbar pull-down),0.010475,Lipid_integrity,Lipid integrity (anti-rancid),48,0.9955877411834152,0.9853687275749868,0.9989479308259133,0.01357920325092643
ambient,Ambient bench cooling,1200.0,24.0,vacuum,Vacuum (50 mbar pull-down),0.010475,Lipid_integrity,Lipid integrity (anti-rancid),72,0.9938139620424248,0.9792843871194348,0.9985516563206084,0.01926726920117361
cryo_plate,"LN2 cryo-plate, 1.5 s",1.5,4.0,vacuum,Vacuum (50 mbar pull-down),0.010475,Lipid_integrity,Lipid integrity (anti-rancid),0,1.0,1.0,1.0,0.0
cryo_plate,"LN2 cryo-plate, 1.5 s",1.5,4.0,vacuum,Vacuum (50 mbar pull-down),0.010475,Lipid_integrity,Lipid integrity (anti-rancid),2,0.9999500023053276,0.9997897334697066,0.9999891974782439,0.00019946400853732005
cryo_plate,"LN2 cryo-plate, 1.5 s",1.5,4.0,vacuum,Vacuum (50 mbar pull-down),0.010475,Lipid_integrity,Lipid integrity (anti-rancid),6,0.9998508688469752,0.9993708118518516,0.9999679438470613,0.0005971319952097209
cryo_plate,"LN2 cryo-plate, 1.5 s",1.5,4.0,vacuum,Vacuum (50 mbar pull-down),0.010475,Lipid_integrity,Lipid integrity (anti-rancid),12,0.9997028747785295,0.9987449115272105,0.9999362649001831,0.0011913533729726034
cryo_plate,"LN2 cryo-plate, 1.5 s",1.5,4.0,vacuum,Vacuum (50 mbar pull-down),0.010475,Lipid_integrity,Lipid integrity (anti-rancid),24,0.9994093921061806,0.9975019176297248,0.9998739523146052,0.002372034684880342
cryo_plate,"LN2 cryo-plate, 1.5 s",1.5,4.0,vacuum,Vacuum (50 mbar pull-down),0.010475,Lipid_integrity,Lipid integrity (anti-rancid),48,0.9988321758772136,0.9950501974864353,0.9997521293125515,0.0047019318261162235
cryo_plate,"LN2 cryo-plate, 1.5 s",1.5,4.0,vacuum,Vacuum (50 mbar pull-down),0.010475,Lipid_integrity,Lipid integrity (anti-rancid),72,0.9982674557333777,0.9926424031440717,0.9996343284589297,0.0069919253148580385
hot_thermos,"Hot hold, thermos 65 degC",120.0,65.0,vacuum,Vacuum (50 mbar pull-down),0.010475,Lipid_integrity,Lipid integrity (anti-rancid),0,1.0,1.0,1.0,0.0
hot_thermos,"Hot hold, thermos 65 degC",120.0,65.0,vacuum,Vacuum (50 mbar pull-down),0.010475,Lipid_integrity,Lipid integrity (anti-rancid),2,0.9984073318149651,0.9892045090631292,0.9998202371174941,0.010615728054364948
hot_thermos,"Hot hold, thermos 65 degC",120.0,65.0,vacuum,Vacuum (50 mbar pull-down),0.010475,Lipid_integrity,Lipid integrity (anti-rancid),6,0.9954137925384599,0.9687864181961987,0.9994984800126911,0.030712061816492442
hot_thermos,"Hot hold, thermos 65 degC",120.0,65.0,vacuum,Vacuum (50 mbar pull-down),0.010475,Lipid_integrity,Lipid integrity (anti-rancid),12,0.9913694027194411,0.9397488290236048,0.999109365565533,0.05936053654192819
hot_thermos,"Hot hold, thermos 65 degC",120.0,65.0,vacuum,Vacuum (50 mbar pull-down),0.010475,Lipid_integrity,Lipid integrity (anti-rancid),24,0.9844260284471529,0.89049550957537,0.9984908686226611,0.10799535904729107
hot_thermos,"Hot hold, thermos 65 degC",120.0,65.0,vacuum,Vacuum (50 mbar pull-down),0.010475,Lipid_integrity,Lipid integrity (anti-rancid),48,0.9726166747034009,0.7990579247414454,0.9976970016669446,0.1986390769254992
hot_thermos,"Hot hold, thermos 65 degC",120.0,65.0,vacuum,Vacuum (50 mbar pull-down),0.010475,Lipid_integrity,Lipid integrity (anti-rancid),72,0.9619792609242812,0.7180572281130015,0.9972477653206242,0.27919053720762266
ice_bath,Ice-bath immersion,300.0,4.0,vacuum,Vacuum (50 mbar pull-down),0.010475,Lipid_integrity,Lipid integrity (anti-rancid),0,1.0,1.0,1.0,0.0
ice_bath,Ice-bath immersion,300.0,4.0,vacuum,Vacuum (50 mbar pull-down),0.010475,Lipid_integrity,Lipid integrity (anti-rancid),2,0.9998807049849334,0.9996238082865587,0.9999710846855949,0.00034727639903620044
ice_bath,Ice-bath immersion,300.0,4.0,vacuum,Vacuum (50 mbar pull-down),0.010475,Lipid_integrity,Lipid integrity (anti-rancid),6,0.9997694119246174,0.9992067971791985,0.9999418928331621,0.0007350956539636799
ice_bath,Ice-bath immersion,300.0,4.0,vacuum,Vacuum (50 mbar pull-down),0.010475,Lipid_integrity,Lipid integrity (anti-rancid),12,0.9996190322525319,0.9985598103490757,0.9999017335915467,0.0013419232424709548
ice_bath,Ice-bath immersion,300.0,4.0,vacuum,Vacuum (50 mbar pull-down),0.010475,Lipid_integrity,Lipid integrity (anti-rancid),24,0.9993239012705535,0.9973813177726192,0.9998405733019088,0.0024592555292896057
ice_bath,Ice-bath immersion,300.0,4.0,vacuum,Vacuum (50 mbar pull-down),0.010475,Lipid_integrity,Lipid integrity (anti-rancid),48,0.998721370405275,0.9949329028879705,0.9997112007672174,0.004778297879246884
ice_bath,Ice-bath immersion,300.0,4.0,vacuum,Vacuum (50 mbar pull-down),0.010475,Lipid_integrity,Lipid integrity (anti-rancid),72,0.9981439776359614,0.9925282562849036,0.9995750621433638,0.007046805858460181
plate_hx,"Plate heat exchanger, 10 s",10.0,4.0,vacuum,Vacuum (50 mbar pull-down),0.010475,Lipid_integrity,Lipid integrity (anti-rancid),0,1.0,1.0,1.0,0.0
plate_hx,"Plate heat exchanger, 10 s",10.0,4.0,vacuum,Vacuum (50 mbar pull-down),0.010475,Lipid_integrity,Lipid integrity (anti-rancid),2,0.999947037079866,0.9997873078840263,0.9999877826940383,0.00020047481001206346
plate_hx,"Plate heat exchanger, 10 s",10.0,4.0,vacuum,Vacuum (50 mbar pull-down),0.010475,Lipid_integrity,Lipid integrity (anti-rancid),6,0.9998486800104678,0.9993683981138085,0.999965905665302,0.0005975075514934591
plate_hx,"Plate heat exchanger, 10 s",10.0,4.0,vacuum,Vacuum (50 mbar pull-down),0.010475,Lipid_integrity,Lipid integrity (anti-rancid),12,0.9997010194902358,0.9987425153796632,0.9999345889911561,0.001192073611492872
plate_hx,"Plate heat exchanger, 10 s",10.0,4.0,vacuum,Vacuum (50 mbar pull-down),0.010475,Lipid_integrity,Lipid integrity (anti-rancid),24,0.9994075474514297,0.9974995560219306,0.99987388293719,0.002374326915259406
plate_hx,"Plate heat exchanger, 10 s",10.0,4.0,vacuum,Vacuum (50 mbar pull-down),0.010475,Lipid_integrity,Lipid integrity (anti-rancid),48,0.998830351758623,0.9950479024691757,0.9997520663557695,0.004704163886593782
plate_hx,"Plate heat exchanger, 10 s",10.0,4.0,vacuum,Vacuum (50 mbar pull-down),0.010475,Lipid_integrity,Lipid integrity (anti-rancid),72,0.9982656512147461,0.9926401715381872,0.9996342716269705,0.006994100088783317
ambient,Ambient bench cooling,1200.0,24.0,air,Air headspace (sealed),0.2095,Melanoidin_colour,Colour stability (no further browning),0,1.0,1.0,1.0,0.0
ambient,Ambient bench cooling,1200.0,24.0,air,Air headspace (sealed),0.2095,Melanoidin_colour,Colour stability (no further browning),2,0.9939301118430037,0.959251677491644,0.998900352348295,0.03964867485665102
ambient,Ambient bench cooling,1200.0,24.0,air,Air headspace (sealed),0.2095,Melanoidin_colour,Colour stability (no further browning),6,0.9935351773714436,0.9589464451223724,0.9985656021240565,0.03961915700168417
ambient,Ambient bench cooling,1200.0,24.0,air,Air headspace (sealed),0.2095,Melanoidin_colour,Colour stability (no further browning),12,0.9928399475735177,0.9584906922120917,0.9981432575049711,0.039652565292879416
ambient,Ambient bench cooling,1200.0,24.0,air,Air headspace (sealed),0.2095,Melanoidin_colour,Colour stability (no further browning),24,0.9917109502071617,0.9575156325882064,0.9974566026058815,0.03994097001767516
ambient,Ambient bench cooling,1200.0,24.0,air,Air headspace (sealed),0.2095,Melanoidin_colour,Colour stability (no further browning),48,0.9895199643329127,0.9552942993440127,0.9958229679737597,0.04052866862974702
ambient,Ambient bench cooling,1200.0,24.0,air,Air headspace (sealed),0.2095,Melanoidin_colour,Colour stability (no further browning),72,0.9868333631190516,0.9524442941277469,0.9943404225489149,0.041896128421167966
cryo_plate,"LN2 cryo-plate, 1.5 s",1.5,4.0,air,Air headspace (sealed),0.2095,Melanoidin_colour,Colour stability (no further browning),0,1.0,1.0,1.0,0.0
cryo_plate,"LN2 cryo-plate, 1.5 s",1.5,4.0,air,Air headspace (sealed),0.2095,Melanoidin_colour,Colour stability (no further browning),2,0.9999846770957939,0.9999602512195497,0.9999927463136375,3.249509408786988e-05
cryo_plate,"LN2 cryo-plate, 1.5 s",1.5,4.0,air,Air headspace (sealed),0.2095,Melanoidin_colour,Colour stability (no further browning),6,0.999967885283807,0.9999155728034828,0.999984074438571,6.850163508820284e-05
cryo_plate,"LN2 cryo-plate, 1.5 s",1.5,4.0,air,Air headspace (sealed),0.2095,Melanoidin_colour,Colour stability (no further browning),12,0.9999459607199299,0.9998319983025659,0.9999740368449246,0.00014203854235872448
cryo_plate,"LN2 cryo-plate, 1.5 s",1.5,4.0,air,Air headspace (sealed),0.2095,Melanoidin_colour,Colour stability (no further browning),24,0.9999035291022487,0.9996650525432833,0.9999578264131083,0.00029277386982495823
cryo_plate,"LN2 cryo-plate, 1.5 s",1.5,4.0,air,Air headspace (sealed),0.2095,Melanoidin_colour,Colour stability (no further browning),48,0.9998160510944228,0.9993318842410618,0.9999267241906988,0.0005948399496370493
cryo_plate,"LN2 cryo-plate, 1.5 s",1.5,4.0,air,Air headspace (sealed),0.2095,Melanoidin_colour,Colour stability (no further browning),72,0.9997293519721713,0.9989996627285527,0.9998995766240678,0.0008999138955151365
hot_thermos,"Hot hold, thermos 65 degC",120.0,65.0,air,Air headspace (sealed),0.2095,Melanoidin_colour,Colour stability (no further browning),0,1.0,1.0,1.0,0.0
hot_thermos,"Hot hold, thermos 65 degC",120.0,65.0,air,Air headspace (sealed),0.2095,Melanoidin_colour,Colour stability (no further browning),2,0.959043240880849,0.771418690763359,0.9932100585602832,0.2217913677969242
hot_thermos,"Hot hold, thermos 65 degC",120.0,65.0,air,Air headspace (sealed),0.2095,Melanoidin_colour,Colour stability (no further browning),6,0.885530644170441,0.4749103085711797,0.9801590983631547,0.5052487897919751
hot_thermos,"Hot hold, thermos 65 degC",120.0,65.0,air,Air headspace (sealed),0.2095,Melanoidin_colour,Colour stability (no further browning),12,0.7883084210798088,0.2314506401862052,0.961123917800597,0.7296732776143918
hot_thermos,"Hot hold, thermos 65 degC",120.0,65.0,air,Air headspace (sealed),0.2095,Melanoidin_colour,Colour stability (no further browning),24,0.6250005850768751,0.05668342029820632,0.9247562607207153,0.868072840422509
hot_thermos,"Hot hold, thermos 65 degC",120.0,65.0,air,Air headspace (sealed),0.2095,Melanoidin_colour,Colour stability (no further browning),48,0.3958882544312566,0.0037558471731296444,0.857432745516331,0.8536768983432014
hot_thermos,"Hot hold, thermos 65 degC",120.0,65.0,air,Air headspace (sealed),0.2095,Melanoidin_colour,Colour stability (no further browning),72,0.2521237508183896,0.0002825462505419319,0.7958319007436925,0.7955493544931506
ice_bath,Ice-bath immersion,300.0,4.0,air,Air headspace (sealed),0.2095,Melanoidin_colour,Colour stability (no further browning),0,1.0,1.0,1.0,0.0
ice_bath,Ice-bath immersion,300.0,4.0,air,Air headspace (sealed),0.2095,Melanoidin_colour,Colour stability (no further browning),2,0.998993112647937,0.9928215968639125,0.9998206238201205,0.006999026956208021
ice_bath,Ice-bath immersion,300.0,4.0,air,Air headspace (sealed),0.2095,Melanoidin_colour,Colour stability (no further browning),6,0.9989675377210958,0.9928175715347463,0.9997820197700775,0.0069644482353312664
ice_bath,Ice-bath immersion,300.0,4.0,air,Air headspace (sealed),0.2095,Melanoidin_colour,Colour stability (no further browning),12,0.9989418381264944,0.9928115372858816,0.9997394900560403,0.006927952770158785
ice_bath,Ice-bath immersion,300.0,4.0,air,Air headspace (sealed),0.2095,Melanoidin_colour,Colour stability (no further browning),24,0.9988699270404455,0.9927994821738957,0.9996615117561504,0.006862029582254681
ice_bath,Ice-bath immersion,300.0,4.0,air,Air headspace (sealed),0.2095,Melanoidin_colour,Colour stability (no further browning),48,0.9987404389695594,0.9927754247697677,0.9995229170820701,0.006747492312302428
ice_bath,Ice-bath immersion,300.0,4.0,air,Air headspace (sealed),0.2095,Melanoidin_colour,Colour stability (no further browning),72,0.998597889031047,0.9927514364359648,0.9994210974307158,0.006669660994751081
plate_hx,"Plate heat exchanger, 10 s",10.0,4.0,air,Air headspace (sealed),0.2095,Melanoidin_colour,Colour stability (no further browning),0,1.0,1.0,1.0,0.0
plate_hx,"Plate heat exchanger, 10 s",10.0,4.0,air,Air headspace (sealed),0.2095,Melanoidin_colour,Colour stability (no further browning),2,0.9999597378004026,0.9997808359106173,0.9999837220655851,0.00020288615496777407
plate_hx,"Plate heat exchanger, 10 s",10.0,4.0,air,Air headspace (sealed),0.2095,Melanoidin_colour,Colour stability (no further browning),6,0.9999357000670337,0.9997751152506832,0.9999701522691011,0.00019503701841794285
plate_hx,"Plate heat exchanger, 10 s",10.0,4.0,air,Air headspace (sealed),0.2095,Melanoidin_colour,Colour stability (no further browning),12,0.999903882311411,0.9997472586737637,0.9999550778876193,0.00020781921385559787
plate_hx,"Plate heat exchanger, 10 s",10.0,4.0,air,Air headspace (sealed),0.2095,Melanoidin_colour,Colour stability (no further browning),24,0.999850035932069,0.999619602149898,0.9999256479799397,0.00030604583004167907
plate_hx,"Plate heat exchanger, 10 s",10.0,4.0,air,Air headspace (sealed),0.2095,Melanoidin_colour,Colour stability (no further browning),48,0.9997559284884112,0.999327079359302,0.9998784582188162,0.0005513788595141733
plate_hx,"Plate heat exchanger, 10 s",10.0,4.0,air,Air headspace (sealed),0.2095,Melanoidin_colour,Colour stability (no further browning),72,0.9996702088696766,0.9989948395278734,0.9998406975059726,0.0008458579780992181
ambient,Ambient bench cooling,1200.0,24.0,inert,"N2/Ar flush, <1 % O2",0.008,Melanoidin_colour,Colour stability (no further browning),0,1.0,1.0,1.0,0.0
ambient,Ambient bench cooling,1200.0,24.0,inert,"N2/Ar flush, <1 % O2",0.008,Melanoidin_colour,Colour stability (no further browning),2,0.9944721984526745,0.9633627344044594,0.998970141663066,0.03560740725860656
ambient,Ambient bench cooling,1200.0,24.0,inert,"N2/Ar flush, <1 % O2",0.008,Melanoidin_colour,Colour stability (no further browning),6,0.9941239078920774,0.9630923063082274,0.9986926248088652,0.03560031850063783
ambient,Ambient bench cooling,1200.0,24.0,inert,"N2/Ar flush, <1 % O2",0.008,Melanoidin_colour,Colour stability (no further browning),12,0.9935408188444949,0.9626879677066144,0.9983896218386787,0.03570165413206439
ambient,Ambient bench cooling,1200.0,24.0,inert,"N2/Ar flush, <1 % O2",0.008,Melanoidin_colour,Colour stability (no further browning),24,0.9925363995127957,0.9618806199163366,0.997645319853217,0.03576469993688047
ambient,Ambient bench cooling,1200.0,24.0,inert,"N2/Ar flush, <1 % O2",0.008,Melanoidin_colour,Colour stability (no further browning),48,0.9902274889683578,0.9602566282754998,0.9963621829906548,0.036105554715154975
ambient,Ambient bench cooling,1200.0,24.0,inert,"N2/Ar flush, <1 % O2",0.008,Melanoidin_colour,Colour stability (no further browning),72,0.988028004049265,0.9575716640447985,0.9950809841455971,0.03750932010079855
cryo_plate,"LN2 cryo-plate, 1.5 s",1.5,4.0,inert,"N2/Ar flush, <1 % O2",0.008,Melanoidin_colour,Colour stability (no further browning),0,1.0,1.0,1.0,0.0
cryo_plate,"LN2 cryo-plate, 1.5 s",1.5,4.0,inert,"N2/Ar flush, <1 % O2",0.008,Melanoidin_colour,Colour stability (no further browning),2,0.9999861836830763,0.9999648209403671,0.9999936589992098,2.8838058842683978e-05
cryo_plate,"LN2 cryo-plate, 1.5 s",1.5,4.0,inert,"N2/Ar flush, <1 % O2",0.008,Melanoidin_colour,Colour stability (no further browning),6,0.9999716786753869,0.9999231200542514,0.9999866174478745,6.349739362310203e-05
cryo_plate,"LN2 cryo-plate, 1.5 s",1.5,4.0,inert,"N2/Ar flush, <1 % O2",0.008,Melanoidin_colour,Colour stability (no further browning),12,0.999952216253922,0.9998476984661031,0.9999778322757285,0.0001301338096253435
cryo_plate,"LN2 cryo-plate, 1.5 s",1.5,4.0,inert,"N2/Ar flush, <1 % O2",0.008,Melanoidin_colour,Colour stability (no further browning),24,0.9999152388738348,0.9996967010156387,0.9999627517609196,0.00026605074528096573
cryo_plate,"LN2 cryo-plate, 1.5 s",1.5,4.0,inert,"N2/Ar flush, <1 % O2",0.008,Melanoidin_colour,Colour stability (no further browning),48,0.9998385697736747,0.9993948892150002,0.9999346610463957,0.0005397718313955302
cryo_plate,"LN2 cryo-plate, 1.5 s",1.5,4.0,inert,"N2/Ar flush, <1 % O2",0.008,Melanoidin_colour,Colour stability (no further browning),72,0.9997663888298054,0.9990933184498904,0.9999107199224914,0.0008174014726010093
hot_thermos,"Hot hold, thermos 65 degC",120.0,65.0,inert,"N2/Ar flush, <1 % O2",0.008,Melanoidin_colour,Colour stability (no further browning),0,1.0,1.0,1.0,0.0
hot_thermos,"Hot hold, thermos 65 degC",120.0,65.0,inert,"N2/Ar flush, <1 % O2",0.008,Melanoidin_colour,Colour stability (no further browning),2,0.9620294236986849,0.7927213936570441,0.9936385870121661,0.20091719335512204
hot_thermos,"Hot hold, thermos 65 degC",120.0,65.0,inert,"N2/Ar flush, <1 % O2",0.008,Melanoidin_colour,Colour stability (no further browning),6,0.8930984155457272,0.5122613174185191,0.9813254355338673,0.4690641181153482
hot_thermos,"Hot hold, thermos 65 degC",120.0,65.0,inert,"N2/Ar flush, <1 % O2",0.008,Melanoidin_colour,Colour stability (no further browning),12,0.7993307122038805,0.2667234933526314,0.9631789946113538,0.6964555012587224
hot_thermos,"Hot hold, thermos 65 degC",120.0,65.0,inert,"N2/Ar flush, <1 % O2",0.008,Melanoidin_colour,Colour stability (no further browning),24,0.6413902284196097,0.07279158438663495,0.9284535934799808,0.8556620090933459
hot_thermos,"Hot hold, thermos 65 degC",120.0,65.0,inert,"N2/Ar flush, <1 % O2",0.008,Melanoidin_colour,Colour stability (no further browning),48,0.4147906221162627,0.005515327924026275,0.8646243755618368,0.8591090476378105
hot_thermos,"Hot hold, thermos 65 degC",120.0,65.0,inert,"N2/Ar flush, <1 % O2",0.008,Melanoidin_colour,Colour stability (no further browning),72,0.2690856910948257,0.00042299151358970647,0.8062312906344141,0.8058082991208244
ice_bath,Ice-bath immersion,300.0,4.0,inert,"N2/Ar flush, <1 % O2",0.008,Melanoidin_colour,Colour stability (no further browning),0,1.0,1.0,1.0,0.0
ice_bath,Ice-bath immersion,300.0,4.0,inert,"N2/Ar flush, <1 % O2",0.008,Melanoidin_colour,Colour stability (no further browning),2,0.9990784810069046,0.9935565315521002,0.9998321544125075,0.006275622860407282
ice_bath,Ice-bath immersion,300.0,4.0,inert,"N2/Ar flush, <1 % O2",0.008,Melanoidin_colour,Colour stability (no further browning),6,0.9990637693568818,0.9935530280715896,0.9997995166194589,0.0062464885478692445
ice_bath,Ice-bath immersion,300.0,4.0,inert,"N2/Ar flush, <1 % O2",0.008,Melanoidin_colour,Colour stability (no further browning),12,0.9990371719395714,0.9935477738704499,0.9997540308683979,0.006206256997947968
ice_bath,Ice-bath immersion,300.0,4.0,inert,"N2/Ar flush, <1 % O2",0.008,Melanoidin_colour,Colour stability (no further browning),24,0.9989828063157418,0.9935372691131219,0.9996943876539974,0.006157118540875528
ice_bath,Ice-bath immersion,300.0,4.0,inert,"N2/Ar flush, <1 % O2",0.008,Melanoidin_colour,Colour stability (no further browning),48,0.9988793313792876,0.9935162739843468,0.9996045876543054,0.006088313669958545
ice_bath,Ice-bath immersion,300.0,4.0,inert,"N2/Ar flush, <1 % O2",0.008,Melanoidin_colour,Colour stability (no further browning),72,0.998703184565982,0.9934952976730607,0.9995041925631556,0.006008894890094929
plate_hx,"Plate heat exchanger, 10 s",10.0,4.0,inert,"N2/Ar flush, <1 % O2",0.008,Melanoidin_colour,Colour stability (no further browning),0,1.0,1.0,1.0,0.0
plate_hx,"Plate heat exchanger, 10 s",10.0,4.0,inert,"N2/Ar flush, <1 % O2",0.008,Melanoidin_colour,Colour stability (no further browning),2,0.9999633473328084,0.9998033512083144,0.9999861872452616,0.00018283603694713157
plate_hx,"Plate heat exchanger, 10 s",10.0,4.0,inert,"N2/Ar flush, <1 % O2",0.008,Melanoidin_colour,Colour stability (no further browning),6,0.999942213425118,0.9997998254548067,0.9999738692748469,0.0001740438200401595
plate_hx,"Plate heat exchanger, 10 s",10.0,4.0,inert,"N2/Ar flush, <1 % O2",0.008,Melanoidin_colour,Colour stability (no further browning),12,0.9999146576898306,0.9997666218651365,0.9999602163551735,0.0001935944900369746
plate_hx,"Plate heat exchanger, 10 s",10.0,4.0,inert,"N2/Ar flush, <1 % O2",0.008,Melanoidin_colour,Colour stability (no further browning),24,0.9998666433696555,0.9996627874133809,0.9999381552039394,0.0002753677905584784
plate_hx,"Plate heat exchanger, 10 s",10.0,4.0,inert,"N2/Ar flush, <1 % O2",0.008,Melanoidin_colour,Colour stability (no further browning),48,0.9997847313740241,0.9993881446952588,0.9998991601778021,0.0005110154825432867
plate_hx,"Plate heat exchanger, 10 s",10.0,4.0,inert,"N2/Ar flush, <1 % O2",0.008,Melanoidin_colour,Colour stability (no further browning),72,0.9997091865204181,0.999086029530255,0.9998624827590502,0.0007764532287951598
ambient,Ambient bench cooling,1200.0,24.0,vacuum,Vacuum (50 mbar pull-down),0.010475,Melanoidin_colour,Colour stability (no further browning),0,1.0,1.0,1.0,0.0
ambient,Ambient bench cooling,1200.0,24.0,vacuum,Vacuum (50 mbar pull-down),0.010475,Melanoidin_colour,Colour stability (no further browning),2,0.9944403998455935,0.9632291240999662,0.9989677159770809,0.0357385918771147
ambient,Ambient bench cooling,1200.0,24.0,vacuum,Vacuum (50 mbar pull-down),0.010475,Melanoidin_colour,Colour stability (no further browning),6,0.9940934591015511,0.9629574530873323,0.9986777559595347,0.0357203028722024
ambient,Ambient bench cooling,1200.0,24.0,vacuum,Vacuum (50 mbar pull-down),0.010475,Melanoidin_colour,Colour stability (no further browning),12,0.9935163833094822,0.9625512893174389,0.9983877958333305,0.03583650651589154
ambient,Ambient bench cooling,1200.0,24.0,vacuum,Vacuum (50 mbar pull-down),0.010475,Melanoidin_colour,Colour stability (no further browning),24,0.9925117814009918,0.9617404140705075,0.9976436565396304,0.03590324246912291
ambient,Ambient bench cooling,1200.0,24.0,vacuum,Vacuum (50 mbar pull-down),0.010475,Melanoidin_colour,Colour stability (no further browning),48,0.9901859432849648,0.9601242784873755,0.9963494623290899,0.03622518384171447
ambient,Ambient bench cooling,1200.0,24.0,vacuum,Vacuum (50 mbar pull-down),0.010475,Melanoidin_colour,Colour stability (no further browning),72,0.9879809583058801,0.9573920670160252,0.9950540865736913,0.037662019557666127
cryo_plate,"LN2 cryo-plate, 1.5 s",1.5,4.0,vacuum,Vacuum (50 mbar pull-down),0.010475,Melanoidin_colour,Colour stability (no further browning),0,1.0,1.0,1.0,0.0
cryo_plate,"LN2 cryo-plate, 1.5 s",1.5,4.0,vacuum,Vacuum (50 mbar pull-down),0.010475,Melanoidin_colour,Colour stability (no further browning),2,0.9999861523233096,0.9999646596305475,0.99999363846313,2.897883258257128e-05
cryo_plate,"LN2 cryo-plate, 1.5 s",1.5,4.0,vacuum,Vacuum (50 mbar pull-down),0.010475,Melanoidin_colour,Colour stability (no further browning),6,0.9999714611689297,0.9999228900317186,0.9999865750081243,6.368497640563131e-05
cryo_plate,"LN2 cryo-plate, 1.5 s",1.5,4.0,vacuum,Vacuum (50 mbar pull-down),0.010475,Melanoidin_colour,Colour stability (no further browning),12,0.9999519987787087,0.9998472154061012,0.9999777081045992,0.00013049269849796374
cryo_plate,"LN2 cryo-plate, 1.5 s",1.5,4.0,vacuum,Vacuum (50 mbar pull-down),0.010475,Melanoidin_colour,Colour stability (no further browning),24,0.9999149475669598,0.9996957432787573,0.9999626850440949,0.0002669417653375916
cryo_plate,"LN2 cryo-plate, 1.5 s",1.5,4.0,vacuum,Vacuum (50 mbar pull-down),0.010475,Melanoidin_colour,Colour stability (no further browning),48,0.9998381416364654,0.9993929991026483,0.999934219350586,0.0005412202479376793
cryo_plate,"LN2 cryo-plate, 1.5 s",1.5,4.0,vacuum,Vacuum (50 mbar pull-down),0.010475,Melanoidin_colour,Colour stability (no further browning),72,0.9997650256437629,0.999090518155555,0.9999106862872605,0.0008201681317054899
hot_thermos,"Hot hold, thermos 65 degC",120.0,65.0,vacuum,Vacuum (50 mbar pull-down),0.010475,Melanoidin_colour,Colour stability (no further browning),0,1.0,1.0,1.0,0.0
hot_thermos,"Hot hold, thermos 65 degC",120.0,65.0,vacuum,Vacuum (50 mbar pull-down),0.010475,Melanoidin_colour,Colour stability (no further browning),2,0.9618192938557133,0.7920370714556,0.9936247384100455,0.20158766695444552
hot_thermos,"Hot hold, thermos 65 degC",120.0,65.0,vacuum,Vacuum (50 mbar pull-down),0.010475,Melanoidin_colour,Colour stability (no further browning),6,0.8925620273395652,0.5110631610971187,0.981287463809954,0.47022430271283533
hot_thermos,"Hot hold, thermos 65 degC",120.0,65.0,vacuum,Vacuum (50 mbar pull-down),0.010475,Melanoidin_colour,Colour stability (no further browning),12,0.7984617132855778,0.26559936788487054,0.9631113613881636,0.697511993503293
hot_thermos,"Hot hold, thermos 65 degC",120.0,65.0,vacuum,Vacuum (50 mbar pull-down),0.010475,Melanoidin_colour,Colour stability (no further browning),24,0.6402266514167573,0.07228135216381766,0.9278814279607975,0.8556000757969798
hot_thermos,"Hot hold, thermos 65 degC",120.0,65.0,vacuum,Vacuum (50 mbar pull-down),0.010475,Melanoidin_colour,Colour stability (no further browning),48,0.4136979935560731,0.005459362404337167,0.8636739250052952,0.858214562600958
hot_thermos,"Hot hold, thermos 65 degC",120.0,65.0,vacuum,Vacuum (50 mbar pull-down),0.010475,Melanoidin_colour,Colour stability (no further browning),72,0.2682764895988078,0.00041810003692739373,0.8052200996096815,0.8048019995727541
ice_bath,Ice-bath immersion,300.0,4.0,vacuum,Vacuum (50 mbar pull-down),0.010475,Melanoidin_colour,Colour stability (no further browning),0,1.0,1.0,1.0,0.0
ice_bath,Ice-bath immersion,300.0,4.0,vacuum,Vacuum (50 mbar pull-down),0.010475,Melanoidin_colour,Colour stability (no further browning),2,0.9990754366984972,0.9935327006513954,0.999831750360037,0.006299049708641591
ice_bath,Ice-bath immersion,300.0,4.0,vacuum,Vacuum (50 mbar pull-down),0.010475,Melanoidin_colour,Colour stability (no further browning),6,0.9990583568716866,0.9935291776038533,0.999796778775731,0.006267601171877746
ice_bath,Ice-bath immersion,300.0,4.0,vacuum,Vacuum (50 mbar pull-down),0.010475,Melanoidin_colour,Colour stability (no further browning),12,0.9990336061790751,0.9935238941961675,0.9997540133497915,0.006230119153624036
ice_bath,Ice-bath immersion,300.0,4.0,vacuum,Vacuum (50 mbar pull-down),0.010475,Melanoidin_colour,Colour stability (no further browning),24,0.9989777422728598,0.9935133315404442,0.9996909737363733,0.0061776421959290895
ice_bath,Ice-bath immersion,300.0,4.0,vacuum,Vacuum (50 mbar pull-down),0.010475,Melanoidin_colour,Colour stability (no further browning),48,0.9988732009041889,0.9934922226456888,0.9996027360148154,0.006110513369126602
ice_bath,Ice-bath immersion,300.0,4.0,vacuum,Vacuum (50 mbar pull-down),0.010475,Melanoidin_colour,Colour stability (no further browning),72,0.9986983319220194,0.9934711352237027,0.9995008618633013,0.006029726639598665
plate_hx,"Plate heat exchanger, 10 s",10.0,4.0,vacuum,Vacuum (50 mbar pull-down),0.010475,Melanoidin_colour,Colour stability (no further browning),0,1.0,1.0,1.0,0.0
plate_hx,"Plate heat exchanger, 10 s",10.0,4.0,vacuum,Vacuum (50 mbar pull-down),0.010475,Melanoidin_colour,Colour stability (no further browning),2,0.9999631983428728,0.9998026212262827,0.99998612714892,0.0001835059226372726
plate_hx,"Plate heat exchanger, 10 s",10.0,4.0,vacuum,Vacuum (50 mbar pull-down),0.010475,Melanoidin_colour,Colour stability (no further browning),6,0.9999420500721905,0.9997990756649268,0.9999736703771532,0.00017459471222647238
plate_hx,"Plate heat exchanger, 10 s",10.0,4.0,vacuum,Vacuum (50 mbar pull-down),0.010475,Melanoidin_colour,Colour stability (no further browning),12,0.9999142374505896,0.9997655006448629,0.9999599416830643,0.00019444103820143166
plate_hx,"Plate heat exchanger, 10 s",10.0,4.0,vacuum,Vacuum (50 mbar pull-down),0.010475,Melanoidin_colour,Colour stability (no further browning),24,0.9998658822689053,0.9996611376543606,0.9999376312677063,0.00027649361334569633
plate_hx,"Plate heat exchanger, 10 s",10.0,4.0,vacuum,Vacuum (50 mbar pull-down),0.010475,Melanoidin_colour,Colour stability (no further browning),48,0.9997839354487998,0.9993860350430785,0.9998981848182279,0.0005121497751493509
plate_hx,"Plate heat exchanger, 10 s",10.0,4.0,vacuum,Vacuum (50 mbar pull-down),0.010475,Melanoidin_colour,Colour stability (no further browning),72,0.9997067289620032,0.9990832137534518,0.9998617380898287,0.000778524336376929
ambient,Ambient bench cooling,1200.0,24.0,air,Air headspace (sealed),0.2095,Strecker_aldehydes,Strecker aldehydes,0,0.9888371493739484,0.9888371493739484,0.9888371493739484,0.0
ambient,Ambient bench cooling,1200.0,24.0,air,Air headspace (sealed),0.2095,Strecker_aldehydes,Strecker aldehydes,2,0.9279951741111436,0.7117690455637393,0.9744823669530457,0.26271332138930636
ambient,Ambient bench cooling,1200.0,24.0,air,Air headspace (sealed),0.2095,Strecker_aldehydes,Strecker aldehydes,6,0.8948864662060239,0.6463555515256415,0.9620681727765679,0.31571262125092636
ambient,Ambient bench cooling,1200.0,24.0,air,Air headspace (sealed),0.2095,Strecker_aldehydes,Strecker aldehydes,12,0.8466358641508098,0.5452662386628022,0.9437843136287825,0.39851807496598024
ambient,Ambient bench cooling,1200.0,24.0,air,Air headspace (sealed),0.2095,Strecker_aldehydes,Strecker aldehydes,24,0.7588376425275709,0.3818766257146313,0.9113296421602556,0.5294530164456243
ambient,Ambient bench cooling,1200.0,24.0,air,Air headspace (sealed),0.2095,Strecker_aldehydes,Strecker aldehydes,48,0.6191721797971403,0.1825567145678274,0.8548661104864502,0.6723093959186228
ambient,Ambient bench cooling,1200.0,24.0,air,Air headspace (sealed),0.2095,Strecker_aldehydes,Strecker aldehydes,72,0.506526332786694,0.09603841391956573,0.8012016655110448,0.7051632515914791
cryo_plate,"LN2 cryo-plate, 1.5 s",1.5,4.0,air,Air headspace (sealed),0.2095,Strecker_aldehydes,Strecker aldehydes,0,0.9969764891776778,0.9969764891776778,0.9969764891776778,0.0
cryo_plate,"LN2 cryo-plate, 1.5 s",1.5,4.0,air,Air headspace (sealed),0.2095,Strecker_aldehydes,Strecker aldehydes,2,0.9933318707812135,0.9827320131848407,0.9960151318616608,0.013283118676820083
cryo_plate,"LN2 cryo-plate, 1.5 s",1.5,4.0,air,Air headspace (sealed),0.2095,Strecker_aldehydes,Strecker aldehydes,6,0.9861454562114293,0.9552205834877443,0.9941799977343831,0.038959414246638846
cryo_plate,"LN2 cryo-plate, 1.5 s",1.5,4.0,air,Air headspace (sealed),0.2095,Strecker_aldehydes,Strecker aldehydes,12,0.9754920998929567,0.9156656131547755,0.9914130207857071,0.07574740763093168
cryo_plate,"LN2 cryo-plate, 1.5 s",1.5,4.0,air,Air headspace (sealed),0.2095,Strecker_aldehydes,Strecker aldehydes,24,0.9546303443213324,0.8416447078540031,0.9859550566566835,0.14431034880268034
cryo_plate,"LN2 cryo-plate, 1.5 s",1.5,4.0,air,Air headspace (sealed),0.2095,Strecker_aldehydes,Strecker aldehydes,48,0.9146161964146378,0.7118789368600622,0.9752322262020068,0.2633532893419446
cryo_plate,"LN2 cryo-plate, 1.5 s",1.5,4.0,air,Air headspace (sealed),0.2095,Strecker_aldehydes,Strecker aldehydes,72,0.8767542479501458,0.6031685368571739,0.9647402583528539,0.36157172149568007
hot_thermos,"Hot hold, thermos 65 degC",120.0,65.0,air,Air headspace (sealed),0.2095,Strecker_aldehydes,Strecker aldehydes,0,0.9068310589900527,0.9068310589900527,0.9068310589900527,0.0
hot_thermos,"Hot hold, thermos 65 degC",120.0,65.0,air,Air headspace (sealed),0.2095,Strecker_aldehydes,Strecker aldehydes,2,0.6675765224744215,0.12345358291167229,0.8591207565633463,0.735667173651674
hot_thermos,"Hot hold, thermos 65 degC",120.0,65.0,air,Air headspace (sealed),0.2095,Strecker_aldehydes,Strecker aldehydes,6,0.3739791014797854,0.0026893782979722706,0.7747063370083231,0.7720169587103509
hot_thermos,"Hot hold, thermos 65 degC",120.0,65.0,air,Air headspace (sealed),0.2095,Strecker_aldehydes,Strecker aldehydes,12,0.1629340348107064,1.045998085776044e-05,0.6747136352266914,0.6747031752458336
hot_thermos,"Hot hold, thermos 65 degC",120.0,65.0,air,Air headspace (sealed),0.2095,Strecker_aldehydes,Strecker aldehydes,24,0.03621983393844333,7.481186931641729e-10,0.5281271941945268,0.5281271934464081
hot_thermos,"Hot hold, thermos 65 degC",120.0,65.0,air,Air headspace (sealed),0.2095,Strecker_aldehydes,Strecker aldehydes,48,0.0029404402058448107,2.257189574083408e-17,0.3343894501375697,0.3343894501375697
hot_thermos,"Hot hold, thermos 65 degC",120.0,65.0,air,Air headspace (sealed),0.2095,Strecker_aldehydes,Strecker aldehydes,72,0.00023566615348080206,1.3502866977793316e-24,0.21181516840812734,0.21181516840812734
ice_bath,Ice-bath immersion,300.0,4.0,air,Air headspace (sealed),0.2095,Strecker_aldehydes,Strecker aldehydes,0,0.9969764891776778,0.9969764891776778,0.9969764891776778,0.0
ice_bath,Ice-bath immersion,300.0,4.0,air,Air headspace (sealed),0.2095,Strecker_aldehydes,Strecker aldehydes,2,0.9846284067316667,0.9436269952216023,0.9935346766762826,0.049907681454680275
ice_bath,Ice-bath immersion,300.0,4.0,air,Air headspace (sealed),0.2095,Strecker_aldehydes,Strecker aldehydes,6,0.9765521499147516,0.9254075957632861,0.9902024565297687,0.06479486076648255
ice_bath,Ice-bath immersion,300.0,4.0,air,Air headspace (sealed),0.2095,Strecker_aldehydes,Strecker aldehydes,12,0.9656615217586845,0.8906786006530889,0.9867279060431602,0.09604930539007128
ice_bath,Ice-bath immersion,300.0,4.0,air,Air headspace (sealed),0.2095,Strecker_aldehydes,Strecker aldehydes,24,0.9440612392760226,0.8122052568131854,0.9801433773166979,0.16793812050351242
ice_bath,Ice-bath immersion,300.0,4.0,air,Air headspace (sealed),0.2095,Strecker_aldehydes,Strecker aldehydes,48,0.9036411167503231,0.6960669035904785,0.9674460845149713,0.27137918092449276
ice_bath,Ice-bath immersion,300.0,4.0,air,Air headspace (sealed),0.2095,Strecker_aldehydes,Strecker aldehydes,72,0.8667742874579512,0.5925921820231137,0.9554688249403304,0.36287664291721666
plate_hx,"Plate heat exchanger, 10 s",10.0,4.0,air,Air headspace (sealed),0.2095,Strecker_aldehydes,Strecker aldehydes,0,0.9969764891776778,0.9969764891776778,0.9969764891776778,0.0
plate_hx,"Plate heat exchanger, 10 s",10.0,4.0,air,Air headspace (sealed),0.2095,Strecker_aldehydes,Strecker aldehydes,2,0.9930675605001827,0.9822926518532846,0.9957688292611558,0.013476177407871215
plate_hx,"Plate heat exchanger, 10 s",10.0,4.0,air,Air headspace (sealed),0.2095,Strecker_aldehydes,Strecker aldehydes,6,0.9857544498324675,0.954405639717343,0.9938771574064548,0.039471517689111724
plate_hx,"Plate heat exchanger, 10 s",10.0,4.0,air,Air headspace (sealed),0.2095,Strecker_aldehydes,Strecker aldehydes,12,0.9753302187287987,0.914593462313312,0.9911773058566412,0.07658384354332926
plate_hx,"Plate heat exchanger, 10 s",10.0,4.0,air,Air headspace (sealed),0.2095,Strecker_aldehydes,Strecker aldehydes,24,0.9544723422965691,0.8403607398001612,0.9858073395459445,0.14544659974578322
plate_hx,"Plate heat exchanger, 10 s",10.0,4.0,air,Air headspace (sealed),0.2095,Strecker_aldehydes,Strecker aldehydes,48,0.9144656019053123,0.7108008750694969,0.9751243240751915,0.2643234490056946
plate_hx,"Plate heat exchanger, 10 s",10.0,4.0,air,Air headspace (sealed),0.2095,Strecker_aldehydes,Strecker aldehydes,72,0.8766106215198137,0.6026719595258501,0.9646579491417413,0.36198598961589123
ambient,Ambient bench cooling,1200.0,24.0,inert,"N2/Ar flush, <1 % O2",0.008,Strecker_aldehydes,Strecker aldehydes,0,0.9559093214241998,0.9559093214241998,0.9559093214241998,0.0
ambient,Ambient bench cooling,1200.0,24.0,inert,"N2/Ar flush, <1 % O2",0.008,Strecker_aldehydes,Strecker aldehydes,2,0.9172254754639162,0.7570587259664193,0.9467886571837122,0.18972993121729287
ambient,Ambient bench cooling,1200.0,24.0,inert,"N2/Ar flush, <1 % O2",0.008,Strecker_aldehydes,Strecker aldehydes,6,0.8946312995286401,0.7089293031060225,0.9398015469152969,0.2308722438092744
ambient,Ambient bench cooling,1200.0,24.0,inert,"N2/Ar flush, <1 % O2",0.008,Strecker_aldehydes,Strecker aldehydes,12,0.8632332683062127,0.6359959011725358,0.9307774042123851,0.2947815030398493
ambient,Ambient bench cooling,1200.0,24.0,inert,"N2/Ar flush, <1 % O2",0.008,Strecker_aldehydes,Strecker aldehydes,24,0.8047061159180244,0.4971271565586638,0.91203454517189,0.4149073886132262
ambient,Ambient bench cooling,1200.0,24.0,inert,"N2/Ar flush, <1 % O2",0.008,Strecker_aldehydes,Strecker aldehydes,48,0.7027113348548018,0.3078092061554225,0.8744835889869763,0.5666743828315538
ambient,Ambient bench cooling,1200.0,24.0,inert,"N2/Ar flush, <1 % O2",0.008,Strecker_aldehydes,Strecker aldehydes,72,0.6132751222148081,0.19716550809591138,0.839724344218201,0.6425588361222896
cryo_plate,"LN2 cryo-plate, 1.5 s",1.5,4.0,inert,"N2/Ar flush, <1 % O2",0.008,Strecker_aldehydes,Strecker aldehydes,0,0.987947093896085,0.987947093896085,0.987947093896085,0.0
cryo_plate,"LN2 cryo-plate, 1.5 s",1.5,4.0,inert,"N2/Ar flush, <1 % O2",0.008,Strecker_aldehydes,Strecker aldehydes,2,0.9858736113880303,0.9798046062583283,0.9873845312209584,0.007579924962630047
cryo_plate,"LN2 cryo-plate, 1.5 s",1.5,4.0,inert,"N2/Ar flush, <1 % O2",0.008,Strecker_aldehydes,Strecker aldehydes,6,0.9818084028443081,0.9637302334598685,0.9862985021018437,0.022568268641975142
cryo_plate,"LN2 cryo-plate, 1.5 s",1.5,4.0,inert,"N2/Ar flush, <1 % O2",0.008,Strecker_aldehydes,Strecker aldehydes,12,0.9757317955950633,0.9401198648946513,0.9846744775333136,0.04455461263866234
cryo_plate,"LN2 cryo-plate, 1.5 s",1.5,4.0,inert,"N2/Ar flush, <1 % O2",0.008,Strecker_aldehydes,Strecker aldehydes,24,0.9637094950980437,0.8946477041841229,0.9814392635453267,0.08679155936120386
cryo_plate,"LN2 cryo-plate, 1.5 s",1.5,4.0,inert,"N2/Ar flush, <1 % O2",0.008,Strecker_aldehydes,Strecker aldehydes,48,0.940155834851903,0.8102931356433029,0.9750195208247039,0.16472638518140104
cryo_plate,"LN2 cryo-plate, 1.5 s",1.5,4.0,inert,"N2/Ar flush, <1 % O2",0.008,Strecker_aldehydes,Strecker aldehydes,72,0.9172350190923078,0.7340076170083425,0.9686661373229644,0.23465852031462187
hot_thermos,"Hot hold, thermos 65 degC",120.0,65.0,inert,"N2/Ar flush, <1 % O2",0.008,Strecker_aldehydes,Strecker aldehydes,0,0.6662949701572769,0.6662949701572769,0.6662949701572769,0.0
hot_thermos,"Hot hold, thermos 65 degC",120.0,65.0,inert,"N2/Ar flush, <1 % O2",0.008,Strecker_aldehydes,Strecker aldehydes,2,0.5424472790278114,0.1543289110048259,0.643932762821259,0.48960385181643307
hot_thermos,"Hot hold, thermos 65 degC",120.0,65.0,inert,"N2/Ar flush, <1 % O2",0.008,Strecker_aldehydes,Strecker aldehydes,6,0.36385286748296963,0.009048230455057541,0.6030800523702704,0.5940318219152129
hot_thermos,"Hot hold, thermos 65 degC",120.0,65.0,inert,"N2/Ar flush, <1 % O2",0.008,Strecker_aldehydes,Strecker aldehydes,12,0.2023764437977414,0.00013515521443806036,0.5467978448737163,0.5466626896592782
hot_thermos,"Hot hold, thermos 65 degC",120.0,65.0,inert,"N2/Ar flush, <1 % O2",0.008,Strecker_aldehydes,Strecker aldehydes,24,0.06346339044555972,3.4644677637113615e-08,0.4549593106951784,0.4549592760505008
hot_thermos,"Hot hold, thermos 65 degC",120.0,65.0,inert,"N2/Ar flush, <1 % O2",0.008,Strecker_aldehydes,Strecker aldehydes,48,0.006435324353354987,3.181757825824453e-15,0.32504948868760425,0.3250494886876011
hot_thermos,"Hot hold, thermos 65 degC",120.0,65.0,inert,"N2/Ar flush, <1 % O2",0.008,Strecker_aldehydes,Strecker aldehydes,72,0.0006679879867657749,3.6157139663574607e-22,0.2287875570316103,0.2287875570316103
ice_bath,Ice-bath immersion,300.0,4.0,inert,"N2/Ar flush, <1 % O2",0.008,Strecker_aldehydes,Strecker aldehydes,0,0.987947093896085,0.987947093896085,0.987947093896085,0.0
ice_bath,Ice-bath immersion,300.0,4.0,inert,"N2/Ar flush, <1 % O2",0.008,Strecker_aldehydes,Strecker aldehydes,2,0.9801330319641635,0.9510778590057121,0.98590294486598,0.03482508586026789
ice_bath,Ice-bath immersion,300.0,4.0,inert,"N2/Ar flush, <1 % O2",0.008,Strecker_aldehydes,Strecker aldehydes,6,0.9753168813738613,0.9414974820873251,0.984290411665152,0.04279292957782688
ice_bath,Ice-bath immersion,300.0,4.0,inert,"N2/Ar flush, <1 % O2",0.008,Strecker_aldehydes,Strecker aldehydes,12,0.9687716487499172,0.9219091825111548,0.9819185580655904,0.06000937555443553
ice_bath,Ice-bath immersion,300.0,4.0,inert,"N2/Ar flush, <1 % O2",0.008,Strecker_aldehydes,Strecker aldehydes,24,0.9555565549577631,0.8768661546988769,0.9778918340821637,0.10102567938328688
ice_bath,Ice-bath immersion,300.0,4.0,inert,"N2/Ar flush, <1 % O2",0.008,Strecker_aldehydes,Strecker aldehydes,48,0.9302508024803116,0.7940514746957226,0.9702648013260922,0.1762133266303696
ice_bath,Ice-bath immersion,300.0,4.0,inert,"N2/Ar flush, <1 % O2",0.008,Strecker_aldehydes,Strecker aldehydes,72,0.9084079907679484,0.7278399054565753,0.9642574542324063,0.236417548775831
plate_hx,"Plate heat exchanger, 10 s",10.0,4.0,inert,"N2/Ar flush, <1 % O2",0.008,Strecker_aldehydes,Strecker aldehydes,0,0.987947093896085,0.987947093896085,0.987947093896085,0.0
plate_hx,"Plate heat exchanger, 10 s",10.0,4.0,inert,"N2/Ar flush, <1 % O2",0.008,Strecker_aldehydes,Strecker aldehydes,2,0.9856515707652784,0.9795850581141022,0.9872813373962681,0.007696279282165874
plate_hx,"Plate heat exchanger, 10 s",10.0,4.0,inert,"N2/Ar flush, <1 % O2",0.008,Strecker_aldehydes,Strecker aldehydes,6,0.9815932898395666,0.9632002216218355,0.9861570622138145,0.022956840591979
plate_hx,"Plate heat exchanger, 10 s",10.0,4.0,inert,"N2/Ar flush, <1 % O2",0.008,Strecker_aldehydes,Strecker aldehydes,12,0.9755514893444406,0.9400837880038099,0.984575203536372,0.044491415532562084
plate_hx,"Plate heat exchanger, 10 s",10.0,4.0,inert,"N2/Ar flush, <1 % O2",0.008,Strecker_aldehydes,Strecker aldehydes,24,0.9635810691036839,0.8946134857872908,0.9813203592264305,0.08670687343913963
plate_hx,"Plate heat exchanger, 10 s",10.0,4.0,inert,"N2/Ar flush, <1 % O2",0.008,Strecker_aldehydes,Strecker aldehydes,48,0.9400278785712587,0.8102623449416738,0.9749014324746759,0.16463908753300205
plate_hx,"Plate heat exchanger, 10 s",10.0,4.0,inert,"N2/Ar flush, <1 % O2",0.008,Strecker_aldehydes,Strecker aldehydes,72,0.917110257988168,0.7339799023951412,0.9685488553425311,0.23456895294738989
ambient,Ambient bench cooling,1200.0,24.0,vacuum,Vacuum (50 mbar pull-down),0.010475,Strecker_aldehydes,Strecker aldehydes,0,0.4524681649087622,0.4524681649087622,0.4524681649087622,0.0
ambient,Ambient bench cooling,1200.0,24.0,vacuum,Vacuum (50 mbar pull-down),0.010475,Strecker_aldehydes,Strecker aldehydes,2,0.43381672524780945,0.35735332872314934,0.44809798662322814,0.0907446579000788
ambient,Ambient bench cooling,1200.0,24.0,vacuum,Vacuum (50 mbar pull-down),0.010475,Strecker_aldehydes,Strecker aldehydes,6,0.4229096141432733,0.3346555570548872,0.4446648595548053,0.11000930249991808
ambient,Ambient bench cooling,1200.0,24.0,vacuum,Vacuum (50 mbar pull-down),0.010475,Strecker_aldehydes,Strecker aldehydes,12,0.40780117958202194,0.2991517486699322,0.44003884632631535,0.14088709765638313
ambient,Ambient bench cooling,1200.0,24.0,vacuum,Vacuum (50 mbar pull-down),0.010475,Strecker_aldehydes,Strecker aldehydes,24,0.379809453714271,0.23487328716137865,0.43134823022041124,0.1964749430590326
ambient,Ambient bench cooling,1200.0,24.0,vacuum,Vacuum (50 mbar pull-down),0.010475,Strecker_aldehydes,Strecker aldehydes,48,0.3306149538848976,0.14360315158232007,0.413500400603074,0.26989724902075396
ambient,Ambient bench cooling,1200.0,24.0,vacuum,Vacuum (50 mbar pull-down),0.010475,Strecker_aldehydes,Strecker aldehydes,72,0.28809332671454896,0.0888813245913904,0.39652408878797357,0.30764276419658315
cryo_plate,"LN2 cryo-plate, 1.5 s",1.5,4.0,vacuum,Vacuum (50 mbar pull-down),0.010475,Strecker_aldehydes,Strecker aldehydes,0,0.8196149455836712,0.8196149455836712,0.8196149455836712,0.0
cryo_plate,"LN2 cryo-plate, 1.5 s",1.5,4.0,vacuum,Vacuum (50 mbar pull-down),0.010475,Strecker_aldehydes,Strecker aldehydes,2,0.8178578550369426,0.8127897323534996,0.8191358675633847,0.00634613520988514
cryo_plate,"LN2 cryo-plate, 1.5 s",1.5,4.0,vacuum,Vacuum (50 mbar pull-down),0.010475,Strecker_aldehydes,Strecker aldehydes,6,0.8144189353707281,0.7993180051612713,0.8182131761959909,0.018895171034719604
cryo_plate,"LN2 cryo-plate, 1.5 s",1.5,4.0,vacuum,Vacuum (50 mbar pull-down),0.010475,Strecker_aldehydes,Strecker aldehydes,12,0.8092751208593532,0.77953580817471,0.8168324080655373,0.03729659989082723
cryo_plate,"LN2 cryo-plate, 1.5 s",1.5,4.0,vacuum,Vacuum (50 mbar pull-down),0.010475,Strecker_aldehydes,Strecker aldehydes,24,0.7990919804778736,0.7414548184999193,0.8140825554496061,0.07262773694968672
cryo_plate,"LN2 cryo-plate, 1.5 s",1.5,4.0,vacuum,Vacuum (50 mbar pull-down),0.010475,Strecker_aldehydes,Strecker aldehydes,48,0.7791362305525826,0.6708781173380409,0.8086289506393097,0.1377508333012688
cryo_plate,"LN2 cryo-plate, 1.5 s",1.5,4.0,vacuum,Vacuum (50 mbar pull-down),0.010475,Strecker_aldehydes,Strecker aldehydes,72,0.7597140589929736,0.6071316499150872,0.8032356322122978,0.1961039822972106
hot_thermos,"Hot hold, thermos 65 degC",120.0,65.0,vacuum,Vacuum (50 mbar pull-down),0.010475,Strecker_aldehydes,Strecker aldehydes,0,0.00027605267969528426,0.00027605267969528426,0.00027605267969528426,0.0
hot_thermos,"Hot hold, thermos 65 degC",120.0,65.0,vacuum,Vacuum (50 mbar pull-down),0.010475,Strecker_aldehydes,Strecker aldehydes,2,0.00022365319486611612,6.272941714538897e-05,0.0002662225221800235,0.00020349310503463454
hot_thermos,"Hot hold, thermos 65 degC",120.0,65.0,vacuum,Vacuum (50 mbar pull-down),0.010475,Strecker_aldehydes,Strecker aldehydes,6,0.00014862146460008083,3.557283206704122e-06,0.000248540775303383,0.0002449834920966789
hot_thermos,"Hot hold, thermos 65 degC",120.0,65.0,vacuum,Vacuum (50 mbar pull-down),0.010475,Strecker_aldehydes,Strecker aldehydes,12,8.196376200860903e-05,5.099264982901517e-08,0.0002257336263812178,0.0002256826337313888
hot_thermos,"Hot hold, thermos 65 degC",120.0,65.0,vacuum,Vacuum (50 mbar pull-down),0.010475,Strecker_aldehydes,Strecker aldehydes,24,2.5851415217404354e-05,1.2327989263501061e-11,0.00018617818988431623,0.00018617817755632696
hot_thermos,"Hot hold, thermos 65 degC",120.0,65.0,vacuum,Vacuum (50 mbar pull-down),0.010475,Strecker_aldehydes,Strecker aldehydes,48,2.6039926343966106e-06,1.065996529001177e-18,0.00013231270974958792,0.00013231270974958686
hot_thermos,"Hot hold, thermos 65 degC",120.0,65.0,vacuum,Vacuum (50 mbar pull-down),0.010475,Strecker_aldehydes,Strecker aldehydes,72,2.69507900627709e-07,1.1825940247038954e-25,9.444389021976449e-05,9.444389021976449e-05
ice_bath,Ice-bath immersion,300.0,4.0,vacuum,Vacuum (50 mbar pull-down),0.010475,Strecker_aldehydes,Strecker aldehydes,0,0.8196149455836712,0.8196149455836712,0.8196149455836712,0.0
ice_bath,Ice-bath immersion,300.0,4.0,vacuum,Vacuum (50 mbar pull-down),0.010475,Strecker_aldehydes,Strecker aldehydes,2,0.8130433612292749,0.7886358174142026,0.817897022615113,0.029261205200910356
ice_bath,Ice-bath immersion,300.0,4.0,vacuum,Vacuum (50 mbar pull-down),0.010475,Strecker_aldehydes,Strecker aldehydes,6,0.8089677522800293,0.7809660307154382,0.8164786762367927,0.03551264552135447
ice_bath,Ice-bath immersion,300.0,4.0,vacuum,Vacuum (50 mbar pull-down),0.010475,Strecker_aldehydes,Strecker aldehydes,12,0.8034490865002107,0.7646125724531804,0.8145292898126893,0.04991671735950898
ice_bath,Ice-bath immersion,300.0,4.0,vacuum,Vacuum (50 mbar pull-down),0.010475,Strecker_aldehydes,Strecker aldehydes,24,0.7921185736316134,0.7248056496238486,0.8110229802518559,0.0862173306280073
ice_bath,Ice-bath immersion,300.0,4.0,vacuum,Vacuum (50 mbar pull-down),0.010475,Strecker_aldehydes,Strecker aldehydes,48,0.7709225760306865,0.6571468195410324,0.8044265252747955,0.14727970573376314
ice_bath,Ice-bath immersion,300.0,4.0,vacuum,Vacuum (50 mbar pull-down),0.010475,Strecker_aldehydes,Strecker aldehydes,72,0.7523058770338813,0.6012797479851073,0.7992815563630079,0.1980018083779006
plate_hx,"Plate heat exchanger, 10 s",10.0,4.0,vacuum,Vacuum (50 mbar pull-down),0.010475,Strecker_aldehydes,Strecker aldehydes,0,0.8196149455836712,0.8196149455836712,0.8196149455836712,0.0
plate_hx,"Plate heat exchanger, 10 s",10.0,4.0,vacuum,Vacuum (50 mbar pull-down),0.010475,Strecker_aldehydes,Strecker aldehydes,2,0.8176726926198001,0.8125782493165876,0.8190426002033395,0.006464350886751902
plate_hx,"Plate heat exchanger, 10 s",10.0,4.0,vacuum,Vacuum (50 mbar pull-down),0.010475,Strecker_aldehydes,Strecker aldehydes,6,0.8142454225554051,0.7990382004969262,0.8180980375708791,0.019059837073952868
plate_hx,"Plate heat exchanger, 10 s",10.0,4.0,vacuum,Vacuum (50 mbar pull-down),0.010475,Strecker_aldehydes,Strecker aldehydes,12,0.8091127251328547,0.7795057194024354,0.8167318185485474,0.03722609914611197
plate_hx,"Plate heat exchanger, 10 s",10.0,4.0,vacuum,Vacuum (50 mbar pull-down),0.010475,Strecker_aldehydes,Strecker aldehydes,24,0.7989606938072069,0.7414263101743518,0.8139823237307344,0.07255601355638264
plate_hx,"Plate heat exchanger, 10 s",10.0,4.0,vacuum,Vacuum (50 mbar pull-down),0.010475,Strecker_aldehydes,Strecker aldehydes,48,0.7790357428317582,0.670852518552978,0.8085294276544468,0.1376769091014688
plate_hx,"Plate heat exchanger, 10 s",10.0,4.0,vacuum,Vacuum (50 mbar pull-down),0.010475,Strecker_aldehydes,Strecker aldehydes,72,0.7596161306439151,0.6071086558804821,0.803136809006671,0.19602815312618882
ambient,Ambient bench cooling,1200.0,24.0,air,Air headspace (sealed),0.2095,Titratable_acidity,pH stability (no acid drift),0,1.0,1.0,1.0,0.0
ambient,Ambient bench cooling,1200.0,24.0,air,Air headspace (sealed),0.2095,Titratable_acidity,pH stability (no acid drift),2,0.9979234317301016,0.9896237251709734,0.9995323955329887,0.00990867036201526
ambient,Ambient bench cooling,1200.0,24.0,air,Air headspace (sealed),0.2095,Titratable_acidity,pH stability (no acid drift),6,0.9975160735424707,0.9892844589487431,0.9993096527473075,0.01002519379856448
ambient,Ambient bench cooling,1200.0,24.0,air,Air headspace (sealed),0.2095,Titratable_acidity,pH stability (no acid drift),12,0.9969701973833076,0.9885732710378469,0.9990359334281963,0.010462662390349431
ambient,Ambient bench cooling,1200.0,24.0,air,Air headspace (sealed),0.2095,Titratable_acidity,pH stability (no acid drift),24,0.9959289350904894,0.9868590119824542,0.9984202780155452,0.011561266033091044
ambient,Ambient bench cooling,1200.0,24.0,air,Air headspace (sealed),0.2095,Titratable_acidity,pH stability (no acid drift),48,0.9938845626209907,0.9842642328705344,0.9972758369840367,0.013011604113502218
ambient,Ambient bench cooling,1200.0,24.0,air,Air headspace (sealed),0.2095,Titratable_acidity,pH stability (no acid drift),72,0.9918164228960855,0.9808555613468455,0.9961746490311455,0.015319087684300015
cryo_plate,"LN2 cryo-plate, 1.5 s",1.5,4.0,air,Air headspace (sealed),0.2095,Titratable_acidity,pH stability (no acid drift),0,1.0,1.0,1.0,0.0
cryo_plate,"LN2 cryo-plate, 1.5 s",1.5,4.0,air,Air headspace (sealed),0.2095,Titratable_acidity,pH stability (no acid drift),2,0.9999856000341327,0.9999582144908425,0.9999933518292841,3.513733844151545e-05
cryo_plate,"LN2 cryo-plate, 1.5 s",1.5,4.0,air,Air headspace (sealed),0.2095,Titratable_acidity,pH stability (no acid drift),6,0.9999624343045124,0.9998812396559233,0.999985588626588,0.00010434897066469162
cryo_plate,"LN2 cryo-plate, 1.5 s",1.5,4.0,air,Air headspace (sealed),0.2095,Titratable_acidity,pH stability (no acid drift),12,0.9999265521394438,0.9997629193203736,0.9999740554306276,0.00021113611025391776
cryo_plate,"LN2 cryo-plate, 1.5 s",1.5,4.0,air,Air headspace (sealed),0.2095,Titratable_acidity,pH stability (no acid drift),24,0.9998548870034807,0.9995269885482106,0.999951076974815,0.0004240884266043521
cryo_plate,"LN2 cryo-plate, 1.5 s",1.5,4.0,air,Air headspace (sealed),0.2095,Titratable_acidity,pH stability (no acid drift),48,0.9997112637603733,0.9990579281002961,0.999907441541035,0.0008495134407388027
cryo_plate,"LN2 cryo-plate, 1.5 s",1.5,4.0,air,Air headspace (sealed),0.2095,Titratable_acidity,pH stability (no acid drift),72,0.999568233418237,0.9985925302899396,0.9998622130458402,0.0012696827559006696
hot_thermos,"Hot hold, thermos 65 degC",120.0,65.0,air,Air headspace (sealed),0.2095,Titratable_acidity,pH stability (no acid drift),0,1.0,1.0,1.0,0.0
hot_thermos,"Hot hold, thermos 65 degC",120.0,65.0,air,Air headspace (sealed),0.2095,Titratable_acidity,pH stability (no acid drift),2,0.9861851926083489,0.9310451620322332,0.997750697727449,0.06670553569521576
hot_thermos,"Hot hold, thermos 65 degC",120.0,65.0,air,Air headspace (sealed),0.2095,Titratable_acidity,pH stability (no acid drift),6,0.9603008386699297,0.8127664642150843,0.9933517404575357,0.18058527624245146
hot_thermos,"Hot hold, thermos 65 degC",120.0,65.0,air,Air headspace (sealed),0.2095,Titratable_acidity,pH stability (no acid drift),12,0.9237610276302366,0.6671683945942122,0.9868466094207633,0.3196782148265511
hot_thermos,"Hot hold, thermos 65 degC",120.0,65.0,air,Air headspace (sealed),0.2095,Titratable_acidity,pH stability (no acid drift),24,0.857235981679577,0.453515574197383,0.9741270205127037,0.5206114463153207
hot_thermos,"Hot hold, thermos 65 degC",120.0,65.0,air,Air headspace (sealed),0.2095,Titratable_acidity,pH stability (no acid drift),48,0.7452000481597743,0.21626882423516933,0.9502858531126575,0.7340170288774881
hot_thermos,"Hot hold, thermos 65 degC",120.0,65.0,air,Air headspace (sealed),0.2095,Titratable_acidity,pH stability (no acid drift),72,0.6506844468701283,0.10552849044670909,0.931030436287907,0.825501945841198
ice_bath,Ice-bath immersion,300.0,4.0,air,Air headspace (sealed),0.2095,Titratable_acidity,pH stability (no acid drift),0,1.0,1.0,1.0,0.0
ice_bath,Ice-bath immersion,300.0,4.0,air,Air headspace (sealed),0.2095,Titratable_acidity,pH stability (no acid drift),2,0.9996627831731175,0.9982372477748591,0.9999131560949756,0.001675908320116437
ice_bath,Ice-bath immersion,300.0,4.0,air,Air headspace (sealed),0.2095,Titratable_acidity,pH stability (no acid drift),6,0.999628611544739,0.9982274350776841,0.9998767700384809,0.0016493349607967778
ice_bath,Ice-bath immersion,300.0,4.0,air,Air headspace (sealed),0.2095,Titratable_acidity,pH stability (no acid drift),12,0.9995686029159205,0.9982127324262832,0.9998370066194928,0.0016242741932096516
ice_bath,Ice-bath immersion,300.0,4.0,air,Air headspace (sealed),0.2095,Titratable_acidity,pH stability (no acid drift),24,0.9994740819973766,0.9981833857227904,0.9997674324032547,0.0015840466804643016
ice_bath,Ice-bath immersion,300.0,4.0,air,Air headspace (sealed),0.2095,Titratable_acidity,pH stability (no acid drift),48,0.9992605612077871,0.9980363539814173,0.9996562910481155,0.0016199370666981627
ice_bath,Ice-bath immersion,300.0,4.0,air,Air headspace (sealed),0.2095,Titratable_acidity,pH stability (no acid drift),72,0.9990754981149068,0.99770108645717,0.9995597671230988,0.001858680665928758
plate_hx,"Plate heat exchanger, 10 s",10.0,4.0,air,Air headspace (sealed),0.2095,Titratable_acidity,pH stability (no acid drift),0,1.0,1.0,1.0,0.0
plate_hx,"Plate heat exchanger, 10 s",10.0,4.0,air,Air headspace (sealed),0.2095,Titratable_acidity,pH stability (no acid drift),2,0.9999738550503984,0.999935763954262,0.9999876238120524,5.1859857790437225e-05
plate_hx,"Plate heat exchanger, 10 s",10.0,4.0,air,Air headspace (sealed),0.2095,Titratable_acidity,pH stability (no acid drift),6,0.9999479485798396,0.9998648936546304,0.9999752866564066,0.00011039300177617672
plate_hx,"Plate heat exchanger, 10 s",10.0,4.0,air,Air headspace (sealed),0.2095,Titratable_acidity,pH stability (no acid drift),12,0.9999113380479883,0.9997492533611679,0.9999588143370293,0.0002095609758613337
plate_hx,"Plate heat exchanger, 10 s",10.0,4.0,air,Air headspace (sealed),0.2095,Titratable_acidity,pH stability (no acid drift),24,0.9998411597508579,0.9995256644823001,0.9999312614674187,0.0004055969851186614
plate_hx,"Plate heat exchanger, 10 s",10.0,4.0,air,Air headspace (sealed),0.2095,Titratable_acidity,pH stability (no acid drift),48,0.9997026333296464,0.999056610103595,0.9998884353688937,0.0008318252652986802
plate_hx,"Plate heat exchanger, 10 s",10.0,4.0,air,Air headspace (sealed),0.2095,Titratable_acidity,pH stability (no acid drift),72,0.9995610231547538,0.9985912182264216,0.9998427755422825,0.0012515573158609072
ambient,Ambient bench cooling,1200.0,24.0,inert,"N2/Ar flush, <1 % O2",0.008,Titratable_acidity,pH stability (no acid drift),0,1.0,1.0,1.0,0.0
ambient,Ambient bench cooling,1200.0,24.0,inert,"N2/Ar flush, <1 % O2",0.008,Titratable_acidity,pH stability (no acid drift),2,0.9982342274511952,0.9913261606764098,0.9996393800003243,0.00831321932391449
ambient,Ambient bench cooling,1200.0,24.0,inert,"N2/Ar flush, <1 % O2",0.008,Titratable_acidity,pH stability (no acid drift),6,0.9979295852624389,0.99086333370977,0.9994501844148758,0.008586850705105786
ambient,Ambient bench cooling,1200.0,24.0,inert,"N2/Ar flush, <1 % O2",0.008,Titratable_acidity,pH stability (no acid drift),12,0.9974825673662966,0.9901163497747738,0.9991890062705734,0.00907265649579958
ambient,Ambient bench cooling,1200.0,24.0,inert,"N2/Ar flush, <1 % O2",0.008,Titratable_acidity,pH stability (no acid drift),24,0.9965869213883841,0.9887552091937315,0.9987409186688836,0.009985709475152094
ambient,Ambient bench cooling,1200.0,24.0,inert,"N2/Ar flush, <1 % O2",0.008,Titratable_acidity,pH stability (no acid drift),48,0.995006324781027,0.9862961421559674,0.9979359703524706,0.011639828196503221
ambient,Ambient bench cooling,1200.0,24.0,inert,"N2/Ar flush, <1 % O2",0.008,Titratable_acidity,pH stability (no acid drift),72,0.9932982608983034,0.9836079065826335,0.9970841660753403,0.01347625949270681
cryo_plate,"LN2 cryo-plate, 1.5 s",1.5,4.0,inert,"N2/Ar flush, <1 % O2",0.008,Titratable_acidity,pH stability (no acid drift),0,1.0,1.0,1.0,0.0
cryo_plate,"LN2 cryo-plate, 1.5 s",1.5,4.0,inert,"N2/Ar flush, <1 % O2",0.008,Titratable_acidity,pH stability (no acid drift),2,0.9999887237964579,0.999967491974855,0.9999950756821943,2.7583707339240426e-05
cryo_plate,"LN2 cryo-plate, 1.5 s",1.5,4.0,inert,"N2/Ar flush, <1 % O2",0.008,Titratable_acidity,pH stability (no acid drift),6,0.9999708475408511,0.9999061235687347,0.9999883267630549,8.2203194320285e-05
cryo_plate,"LN2 cryo-plate, 1.5 s",1.5,4.0,inert,"N2/Ar flush, <1 % O2",0.008,Titratable_acidity,pH stability (no acid drift),12,0.9999433169499652,0.9998128206721083,0.9999787896212058,0.0001659689490974836
cryo_plate,"LN2 cryo-plate, 1.5 s",1.5,4.0,inert,"N2/Ar flush, <1 % O2",0.008,Titratable_acidity,pH stability (no acid drift),24,0.9998894622093537,0.9996261902227721,0.9999621591394812,0.0003359689167090618
cryo_plate,"LN2 cryo-plate, 1.5 s",1.5,4.0,inert,"N2/Ar flush, <1 % O2",0.008,Titratable_acidity,pH stability (no acid drift),48,0.9997799443350104,0.9992537739282499,0.9999281482862006,0.0006743743579507022
cryo_plate,"LN2 cryo-plate, 1.5 s",1.5,4.0,inert,"N2/Ar flush, <1 % O2",0.008,Titratable_acidity,pH stability (no acid drift),72,0.9996719616576657,0.9988823135274071,0.9998943910307405,0.0010120775033334306
hot_thermos,"Hot hold, thermos 65 degC",120.0,65.0,inert,"N2/Ar flush, <1 % O2",0.008,Titratable_acidity,pH stability (no acid drift),0,1.0,1.0,1.0,0.0
hot_thermos,"Hot hold, thermos 65 degC",120.0,65.0,inert,"N2/Ar flush, <1 % O2",0.008,Titratable_acidity,pH stability (no acid drift),2,0.9882966617124949,0.9411029176792253,0.9981027197399304,0.056999802060705096
hot_thermos,"Hot hold, thermos 65 degC",120.0,65.0,inert,"N2/Ar flush, <1 % O2",0.008,Titratable_acidity,pH stability (no acid drift),6,0.9660878868696697,0.8379534788155033,0.9943903185343885,0.15643683971888522
hot_thermos,"Hot hold, thermos 65 degC",120.0,65.0,inert,"N2/Ar flush, <1 % O2",0.008,Titratable_acidity,pH stability (no acid drift),12,0.9340706311871255,0.7052208057495981,0.9888657408967594,0.28364493514716127
hot_thermos,"Hot hold, thermos 65 degC",120.0,65.0,inert,"N2/Ar flush, <1 % O2",0.008,Titratable_acidity,pH stability (no acid drift),24,0.8738721989595033,0.501898515443298,0.977959528932331,0.47606101348903296
hot_thermos,"Hot hold, thermos 65 degC",120.0,65.0,inert,"N2/Ar flush, <1 % O2",0.008,Titratable_acidity,pH stability (no acid drift),48,0.7649195744900461,0.2573830347614282,0.9566354539222761,0.6992524191608479
hot_thermos,"Hot hold, thermos 65 degC",120.0,65.0,inert,"N2/Ar flush, <1 % O2",0.008,Titratable_acidity,pH stability (no acid drift),72,0.6709619899390251,0.1331585186025707,0.9358654063141574,0.8027068877115867
ice_bath,Ice-bath immersion,300.0,4.0,inert,"N2/Ar flush, <1 % O2",0.008,Titratable_acidity,pH stability (no acid drift),0,1.0,1.0,1.0,0.0
ice_bath,Ice-bath immersion,300.0,4.0,inert,"N2/Ar flush, <1 % O2",0.008,Titratable_acidity,pH stability (no acid drift),2,0.9997140601166208,0.9985454839066654,0.9999321469151199,0.0013866630084544695
ice_bath,Ice-bath immersion,300.0,4.0,inert,"N2/Ar flush, <1 % O2",0.008,Titratable_acidity,pH stability (no acid drift),6,0.9996880991112694,0.9985279333742453,0.9999022666387586,0.0013743332645133055
ice_bath,Ice-bath immersion,300.0,4.0,inert,"N2/Ar flush, <1 % O2",0.008,Titratable_acidity,pH stability (no acid drift),12,0.9996426715052279,0.9985016216135388,0.9998775204884447,0.0013758988749058565
ice_bath,Ice-bath immersion,300.0,4.0,inert,"N2/Ar flush, <1 % O2",0.008,Titratable_acidity,pH stability (no acid drift),24,0.9995624663590368,0.9984123499133284,0.9998261223474229,0.0014137724340944624
ice_bath,Ice-bath immersion,300.0,4.0,inert,"N2/Ar flush, <1 % O2",0.008,Titratable_acidity,pH stability (no acid drift),48,0.9994130619350896,0.998263317042902,0.999732573528535,0.0014692564856328971
ice_bath,Ice-bath immersion,300.0,4.0,inert,"N2/Ar flush, <1 % O2",0.008,Titratable_acidity,pH stability (no acid drift),72,0.9992563583162377,0.9981093799361743,0.9996430575460561,0.0015336776098817673
plate_hx,"Plate heat exchanger, 10 s",10.0,4.0,inert,"N2/Ar flush, <1 % O2",0.008,Titratable_acidity,pH stability (no acid drift),0,1.0,1.0,1.0,0.0
plate_hx,"Plate heat exchanger, 10 s",10.0,4.0,inert,"N2/Ar flush, <1 % O2",0.008,Titratable_acidity,pH stability (no acid drift),2,0.999979165008875,0.9999446016421563,0.9999901149238842,4.551328172797131e-05
plate_hx,"Plate heat exchanger, 10 s",10.0,4.0,inert,"N2/Ar flush, <1 % O2",0.008,Titratable_acidity,pH stability (no acid drift),6,0.9999587326604527,0.9998907397488667,0.9999813699333637,9.063018449706473e-05
plate_hx,"Plate heat exchanger, 10 s",10.0,4.0,inert,"N2/Ar flush, <1 % O2",0.008,Titratable_acidity,pH stability (no acid drift),12,0.999931091782325,0.9998045079389482,0.9999691037842541,0.00016459584530592597
plate_hx,"Plate heat exchanger, 10 s",10.0,4.0,inert,"N2/Ar flush, <1 % O2",0.008,Titratable_acidity,pH stability (no acid drift),24,0.9998779076910773,0.999623490655055,0.9999470354808477,0.00032354482579277644
plate_hx,"Plate heat exchanger, 10 s",10.0,4.0,inert,"N2/Ar flush, <1 % O2",0.008,Titratable_acidity,pH stability (no acid drift),48,0.9997696420939177,0.9992511918341683,0.9999101778660772,0.000658986031908837
plate_hx,"Plate heat exchanger, 10 s",10.0,4.0,inert,"N2/Ar flush, <1 % O2",0.008,Titratable_acidity,pH stability (no acid drift),72,0.9996600619839499,0.9988797536626894,0.999871308201199,0.0009915545385095204
ambient,Ambient bench cooling,1200.0,24.0,vacuum,Vacuum (50 mbar pull-down),0.010475,Titratable_acidity,pH stability (no acid drift),0,1.0,1.0,1.0,0.0
ambient,Ambient bench cooling,1200.0,24.0,vacuum,Vacuum (50 mbar pull-down),0.010475,Titratable_acidity,pH stability (no acid drift),2,0.998226678192979,0.9912373778688701,0.9996357563532271,0.008398378484356983
ambient,Ambient bench cooling,1200.0,24.0,vacuum,Vacuum (50 mbar pull-down),0.010475,Titratable_acidity,pH stability (no acid drift),6,0.9979094649464345,0.9907686516990106,0.9994481200260583,0.00867946832704769
ambient,Ambient bench cooling,1200.0,24.0,vacuum,Vacuum (50 mbar pull-down),0.010475,Titratable_acidity,pH stability (no acid drift),12,0.9974635254495067,0.9900535988441959,0.9991824773694523,0.009128878525256456
ambient,Ambient bench cooling,1200.0,24.0,vacuum,Vacuum (50 mbar pull-down),0.010475,Titratable_acidity,pH stability (no acid drift),24,0.9965681244653588,0.988634473942164,0.9987262959421132,0.01009182199994918
ambient,Ambient bench cooling,1200.0,24.0,vacuum,Vacuum (50 mbar pull-down),0.010475,Titratable_acidity,pH stability (no acid drift),48,0.9949735087445517,0.9860771367520135,0.9979129012105535,0.011835764458540066
ambient,Ambient bench cooling,1200.0,24.0,vacuum,Vacuum (50 mbar pull-down),0.010475,Titratable_acidity,pH stability (no acid drift),72,0.9932266472760831,0.9835752830265808,0.9970427633972428,0.013467480370662033
cryo_plate,"LN2 cryo-plate, 1.5 s",1.5,4.0,vacuum,Vacuum (50 mbar pull-down),0.010475,Titratable_acidity,pH stability (no acid drift),0,1.0,1.0,1.0,0.0
cryo_plate,"LN2 cryo-plate, 1.5 s",1.5,4.0,vacuum,Vacuum (50 mbar pull-down),0.010475,Titratable_acidity,pH stability (no acid drift),2,0.9999886276796182,0.9999671844868899,0.9999950248311393,2.7840344249407956e-05
cryo_plate,"LN2 cryo-plate, 1.5 s",1.5,4.0,vacuum,Vacuum (50 mbar pull-down),0.010475,Titratable_acidity,pH stability (no acid drift),6,0.9999706757882021,0.9999051266835844,0.9999881629836754,8.303630009098839e-05
cryo_plate,"LN2 cryo-plate, 1.5 s",1.5,4.0,vacuum,Vacuum (50 mbar pull-down),0.010475,Titratable_acidity,pH stability (no acid drift),12,0.9999427996850181,0.9998105162507809,0.9999786998772421,0.00016818362646120466
cryo_plate,"LN2 cryo-plate, 1.5 s",1.5,4.0,vacuum,Vacuum (50 mbar pull-down),0.010475,Titratable_acidity,pH stability (no acid drift),24,0.9998869013497516,0.9996214001262799,0.9999617391306581,0.0003403390043782428
cryo_plate,"LN2 cryo-plate, 1.5 s",1.5,4.0,vacuum,Vacuum (50 mbar pull-down),0.010475,Titratable_acidity,pH stability (no acid drift),48,0.9997748217258482,0.9992444436933257,0.9999277991330268,0.0006833554397011055
cryo_plate,"LN2 cryo-plate, 1.5 s",1.5,4.0,vacuum,Vacuum (50 mbar pull-down),0.010475,Titratable_acidity,pH stability (no acid drift),72,0.9996638281835412,0.9988682242845522,0.9998938742339814,0.0010256499494291083
hot_thermos,"Hot hold, thermos 65 degC",120.0,65.0,vacuum,Vacuum (50 mbar pull-down),0.010475,Titratable_acidity,pH stability (no acid drift),0,1.0,1.0,1.0,0.0
hot_thermos,"Hot hold, thermos 65 degC",120.0,65.0,vacuum,Vacuum (50 mbar pull-down),0.010475,Titratable_acidity,pH stability (no acid drift),2,0.9882145077367135,0.9405266293944102,0.9980961810762192,0.057569551681808995
hot_thermos,"Hot hold, thermos 65 degC",120.0,65.0,vacuum,Vacuum (50 mbar pull-down),0.010475,Titratable_acidity,pH stability (no acid drift),6,0.9657357614466369,0.8365438697892387,0.9943721770130698,0.15782830722383112
hot_thermos,"Hot hold, thermos 65 degC",120.0,65.0,vacuum,Vacuum (50 mbar pull-down),0.010475,Titratable_acidity,pH stability (no acid drift),12,0.9334126647745145,0.7030744280137912,0.9888329740078688,0.2857585459940777
hot_thermos,"Hot hold, thermos 65 degC",120.0,65.0,vacuum,Vacuum (50 mbar pull-down),0.010475,Titratable_acidity,pH stability (no acid drift),24,0.8731231969322979,0.49935063040085365,0.9779053544450914,0.47855472404423777
hot_thermos,"Hot hold, thermos 65 degC",120.0,65.0,vacuum,Vacuum (50 mbar pull-down),0.010475,Titratable_acidity,pH stability (no acid drift),48,0.7644961564795675,0.2554860641608684,0.9565584358058312,0.7010723716449628
hot_thermos,"Hot hold, thermos 65 degC",120.0,65.0,vacuum,Vacuum (50 mbar pull-down),0.010475,Titratable_acidity,pH stability (no acid drift),72,0.6703205710733455,0.13203774578335978,0.9357793756930094,0.8037416299096496
ice_bath,Ice-bath immersion,300.0,4.0,vacuum,Vacuum (50 mbar pull-down),0.010475,Titratable_acidity,pH stability (no acid drift),0,1.0,1.0,1.0,0.0
ice_bath,Ice-bath immersion,300.0,4.0,vacuum,Vacuum (50 mbar pull-down),0.010475,Titratable_acidity,pH stability (no acid drift),2,0.9997124496259253,0.9985306095633618,0.9999312904074942,0.0014006808441323626
ice_bath,Ice-bath immersion,300.0,4.0,vacuum,Vacuum (50 mbar pull-down),0.010475,Titratable_acidity,pH stability (no acid drift),6,0.99968690714423,0.9985127940385422,0.9999004906558268,0.0013876966172845506
ice_bath,Ice-bath immersion,300.0,4.0,vacuum,Vacuum (50 mbar pull-down),0.010475,Titratable_acidity,pH stability (no acid drift),12,0.9996421036020298,0.998486086747593,0.999875120285714,0.0013890335381210317
ice_bath,Ice-bath immersion,300.0,4.0,vacuum,Vacuum (50 mbar pull-down),0.010475,Titratable_acidity,pH stability (no acid drift),24,0.9995586525671714,0.9984092415548068,0.9998243680392094,0.0014151264844025624
ice_bath,Ice-bath immersion,300.0,4.0,vacuum,Vacuum (50 mbar pull-down),0.010475,Titratable_acidity,pH stability (no acid drift),48,0.9994088357187552,0.9982558631794582,0.9997302405450617,0.0014743773656034076
ice_bath,Ice-bath immersion,300.0,4.0,vacuum,Vacuum (50 mbar pull-down),0.010475,Titratable_acidity,pH stability (no acid drift),72,0.9992531582106223,0.9980884201322203,0.999640249528344,0.0015518293961236385
plate_hx,"Plate heat exchanger, 10 s",10.0,4.0,vacuum,Vacuum (50 mbar pull-down),0.010475,Titratable_acidity,pH stability (no acid drift),0,1.0,1.0,1.0,0.0
plate_hx,"Plate heat exchanger, 10 s",10.0,4.0,vacuum,Vacuum (50 mbar pull-down),0.010475,Titratable_acidity,pH stability (no acid drift),2,0.9999789708997227,0.9999438509230696,0.999989975832482,4.612490941235947e-05
plate_hx,"Plate heat exchanger, 10 s",10.0,4.0,vacuum,Vacuum (50 mbar pull-down),0.010475,Titratable_acidity,pH stability (no acid drift),6,0.9999582899165668,0.9998904432987834,0.9999810595061325,9.061620734907017e-05
plate_hx,"Plate heat exchanger, 10 s",10.0,4.0,vacuum,Vacuum (50 mbar pull-down),0.010475,Titratable_acidity,pH stability (no acid drift),12,0.9999306370123289,0.9998023127601121,0.9999687561844295,0.00016644342431737513
plate_hx,"Plate heat exchanger, 10 s",10.0,4.0,vacuum,Vacuum (50 mbar pull-down),0.010475,Titratable_acidity,pH stability (no acid drift),24,0.9998756672633653,0.9996199165414037,0.9999463689770862,0.0003264524356825227
plate_hx,"Plate heat exchanger, 10 s",10.0,4.0,vacuum,Vacuum (50 mbar pull-down),0.010475,Titratable_acidity,pH stability (no acid drift),48,0.9997674878041077,0.999242054770459,0.9999097260610317,0.0006676712905726578
plate_hx,"Plate heat exchanger, 10 s",10.0,4.0,vacuum,Vacuum (50 mbar pull-down),0.010475,Titratable_acidity,pH stability (no acid drift),72,0.9996562458480809,0.9988646981634249,0.9998701796962044,0.001005481532779462
